Customer ID,Country,Recency,Monetary,Frequency
12346.0,United Kingdom,165,372.86,11
12347.0,Iceland,3,1323.32,2
12348.0,Finland,74,222.15999999999997,1
12349.0,Italy,43,2671.14,3
12351.0,Unspecified,11,300.93,1
12352.0,Norway,11,343.8,2
12353.0,Bahrain,44,317.76,1
12355.0,Bahrain,203,488.21000000000004,1
12356.0,Portugal,16,3562.25,3
12357.0,Switzerland,24,12079.99,2
12358.0,Austria,11,2719.01,3
12359.0,Cyprus,61,2563.36,6
12360.0,Austria,15,1590.83,5
12361.0,Belgium,98,321.35,3
12362.0,Belgium,374,130.0,1
12366.0,Cyprus,269,500.24,1
12368.0,Cyprus,264,917.7,1
12369.0,Austria,49,1791.15,3
12370.0,Austria,260,774.62,3
12371.0,Switzerland,45,2179.42,3
12373.0,Austria,260,763.0500000000001,2
12374.0,Austria,57,2246.29,3
12376.0,Switzerland,25,503.15,2
12377.0,Switzerland,17,1798.2,2
12378.0,Switzerland,198,1407.7,1
12379.0,Belgium,58,767.98,2
12380.0,Belgium,101,6951.49,7
12385.0,Belgium,15,1938.4,1
12386.0,Australia,2,258.90000000000003,1
12387.0,Australia,51,143.94,1
12388.0,Australia,81,1120.45,2
12389.0,Australia,38,1433.33,3
12391.0,Cyprus,100,2312.53,5
12392.0,Australia,227,234.75000000000003,1
12393.0,Australia,18,816.85,2
12395.0,Belgium,7,2048.64,4
12396.0,RSA,310,931.4300000000001,1
12399.0,Belgium,21,853.65,3
12400.0,Australia,50,205.25,1
12402.0,Belgium,28,1031.3,5
12403.0,Denmark,157,591.6600000000001,1
12404.0,Finland,318,63.24,1
12406.0,Denmark,35,2975.06,3
12408.0,Belgium,21,1452.22,3
12409.0,Switzerland,56,12346.62,4
12410.0,Switzerland,138,320.38,1
12411.0,Australia,45,346.9,1
12412.0,Denmark,38,1370.05,3
12413.0,Spain,38,241.35,1
12414.0,Austria,99,390.0,3
12415.0,Australia,11,19543.84,7
12416.0,Australia,292,202.56,1
12417.0,Belgium,46,3167.81,11
12418.0,Switzerland,49,1352.62,3
12419.0,Spain,21,503.01,2
12421.0,Spain,51,291.56,2
12422.0,Australia,30,4428.24,14
12423.0,Denmark,23,763.08,2
12424.0,Australia,58,1579.07,2
12425.0,Portugal,84,964.21,1
12426.0,Germany,298,762.48,1
12427.0,Germany,7,303.5,1
12429.0,Denmark,1,3735.51,5
12431.0,Belgium,9,4370.52,13
12433.0,Norway,2,7205.39,5
12434.0,Australia,17,297.29,1
12435.0,Denmark,32,6096.04,4
12437.0,France,31,7731.99,21
12439.0,Cyprus,318,1158.18,2
12440.0,Austria,98,859.2,2
12441.0,France,2,173.55,1
12443.0,Norway,368,485.31,1
12445.0,Spain,56,301.58000000000004,1
12449.0,Denmark,46,768.6,2
12450.0,Spain,35,490.32,3
12451.0,Switzerland,99,3634.36,3
12454.0,Spain,31,13151.44,4
12455.0,Cyprus,81,3413.09,4
12457.0,Switzerland,71,632.6800000000001,1
12458.0,Switzerland,63,830.09,2
12459.0,Spain,241,454.36,1
12460.0,Belgium,92,326.65,1
12466.0,France,318,56.73,1
12467.0,USA,59,132.8,1
12468.0,Germany,162,2941.2,3
12469.0,Thailand,158,3070.54,2
12470.0,Unspecified,325,211.95,1
12471.0,Germany,10,20139.74,49
12472.0,Germany,5,11308.48,13
12474.0,Germany,14,5048.66,13
12475.0,Germany,45,426.26,1
12476.0,Germany,32,7298.99,12
12477.0,Germany,35,7056.63,3
12480.0,Germany,35,2183.2200000000003,3
12481.0,Germany,1,6765.07,6
12482.0,Sweden,212,23691.4,29
12483.0,Sweden,14,2635.6,11
12484.0,Spain,119,1828.43,6
12485.0,Sweden,165,708.1,1
12486.0,Sweden,67,1037.28,1
12487.0,Sweden,366,285.3,1
12490.0,France,14,4405.71,11
12492.0,Germany,39,452.0,1
12494.0,France,1,626.77,3
12495.0,Sweden,276,357.4,1
12496.0,Spain,256,54.09,2
12497.0,Germany,36,5205.400000000001,2
12499.0,Germany,196,393.72,1
12500.0,Germany,71,1697.39,8
12503.0,Spain,220,1126.0,1
12504.0,Germany,53,297.0,2
12505.0,Italy,44,955.2,1
12507.0,Spain,220,539.25,1
12510.0,Spain,95,4195.45,7
12511.0,Greece,64,3084.02,1
12514.0,Italy,277,580.08,1
12516.0,Germany,66,1336.56,2
12519.0,Germany,112,385.70000000000005,1
12523.0,France,10,2582.38,12
12524.0,Germany,24,6640.39,9
12525.0,France,134,973.73,3
12527.0,Germany,130,386.8,2
12529.0,France,164,316.48,1
12530.0,Germany,51,2096.98,5
12531.0,Germany,322,1807.98,1
12533.0,Germany,263,1367.89,2
12537.0,Sweden,44,732.94,1
12538.0,Spain,14,276.5,1
12539.0,Spain,86,5646.400000000001,3
12540.0,Spain,14,8854.25,16
12542.0,Spain,120,481.88,2
12543.0,Spain,84,980.25,1
12547.0,Spain,136,175.78,1
12549.0,USA,211,1575.68,6
12553.0,France,21,916.47,2
12554.0,Spain,84,468.5,1
12555.0,Spain,318,129.23,1
12557.0,Spain,7,6725.18,4
12562.0,France,21,1185.18,2
12563.0,Italy,44,249.24,1
12567.0,France,3,4308.58,7
12568.0,Germany,280,70.0,1
12570.0,Spain,318,77.52,1
12573.0,France,17,556.87,4
12575.0,France,93,622.82,2
12576.0,Poland,28,826.89,3
12577.0,France,17,995.9499999999999,5
12578.0,Italy,21,1847.94,2
12580.0,Germany,212,637.2,1
12582.0,Finland,58,1469.04,2
12583.0,France,9,7166.06,13
12586.0,Italy,10,1865.73,3
12588.0,Finland,35,743.88,3
12589.0,France,57,4048.98,6
12591.0,Italy,26,899.3,2
12592.0,Germany,155,2145.06,3
12594.0,Italy,14,1751.89,5
12595.0,Germany,140,299.02,1
12598.0,France,99,1511.01,3
12599.0,France,17,1264.14,6
12600.0,Germany,7,2444.88,12
12601.0,Germany,40,104.2,1
12605.0,Germany,12,1232.95,4
12606.0,Spain,318,21.0,1
12608.0,United Kingdom,40,415.79,1
12609.0,Germany,10,2309.01,6
12613.0,Germany,24,3490.69,5
12615.0,France,49,3449.79,4
12616.0,France,24,417.8,1
12619.0,Germany,196,140.14,1
12621.0,Germany,1,11086.14,16
12623.0,Germany,52,3442.7400000000002,6
12625.0,Germany,145,2481.06,2
12629.0,Sweden,21,1558.22,2
12631.0,Finland,92,2841.07,5
12632.0,Germany,156,804.88,2
12633.0,Germany,18,3514.18,3
12634.0,USA,171,490.0,2
12635.0,Germany,28,1241.23,2
12636.0,USA,374,141.0,1
12637.0,France,14,2318.41,4
12638.0,Sweden,275,249.8,1
12639.0,Sweden,70,826.27,2
12643.0,France,21,5005.78,6
12644.0,Germany,66,1440.58,3
12645.0,Germany,45,1764.12,4
12647.0,Germany,3,14201.53,27
12648.0,Germany,73,793.95,3
12649.0,Germany,18,1671.14,5
12651.0,France,14,263.75,3
12652.0,Germany,70,97.05000000000001,1
12653.0,Israel,162,1950.98,1
12655.0,France,59,261.35,1
12656.0,France,61,2356.66,3
12661.0,Sweden,72,162.0,1
12662.0,Germany,9,3138.2400000000002,10
12663.0,Germany,260,239.4,2
12664.0,Finland,150,1188.16,2
12665.0,Germany,53,250.6,2
12666.0,Israel,30,1248.42,1
12668.0,Germany,14,7637.53,6
12670.0,France,21,764.24,2
12671.0,Germany,242,2622.481,1
12672.0,France,231,211.15,1
12673.0,Germany,37,619.5,1
12675.0,Italy,189,958.5,2
12676.0,Sweden,44,1511.7,5
12677.0,France,191,395.1,2
12678.0,France,11,16652.72,9
12681.0,France,3,17080.74,24
12682.0,France,1,11745.69,23
12683.0,France,1,4220.21,8
12686.0,France,7,89.14,1
12687.0,Sweden,116,2138.91,2
12691.0,France,56,134.6,1
12692.0,France,273,110.95,1
12693.0,Germany,32,847.11,3
12694.0,France,57,973.68,1
12695.0,France,164,825.02,3
12696.0,Finland,70,851.91,2
12698.0,Germany,226,339.75,1
12699.0,Germany,53,638.11,1
12701.0,Germany,165,1648.7,4
12703.0,Germany,269,722.98,3
12705.0,Germany,19,4893.81,5
12708.0,Germany,4,2601.19,9
12709.0,Germany,2,21356.82,20
12711.0,Germany,247,1339.05,2
12712.0,Germany,1,2797.53,10
12714.0,France,24,9384.85,7
12717.0,Greece,226,277.93,1
12720.0,Germany,5,2478.94,6
12721.0,France,21,1356.95,2
12724.0,France,19,1286.11,3
12725.0,Italy,7,2266.76,4
12726.0,France,23,1405.5,4
12727.0,France,78,1698.8300000000002,3
12728.0,France,19,233.84,1
12730.0,Germany,157,829.25,1
12731.0,France,78,6879.8,5
12733.0,USA,25,2040.92,3
12734.0,France,10,529.25,2
12737.0,France,134,3710.5,2
12738.0,Germany,8,155.35,1
12739.0,United Arab Emirates,21,1713.69,2
12741.0,USA,165,406.07,2
12742.0,United Arab Emirates,261,1201.52,1
12744.0,Singapore,95,4037.77,4
12745.0,EIRE,122,925.41,3
12746.0,United Kingdom,176,254.55,1
12747.0,United Kingdom,5,5080.53,16
12748.0,United Kingdom,1,22879.66,144
12749.0,United Kingdom,35,2806.48,4
12751.0,Brazil,80,268.27,1
12755.0,Japan,1,5218.71,10
12758.0,Portugal,95,7111.650000000001,5
12759.0,Netherlands,22,3489.3,5
12760.0,Netherlands,91,347.8,1
12761.0,Netherlands,93,782.95,2
12763.0,Japan,5,320.08,1
12765.0,Netherlands,108,1404.58,6
12766.0,Portugal,2,3078.65,3
12767.0,Korea,11,949.82,1
12768.0,Korea,86,168.69,1
12770.0,Japan,92,1895.0,1
12771.0,Portugal,121,282.3,1
12773.0,Portugal,200,124.25,1
12774.0,Netherlands,171,98.7,1
12775.0,Netherlands,24,300.08000000000004,2
12776.0,Portugal,303,55.5,1
12777.0,United Kingdom,93,519.45,1
12778.0,Netherlands,32,953.4499999999999,3
12779.0,Poland,7,2740.91,7
12780.0,Netherlands,234,337.4,1
12782.0,Portugal,10,2287.32,6
12784.0,Portugal,165,1230.33,1
12785.0,Portugal,171,788.45,2
12786.0,Netherlands,245,728.5000000000001,1
12787.0,Netherlands,49,398.52,1
12788.0,Netherlands,99,444.90000000000003,4
12789.0,Netherlands,148,181.5,2
12790.0,Netherlands,46,266.93,1
12791.0,Netherlands,9,863.51,6
12792.0,Portugal,170,426.47,1
12793.0,Portugal,7,471.85,2
12796.0,Netherlands,264,381.0,1
12797.0,Portugal,1,552.08,2
12798.0,Japan,57,1533.89,1
12799.0,Japan,165,219.35,1
12800.0,Portugal,106,584.25,3
12801.0,Sweden,136,1071.82,1
12802.0,Netherlands,78,1988.84,6
12803.0,Netherlands,29,1092.81,1
12804.0,Netherlands,101,327.02,2
12805.0,Netherlands,17,1434.95,4
12806.0,Netherlands,71,2878.96,4
12807.0,Sweden,19,330.35,1
12808.0,Portugal,4,422.45,3
12809.0,Portugal,201,1266.63,2
12810.0,Japan,170,534.99,2
12811.0,Portugal,14,519.0500000000001,2
12813.0,Netherlands,137,1687.8,3
12817.0,Austria,35,524.94,2
12819.0,United Kingdom,94,540.52,1
12820.0,United Kingdom,33,1747.18,7
12821.0,United Kingdom,247,128.08,1
12823.0,United Kingdom,30,4742.0,13
12825.0,United Kingdom,157,518.63,2
12826.0,United Kingdom,1,1481.03,6
12829.0,United Kingdom,186,92.3,1
12831.0,United Kingdom,99,236.06,2
12835.0,United Kingdom,63,6043.31,41
12836.0,United Kingdom,25,3972.76,11
12837.0,United Kingdom,205,554.31,1
12838.0,United Kingdom,9,2715.35,9
12839.0,United Kingdom,3,4480.31,13
12840.0,United Kingdom,73,1315.2,3
12841.0,United Kingdom,5,3518.33,17
12842.0,United Kingdom,40,799.0,2
12843.0,United Kingdom,18,4886.15,22
12844.0,United Kingdom,78,322.64,2
12846.0,United Kingdom,318,15.58,1
12847.0,United Kingdom,23,765.36,1
12848.0,United Kingdom,311,208.0,1
12849.0,United Kingdom,17,2039.67,4
12850.0,United Kingdom,81,330.0,1
12851.0,United Kingdom,113,148.95,1
12853.0,United Kingdom,63,1950.4,5
12854.0,United Kingdom,197,1669.52,4
12855.0,United Kingdom,8,612.84,4
12857.0,United Kingdom,72,2581.6,4
12858.0,United Kingdom,19,177.92,1
12859.0,United Kingdom,94,575.1,1
12860.0,United Kingdom,329,55.47,1
12861.0,United Kingdom,255,68.25,1
12862.0,United Kingdom,61,1008.32,2
12863.0,United Kingdom,15,2271.35,5
12864.0,United Kingdom,144,152.45,1
12865.0,Austria,14,1755.24,2
12866.0,Belgium,110,668.23,2
12867.0,United Kingdom,33,3876.47,6
12868.0,United Kingdom,9,640.0,3
12869.0,United Kingdom,317,337.66999999999996,1
12870.0,United Kingdom,11,1676.95,3
12871.0,United Kingdom,75,363.38,1
12872.0,United Kingdom,1,3085.52,11
12873.0,United Kingdom,33,1653.3,2
12874.0,Belgium,21,948.42,2
12875.0,United Kingdom,107,1013.7600000000001,3
12876.0,Belgium,30,1863.77,2
12877.0,United Kingdom,37,1419.4,8
12880.0,United Kingdom,17,640.13,2
12887.0,United Kingdom,19,222.4,1
12889.0,United Kingdom,17,385.46000000000004,4
12890.0,United Kingdom,23,336.8,1
12891.0,United Kingdom,94,509.5,8
12892.0,United Kingdom,32,263.38,1
12894.0,United Kingdom,211,157.35,1
12897.0,United Kingdom,17,297.75,2
12898.0,United Kingdom,99,310.96,2
12899.0,United Kingdom,49,366.4,1
12900.0,United Kingdom,58,340.33000000000004,1
12903.0,United Kingdom,64,833.5300000000001,1
12905.0,United Kingdom,212,1018.42,2
12907.0,United Kingdom,31,508.91,2
12908.0,United Kingdom,16,1026.0,3
12909.0,United Kingdom,60,924.52,3
12910.0,United Kingdom,15,2721.48,5
12911.0,United Kingdom,187,1680.47,1
12913.0,United Kingdom,4,4217.23,9
12914.0,United Kingdom,36,223.98,1
12915.0,United Kingdom,8,811.1,3
12916.0,United Kingdom,78,1647.8700000000001,3
12917.0,United Kingdom,36,3765.2,5
12918.0,United Kingdom,262,10953.5,1
12920.0,United Kingdom,207,323.86,3
12921.0,United Kingdom,2,19333.95,39
12923.0,United Kingdom,26,612.9,2
12924.0,United Kingdom,29,1535.7,8
12925.0,United Kingdom,228,35.28,1
12926.0,United Kingdom,47,1548.46,4
12927.0,United Kingdom,30,197.31,1
12928.0,United Kingdom,14,2242.19,7
12931.0,United Kingdom,16,50291.38,42
12932.0,United Kingdom,175,1698.56,8
12933.0,United Kingdom,16,1079.5,5
12934.0,United Kingdom,372,181.65,1
12935.0,United Kingdom,11,2083.16,8
12937.0,United Kingdom,99,1593.34,5
12939.0,United Kingdom,15,13683.0,12
12941.0,United Kingdom,360,377.49,1
12942.0,United Kingdom,1,258.75,1
12943.0,United Kingdom,194,496.5,2
12945.0,United Kingdom,292,437.16,1
12946.0,United Kingdom,72,324.45,1
12947.0,United Kingdom,9,304.04,1
12948.0,United Kingdom,366,252.48,2
12949.0,United Kingdom,18,11359.48,14
12951.0,United Kingdom,22,2149.65,9
12953.0,United Kingdom,158,498.96,1
12954.0,United Kingdom,274,162.45,1
12956.0,United Kingdom,320,413.82,3
12957.0,United Kingdom,177,4689.43,5
12958.0,United Kingdom,36,539.49,2
12959.0,United Kingdom,120,150.95,1
12960.0,United Kingdom,49,1322.0700000000002,4
12961.0,United Kingdom,15,211.99,1
12963.0,United Kingdom,1,1744.96,5
12964.0,United Kingdom,73,132.24,1
12967.0,United Kingdom,7,2646.02,2
12969.0,United Kingdom,238,122.45,1
12970.0,United Kingdom,16,1072.73,6
12971.0,United Kingdom,2,4782.88,33
12972.0,United Kingdom,49,1161.2,4
12973.0,United Kingdom,49,385.55,1
12974.0,United Kingdom,201,264.15,1
12975.0,United Kingdom,72,2100.09,6
12976.0,United Kingdom,14,2417.78,7
12977.0,United Kingdom,137,478.39,3
12978.0,United Kingdom,21,2502.82,5
12979.0,United Arab Emirates,365,517.7,1
12980.0,United Kingdom,22,8870.880000000001,12
12982.0,United Kingdom,30,2354.27,7
12983.0,United Kingdom,234,490.08,1
12986.0,United Kingdom,64,2729.84,10
12987.0,United Kingdom,56,753.51,3
12989.0,United Kingdom,60,6627.64,18
12990.0,United Kingdom,53,546.0,4
12991.0,United Kingdom,25,261.06,1
12992.0,United Kingdom,361,93.35,1
12993.0,United Kingdom,81,844.87,4
12996.0,United Kingdom,11,355.5,1
12997.0,United Kingdom,30,884.02,4
12998.0,United Kingdom,128,920.08,3
13000.0,United Kingdom,361,497.65,1
13001.0,United Kingdom,40,14353.28,20
13002.0,United Kingdom,52,293.18,2
13004.0,United Kingdom,22,5994.94,18
13005.0,United Kingdom,67,485.98,2
13007.0,United Kingdom,215,175.25,1
13008.0,United Kingdom,33,382.66,2
13009.0,United Kingdom,308,234.0,1
13010.0,United Kingdom,10,330.12,2
13011.0,United Kingdom,8,50.550000000000004,1
13012.0,United Kingdom,65,1310.99,3
13013.0,United Kingdom,7,7814.83,18
13014.0,United Kingdom,68,1914.8,1
13015.0,United Kingdom,74,3240.14,6
13018.0,United Kingdom,49,2485.46,7
13019.0,United Kingdom,15,1229.95,6
13020.0,United Kingdom,198,618.96,2
13021.0,United Kingdom,10,2270.86,8
13022.0,Belgium,65,65.3,1
13023.0,United Kingdom,164,759.13,1
13024.0,United Kingdom,106,555.87,2
13025.0,United Kingdom,367,323.39,1
13026.0,United Kingdom,124,757.72,4
13027.0,United Kingdom,21,10423.2,13
13029.0,United Kingdom,10,679.8,2
13030.0,United Kingdom,4,427.74,1
13031.0,United Kingdom,43,3419.27,5
13032.0,United Kingdom,28,1833.3700000000001,7
13033.0,United Kingdom,65,30.0,1
13034.0,United Kingdom,5,279.91,2
13035.0,United Kingdom,67,442.32,1
13036.0,United Kingdom,320,307.1,1
13037.0,United Kingdom,35,3033.88,9
13039.0,United Kingdom,220,1010.73,4
13041.0,United Kingdom,86,799.13,4
13042.0,United Kingdom,234,1556.54,3
13044.0,United Kingdom,128,4293.43,10
13045.0,United Kingdom,37,503.64,2
13046.0,United Kingdom,92,319.94,1
13047.0,United Kingdom,9,5557.62,17
13048.0,United Kingdom,72,2248.3,5
13049.0,United Kingdom,25,751.5600000000001,2
13050.0,United Kingdom,2,6507.67,19
13051.0,United Kingdom,214,155.8,2
13052.0,United Kingdom,56,2820.38,6
13053.0,United Kingdom,257,127.65,1
13055.0,United Kingdom,65,1106.7,1
13056.0,United Kingdom,187,209.48,1
13057.0,United Kingdom,166,722.09,3
13059.0,United Kingdom,49,2119.77,9
13063.0,United Kingdom,116,188.4,1
13064.0,United Kingdom,186,561.25,2
13065.0,United Kingdom,9,1055.05,5
13067.0,United Kingdom,45,393.05,2
13069.0,United Kingdom,5,5247.01,16
13070.0,United Kingdom,95,522.9,3
13071.0,United Kingdom,248,129.22,1
13073.0,United Kingdom,47,418.08,2
13074.0,United Kingdom,147,1378.74,4
13076.0,United Kingdom,93,135.4,1
13077.0,United Kingdom,2,2335.4,8
13078.0,United Kingdom,2,16904.51,32
13079.0,United Kingdom,53,199.08,1
13080.0,United Kingdom,37,222.65,3
13081.0,United Kingdom,7,30867.77,19
13082.0,United Kingdom,60,3722.12,12
13083.0,United Kingdom,61,91.67999999999999,1
13084.0,United Kingdom,127,122.39999999999999,1
13085.0,United Kingdom,315,2017.2,6
13086.0,United Kingdom,18,439.33000000000004,1
13087.0,United Kingdom,362,313.64,1
13088.0,United Kingdom,53,236.11,1
13089.0,United Kingdom,4,57912.03,109
13090.0,United Kingdom,1,5192.27,13
13091.0,United Kingdom,365,1976.0,2
13092.0,United Kingdom,50,1662.45,7
13093.0,United Kingdom,9,47111.18,48
13094.0,United Kingdom,4,505.80000000000007,2
13096.0,United Kingdom,30,419.7000000000001,1
13097.0,United Kingdom,24,7378.8,18
13101.0,United Kingdom,134,594.21,3
13102.0,United Kingdom,1,5272.83,14
13103.0,United Kingdom,73,465.70000000000005,2
13104.0,United Kingdom,51,610.62,3
13105.0,United Kingdom,72,72.0,1
13106.0,United Kingdom,49,526.96,1
13107.0,United Kingdom,49,3721.45,5
13108.0,United Kingdom,8,748.46,2
13109.0,United Kingdom,187,347.49,1
13110.0,United Kingdom,73,1468.8,5
13111.0,United Kingdom,354,321.88000000000005,1
13112.0,United Kingdom,177,20.599999999999998,1
13113.0,United Kingdom,2,6379.7699999999995,14
13114.0,United Kingdom,366,234.38,1
13115.0,United Kingdom,15,3199.92,6
13117.0,United Kingdom,1,1658.9,12
13118.0,United Kingdom,12,1217.6,4
13119.0,United Kingdom,304,134.9,1
13123.0,United Kingdom,108,506.75,2
13124.0,United Kingdom,21,916.12,1
13125.0,United Kingdom,159,158.57,1
13126.0,United Kingdom,2,1898.61,7
13128.0,United Kingdom,267,263.5,1
13129.0,United Kingdom,88,233.25,2
13131.0,United Kingdom,54,2240.4700000000003,4
13133.0,United Kingdom,95,90.65,1
13134.0,United Kingdom,38,681.65,2
13135.0,United Kingdom,127,275.45,1
13136.0,United Kingdom,11,3666.9500000000003,8
13137.0,United Kingdom,22,4062.29,8
13138.0,United Kingdom,8,504.85,2
13139.0,United Kingdom,73,3138.04,1
13140.0,United Kingdom,2,791.96,3
13141.0,United Kingdom,21,5279.83,12
13143.0,United Kingdom,220,405.1,1
13144.0,United Kingdom,67,24.4,1
13145.0,United Kingdom,8,805.0,4
13148.0,United Kingdom,25,4914.6900000000005,14
13150.0,United Kingdom,120,449.96999999999997,3
13151.0,United Kingdom,261,1322.8700000000001,2
13152.0,United Kingdom,53,2146.38,7
13154.0,United Kingdom,35,1624.84,3
13155.0,United Kingdom,4,778.4200000000001,3
13156.0,United Kingdom,21,1586.54,3
13157.0,United Kingdom,45,3946.14,5
13158.0,United Kingdom,24,307.12,1
13161.0,United Kingdom,136,366.13,1
13162.0,United Kingdom,16,7587.2,12
13163.0,United Kingdom,246,17.65,1
13164.0,United Kingdom,205,372.2,2
13165.0,United Kingdom,49,429.68,1
13166.0,United Kingdom,50,466.98,1
13167.0,United Kingdom,26,333.82,1
13168.0,United Kingdom,178,556.12,1
13169.0,United Kingdom,198,127.2,1
13172.0,United Kingdom,36,69.6,1
13173.0,United Kingdom,3,2285.7,10
13174.0,United Kingdom,5,6677.81,10
13175.0,United Kingdom,218,831.45,2
13177.0,United Kingdom,66,229.75,1
13178.0,United Kingdom,33,8333.72,10
13179.0,United Kingdom,254,572.3100000000001,1
13180.0,United Kingdom,243,86.10000000000001,1
13181.0,United Kingdom,17,359.69,1
13183.0,United Kingdom,30,3078.4,6
13187.0,United Kingdom,260,130.99,3
13190.0,United Kingdom,180,570.66,3
13191.0,United Kingdom,294,164.69,1
13192.0,United Kingdom,171,1646.64,4
13194.0,United Kingdom,57,412.08,1
13195.0,United Kingdom,50,172.38,1
13196.0,United Kingdom,79,1271.06,3
13197.0,United Kingdom,245,373.01000000000005,1
13198.0,United Kingdom,23,1572.99,2
13199.0,United Kingdom,2,6615.77,30
13201.0,United Kingdom,138,1240.61,4
13202.0,United Kingdom,30,1580.3,7
13203.0,United Kingdom,22,1778.79,6
13204.0,United Kingdom,367,966.6600000000001,1
13205.0,United Kingdom,79,2803.2,1
13206.0,United Kingdom,36,8377.32,13
13207.0,United Kingdom,87,285.6,2
13208.0,United Kingdom,85,764.6,3
13209.0,United Kingdom,150,2617.9,5
13211.0,United Kingdom,17,1531.9,7
13213.0,United Kingdom,19,2330.94,6
13214.0,United Kingdom,53,3264.23,7
13215.0,United Kingdom,38,81.6,1
13217.0,United Kingdom,291,132.5,1
13219.0,United Kingdom,254,76.23,1
13220.0,United Kingdom,211,516.8,1
13222.0,United Kingdom,213,88.5,1
13223.0,United Kingdom,59,805.92,4
13225.0,United Kingdom,57,9796.23,9
13226.0,United Kingdom,29,204.25,1
13230.0,United Kingdom,1,3553.81,17
13233.0,United Kingdom,56,571.34,2
13234.0,United Kingdom,308,356.95,2
13237.0,United Kingdom,23,643.0,1
13238.0,United Kingdom,66,305.9,2
13239.0,United Kingdom,73,1265.1299999999999,4
13240.0,United Kingdom,1,1074.8700000000001,5
13241.0,United Kingdom,47,115.58,1
13242.0,United Kingdom,87,429.0,4
13243.0,United Kingdom,85,677.97,4
13245.0,United Kingdom,68,558.72,1
13246.0,United Kingdom,29,1400.13,5
13249.0,United Kingdom,37,897.52,6
13250.0,United Kingdom,96,256.04,2
13251.0,United Kingdom,38,252.68,1
13252.0,United Kingdom,30,399.3,2
13253.0,United Kingdom,66,1920.71,2
13254.0,United Kingdom,12,51.41,1
13255.0,United Kingdom,9,504.95,2
13257.0,United Kingdom,72,149.75,1
13258.0,United Kingdom,15,336.59999999999997,2
13259.0,United Kingdom,33,1141.06,8
13262.0,United Kingdom,25,373.16,2
13263.0,United Kingdom,29,1250.6200000000001,4
13264.0,United Kingdom,78,722.5600000000001,1
13266.0,United Kingdom,49,2300.78,7
13267.0,United Kingdom,2,5236.77,18
13269.0,United Kingdom,5,3545.47,14
13270.0,United Kingdom,2,590.0,1
13274.0,United Kingdom,45,360.85,1
13275.0,United Kingdom,19,241.66,2
13276.0,United Kingdom,33,1348.33,3
13277.0,United Kingdom,16,264.9,3
13278.0,United Kingdom,35,893.12,3
13280.0,United Kingdom,15,1507.77,4
13281.0,United Kingdom,75,350.85,1
13282.0,United Kingdom,42,181.05,1
13283.0,United Kingdom,203,279.7,2
13285.0,United Kingdom,236,655.47,2
13286.0,United Kingdom,236,734.91,1
13287.0,United Kingdom,239,781.59,3
13288.0,United Kingdom,79,927.61,5
13289.0,United Kingdom,359,307.95,1
13290.0,United Kingdom,74,208.63,1
13291.0,United Kingdom,50,2959.73,10
13292.0,United Kingdom,51,415.57,3
13293.0,United Kingdom,28,1192.94,6
13294.0,United Kingdom,282,815.79,1
13295.0,United Kingdom,12,900.77,3
13296.0,United Kingdom,59,705.11,5
13297.0,United Kingdom,21,2278.77,3
13299.0,United Kingdom,59,1076.2,2
13300.0,United Kingdom,24,913.62,2
13302.0,United Kingdom,162,95.45,1
13303.0,United Kingdom,36,61.72,1
13304.0,United Kingdom,91,917.57,3
13305.0,United Kingdom,8,1753.85,7
13306.0,United Kingdom,66,53.65,1
13307.0,United Kingdom,123,258.34,2
13308.0,United Kingdom,232,284.86,1
13309.0,United Kingdom,28,249.58,1
13310.0,United Kingdom,16,409.17,2
13312.0,United Kingdom,87,124.75,1
13313.0,United Kingdom,115,1890.0,7
13315.0,United Kingdom,325,310.26000000000005,1
13316.0,United Kingdom,28,7213.84,6
13317.0,United Kingdom,21,4212.411,13
13319.0,United Kingdom,1,11236.95,34
13320.0,United Kingdom,70,679.4,2
13324.0,United Kingdom,64,3391.52,8
13326.0,United Kingdom,68,281.76,1
13327.0,United Kingdom,1,6251.71,14
13329.0,United Kingdom,2,4323.97,7
13330.0,United Kingdom,91,1665.25,3
13331.0,United Kingdom,37,262.4,1
13333.0,United Kingdom,47,1015.74,3
13334.0,United Kingdom,172,2726.93,2
13337.0,United Kingdom,182,1575.26,1
13338.0,United Kingdom,177,1958.6,3
13340.0,United Kingdom,53,11364.08,5
13346.0,United Kingdom,98,299.4,6
13357.0,United Kingdom,130,3228.41,4
13359.0,United Kingdom,39,603.75,1
13360.0,United Kingdom,67,1553.65,4
13361.0,United Kingdom,108,1450.5,2
13362.0,United Kingdom,14,2303.33,3
13363.0,United Kingdom,45,731.36,1
13367.0,United Kingdom,67,510.2,1
13368.0,United Kingdom,50,498.1,2
13369.0,United Kingdom,1,308.28000000000003,1
13370.0,United Kingdom,7,754.87,1
13371.0,United Kingdom,141,2297.66,2
13373.0,United Kingdom,51,4274.94,3
13374.0,United Kingdom,50,422.8,2
13375.0,United Kingdom,80,1013.58,1
13377.0,United Kingdom,32,1552.88,2
13380.0,United Kingdom,68,62.4,1
13381.0,United Kingdom,15,4585.06,6
13382.0,United Kingdom,64,1164.5900000000001,4
13383.0,United Kingdom,179,305.28000000000003,1
13384.0,United Kingdom,26,2528.9,4
13386.0,United Kingdom,50,835.46,2
13387.0,United Kingdom,53,189.44,1
13388.0,United Kingdom,239,508.55,1
13392.0,United Kingdom,313,91.14,1
13393.0,United Kingdom,219,1131.45,4
13394.0,United Kingdom,15,4101.68,11
13395.0,United Kingdom,36,872.51,2
13397.0,United Kingdom,73,1647.74,5
13398.0,United Kingdom,84,213.0,1
13399.0,United Kingdom,100,275.4,3
13400.0,United Kingdom,218,310.83,1
13402.0,United Kingdom,8,913.9,3
13403.0,United Kingdom,23,154.5,2
13405.0,United Kingdom,117,641.36,3
13406.0,United Kingdom,63,568.92,2
13407.0,United Kingdom,214,2244.7,3
13408.0,United Kingdom,7,23616.422,46
13410.0,United Kingdom,29,1198.9,4
13412.0,United Kingdom,256,487.35,1
13413.0,United Kingdom,275,429.44,6
13414.0,United Kingdom,99,1103.64,3
13415.0,United Kingdom,108,800.67,4
13416.0,United Kingdom,372,228.3,1
13417.0,United Kingdom,183,1028.66,4
13418.0,United Kingdom,8,6106.17,15
13421.0,United Kingdom,42,2252.04,6
13423.0,United Kingdom,64,217.03,1
13424.0,United Kingdom,85,572.77,1
13425.0,United Kingdom,144,1779.42,2
13426.0,United Kingdom,18,4526.06,12
13427.0,United Kingdom,113,423.93,3
13428.0,United Kingdom,150,281.51,2
13431.0,United Kingdom,42,2047.14,6
13432.0,United Kingdom,207,439.1,2
13433.0,United Kingdom,137,658.32,4
13434.0,United Kingdom,21,1132.6200000000001,3
13435.0,United Kingdom,12,665.34,2
13438.0,United Kingdom,183,46.5,1
13439.0,United Kingdom,24,702.9,2
13440.0,United Kingdom,59,1295.25,7
13441.0,United Kingdom,67,424.26,1
13442.0,United Kingdom,303,419.87,3
13443.0,United Kingdom,84,1280.16,6
13444.0,United Kingdom,10,631.68,2
13445.0,United Kingdom,262,241.89999999999998,1
13446.0,United Kingdom,66,3881.89,11
13448.0,United Kingdom,9,5701.5,9
13450.0,United Kingdom,10,2076.32,7
13451.0,United Kingdom,17,4214.77,6
13452.0,United Kingdom,108,139.8,1
13453.0,United Kingdom,38,424.71,1
13454.0,United Kingdom,277,219.87,1
13455.0,United Kingdom,2,1847.5900000000001,5
13457.0,United Kingdom,324,148.22,2
13458.0,United Kingdom,15,2312.7000000000003,2
13459.0,United Kingdom,260,1160.41,2
13461.0,United Kingdom,43,2715.0,3
13462.0,United Kingdom,46,1002.35,4
13464.0,United Kingdom,30,2422.96,5
13465.0,United Kingdom,82,931.12,2
13466.0,United Kingdom,44,705.45,4
13468.0,United Kingdom,4,7685.54,38
13469.0,United Kingdom,289,82.4,1
13472.0,United Kingdom,99,592.24,2
13473.0,United Kingdom,210,2235.12,6
13474.0,United Kingdom,79,434.2,2
13476.0,United Kingdom,42,823.0,3
13477.0,United Kingdom,91,1379.5900000000001,5
13478.0,United Kingdom,105,2215.78,5
13479.0,United Kingdom,88,550.42,2
13480.0,United Kingdom,52,627.82,2
13481.0,United Kingdom,10,2026.28,6
13482.0,United Kingdom,263,151.45,1
13484.0,United Kingdom,19,476.92,2
13485.0,United Kingdom,12,2564.98,10
13487.0,United Kingdom,141,271.47,2
13488.0,United Kingdom,3,6619.57,11
13490.0,United Kingdom,290,154.25,1
13491.0,United Kingdom,8,3350.7400000000002,18
13495.0,United Kingdom,4,3329.39,6
13497.0,United Kingdom,4,972.2800000000001,5
13498.0,United Kingdom,366,327.38,1
13500.0,United Kingdom,37,299.53,1
13501.0,Switzerland,122,1544.79,2
13502.0,United Kingdom,51,488.5,2
13503.0,United Kingdom,115,1688.54,5
13506.0,United Kingdom,5,1180.68,4
13508.0,United Kingdom,278,176.07999999999998,1
13509.0,United Kingdom,143,135.0,1
13510.0,United Kingdom,11,2766.73,7
13511.0,United Kingdom,312,282.76,1
13512.0,United Kingdom,23,462.18,3
13513.0,United Kingdom,77,619.49,2
13514.0,United Kingdom,64,663.7,3
13515.0,United Kingdom,85,374.7,2
13516.0,United Kingdom,53,295.85,1
13519.0,United Kingdom,78,220.46,1
13520.0,Switzerland,7,3285.05,6
13523.0,United Kingdom,2,1136.64,2
13526.0,United Kingdom,374,1182.0,2
13527.0,United Kingdom,54,2396.23,5
13530.0,United Kingdom,270,402.98,1
13531.0,United Kingdom,2,1254.72,5
13534.0,United Kingdom,15,1850.82,10
13535.0,United Kingdom,38,89.5,1
13537.0,United Kingdom,61,717.85,2
13538.0,United Kingdom,32,1831.88,5
13539.0,United Kingdom,56,938.02,4
13540.0,United Kingdom,103,632.39,3
13541.0,United Kingdom,63,785.25,2
13542.0,United Kingdom,12,4006.17,17
13543.0,United Kingdom,270,1439.61,2
13544.0,United Kingdom,47,537.59,4
13545.0,United Kingdom,26,374.64,2
13546.0,United Kingdom,18,465.15,2
13547.0,United Kingdom,44,175.53,1
13548.0,United Kingdom,107,226.57999999999998,1
13549.0,United Kingdom,23,87.6,1
13550.0,United Kingdom,19,349.51,1
13551.0,United Kingdom,302,152.39999999999998,1
13552.0,United Kingdom,64,3238.85,10
13553.0,United Kingdom,310,517.8,1
13554.0,United Kingdom,16,1638.28,7
13555.0,United Kingdom,14,4849.91,9
13556.0,United Kingdom,65,200.82,2
13557.0,United Kingdom,51,2448.2,11
13559.0,United Kingdom,148,990.0,2
13561.0,United Kingdom,33,1678.86,10
13562.0,United Kingdom,37,3038.85,5
13564.0,United Kingdom,4,15500.53,35
13565.0,United Kingdom,47,174.57999999999998,1
13566.0,United Kingdom,70,833.41,3
13567.0,United Kingdom,64,1083.69,4
13569.0,United Kingdom,3,520.03,3
13571.0,United Kingdom,18,2454.2200000000003,14
13573.0,United Kingdom,15,622.07,4
13574.0,United Kingdom,47,421.25,1
13576.0,United Kingdom,9,4834.4,11
13577.0,United Kingdom,18,1801.68,7
13578.0,United Kingdom,45,147.66,1
13579.0,United Kingdom,5,1072.0,4
13580.0,United Kingdom,42,107.75,1
13581.0,United Kingdom,50,162.53,1
13582.0,United Kingdom,25,241.68,2
13583.0,United Kingdom,315,664.001,1
13584.0,United Kingdom,134,250.05,2
13585.0,United Kingdom,166,684.54,3
13586.0,United Kingdom,177,131.53,1
13587.0,United Kingdom,85,961.1,3
13589.0,United Kingdom,85,741.09,4
13590.0,United Kingdom,11,4367.67,12
13591.0,United Kingdom,71,976.81,4
13593.0,United Kingdom,23,3486.61,9
13594.0,United Kingdom,121,136.35000000000002,1
13595.0,United Kingdom,152,818.22,3
13597.0,United Kingdom,36,396.71,2
13598.0,United Kingdom,131,609.42,4
13599.0,United Kingdom,2,5013.96,14
13600.0,United Kingdom,270,298.9,1
13601.0,United Kingdom,28,491.82,2
13602.0,United Kingdom,17,596.28,3
13604.0,United Kingdom,294,717.62,1
13605.0,United Kingdom,23,522.67,2
13607.0,United Kingdom,38,400.3,1
13608.0,United Kingdom,176,236.2,1
13609.0,United Kingdom,229,167.35,1
13610.0,United Kingdom,23,1044.0,7
13611.0,United Kingdom,10,2147.73,7
13612.0,United Kingdom,268,818.29,1
13613.0,United Kingdom,88,1039.8500000000001,5
13614.0,United Kingdom,29,748.73,2
13615.0,United Kingdom,35,5854.84,7
13616.0,United Kingdom,204,288.1,2
13617.0,United Kingdom,44,734.57,5
13619.0,United Kingdom,180,231.69,2
13620.0,United Kingdom,164,112.34,1
13622.0,United Kingdom,332,658.95,1
13623.0,United Kingdom,16,1818.71,5
13624.0,United Kingdom,24,462.08,1
13625.0,United Kingdom,232,301.26,1
13626.0,United Kingdom,15,449.81,1
13627.0,United Kingdom,124,607.43,2
13628.0,United Kingdom,312,310.14,1
13629.0,United Kingdom,49,5578.5,8
13632.0,United Kingdom,30,1526.88,3
13634.0,United Kingdom,10,3498.31,11
13635.0,United Kingdom,78,1928.13,3
13639.0,United Kingdom,72,312.93,1
13640.0,United Kingdom,247,405.0,1
13641.0,United Kingdom,276,1016.47,5
13642.0,United Kingdom,68,159.92,3
13643.0,United Kingdom,18,1637.33,7
13646.0,United Kingdom,35,326.25,2
13647.0,United Kingdom,130,1393.56,4
13648.0,United Kingdom,36,1764.02,8
13649.0,United Kingdom,2,1332.28,5
13650.0,United Kingdom,10,1451.66,4
13651.0,United Kingdom,17,132.65,1
13652.0,United Kingdom,4,1475.77,3
13653.0,United Kingdom,123,152.2,1
13654.0,United Kingdom,16,3600.67,5
13655.0,United Kingdom,10,1347.54,4
13656.0,United Kingdom,135,699.2,2
13658.0,United Kingdom,19,3386.33,4
13659.0,United Kingdom,52,3321.68,10
13660.0,United Kingdom,36,314.59,1
13661.0,United Kingdom,239,325.24,1
13662.0,United Kingdom,21,1352.35,8
13663.0,United Kingdom,16,1858.04,4
13665.0,United Kingdom,22,1711.66,3
13666.0,United Kingdom,56,43.25,2
13668.0,United Kingdom,19,6726.35,14
13669.0,United Kingdom,43,195.0,1
13671.0,United Kingdom,30,194.95,1
13672.0,United Kingdom,366,233.53,1
13674.0,United Kingdom,68,240.68,1
13676.0,United Kingdom,175,243.9,2
13677.0,United Kingdom,40,556.1899999999999,2
13679.0,United Kingdom,129,281.26,3
13680.0,United Kingdom,107,7713.25,8
13683.0,United Kingdom,93,258.6,1
13684.0,United Kingdom,26,529.75,3
13686.0,United Kingdom,16,337.04,2
13687.0,United Kingdom,74,11880.84,1
13688.0,United Kingdom,271,375.5,1
13689.0,United Kingdom,80,349.5,1
13691.0,United Kingdom,32,212.78,1
13692.0,United Kingdom,44,1626.08,2
13693.0,United Kingdom,10,2011.8200000000002,9
13694.0,United Kingdom,9,131443.19,94
13695.0,United Kingdom,213,266.6,1
13696.0,United Kingdom,57,2020.4,3
13698.0,United Kingdom,232,465.53000000000003,2
13699.0,United Kingdom,186,455.57,1
13700.0,United Kingdom,53,348.34,3
13701.0,United Kingdom,82,161.0,1
13702.0,United Kingdom,81,135.18,1
13703.0,United Kingdom,51,326.06,1
13705.0,United Kingdom,9,1323.47,5
13706.0,United Kingdom,262,300.38,1
13707.0,United Kingdom,65,2559.45,3
13709.0,United Kingdom,82,1263.7,5
13710.0,United Kingdom,59,329.04,2
13711.0,United Kingdom,42,1540.2,7
13712.0,United Kingdom,246,537.58,1
13713.0,United Kingdom,44,743.26,3
13714.0,United Kingdom,101,161.35,1
13715.0,United Kingdom,8,7403.95,13
13717.0,United Kingdom,93,318.29,2
13719.0,United Kingdom,29,1773.57,6
13721.0,United Kingdom,31,217.39999999999998,1
13722.0,United Kingdom,56,3260.0,7
13723.0,United Kingdom,28,1009.35,5
13724.0,United Kingdom,273,213.01,1
13727.0,United Kingdom,247,746.57,6
13728.0,United Kingdom,23,1839.03,10
13729.0,United Kingdom,71,724.73,3
13733.0,United Kingdom,46,487.03000000000003,2
13734.0,United Kingdom,144,6701.640000000001,4
13735.0,United Kingdom,12,6927.9800000000005,9
13736.0,United Kingdom,61,2034.31,5
13738.0,United Kingdom,32,440.93,1
13739.0,United Kingdom,163,75.3,1
13740.0,United Kingdom,51,1247.02,4
13745.0,United Kingdom,182,477.32,1
13746.0,United Kingdom,49,176.69,1
13747.0,United Kingdom,9,169.8,2
13748.0,United Kingdom,9,1320.1,5
13750.0,United Kingdom,16,1954.92,6
13752.0,United Kingdom,163,404.45000000000005,1
13753.0,United Kingdom,234,1353.31,3
13754.0,United Kingdom,73,164.45,1
13756.0,United Kingdom,3,4017.9800000000005,10
13757.0,United Kingdom,310,195.55,1
13758.0,United Kingdom,2,6226.43,10
13760.0,United Kingdom,40,1076.85,3
13761.0,United Kingdom,138,881.52,4
13762.0,United Kingdom,229,2165.76,4
13763.0,United Kingdom,53,3502.48,2
13764.0,United Kingdom,205,1431.5,3
13765.0,United Kingdom,289,352.821,1
13766.0,United Kingdom,131,190.35,1
13767.0,United Kingdom,5,18320.170000000002,39
13768.0,United Kingdom,362,875.97,2
13769.0,United Kingdom,3,3003.9100000000003,11
13770.0,United Kingdom,58,785.37,4
13771.0,United Kingdom,169,3094.37,5
13772.0,United Kingdom,36,1982.09,5
13773.0,United Kingdom,32,301.54,2
13775.0,United Kingdom,226,1049.66,1
13776.0,United Kingdom,64,623.98,2
13777.0,United Kingdom,2,30501.260000000002,37
13778.0,United Kingdom,127,945.79,3
13779.0,United Kingdom,151,161.13,1
13780.0,United Kingdom,43,375.81,1
13781.0,United Kingdom,228,650.99,2
13782.0,United Kingdom,89,881.72,7
13783.0,United Kingdom,123,1542.09,4
13784.0,United Kingdom,70,447.44,3
13785.0,United Kingdom,64,542.49,4
13786.0,United Kingdom,3,3128.54,6
13787.0,United Kingdom,94,913.46,4
13788.0,United Kingdom,141,3.75,1
13789.0,United Kingdom,24,239.46,1
13792.0,United Kingdom,58,188.4,1
13793.0,United Kingdom,282,96.0,1
13794.0,United Kingdom,182,126.03,1
13795.0,United Kingdom,24,836.3,4
13796.0,United Kingdom,135,289.7,1
13797.0,United Kingdom,72,1179.45,3
13798.0,United Kingdom,8,38683.02,54
13799.0,United Kingdom,80,2114.71,7
13800.0,United Kingdom,66,1121.24,2
13802.0,United Kingdom,10,21659.69,16
13803.0,United Kingdom,67,1061.84,2
13804.0,United Kingdom,71,572.73,2
13807.0,United Kingdom,3,422.2,3
13809.0,Cyprus,30,524.65,2
13813.0,Germany,163,1398.6100000000001,4
13814.0,Germany,163,678.2,1
13815.0,Germany,42,3448.38,4
13818.0,United Kingdom,65,61.28,1
13819.0,United Kingdom,305,1502.0,3
13820.0,United Kingdom,54,660.65,3
13821.0,United Kingdom,29,1025.09,4
13823.0,United Kingdom,16,2445.79,5
13824.0,United Kingdom,15,1615.82,7
13825.0,United Kingdom,257,255.59,2
13829.0,United Kingdom,57,102.0,1
13830.0,United Kingdom,217,156.85000000000002,1
13831.0,United Kingdom,5,4820.59,13
13832.0,United Kingdom,58,561.49,1
13833.0,United Kingdom,40,316.56,1
13834.0,United Kingdom,212,324.19,2
13835.0,United Kingdom,155,260.7,3
13836.0,United Kingdom,35,620.37,2
13838.0,United Kingdom,5,1274.3600000000001,7
13839.0,United Kingdom,122,139.95000000000002,1
13840.0,United Kingdom,52,651.4,1
13842.0,United Kingdom,2,2244.29,10
13843.0,United Kingdom,17,319.75,1
13846.0,United Kingdom,35,442.73,1
13847.0,United Kingdom,355,310.72,1
13848.0,United Kingdom,2,2080.0,6
13849.0,United Kingdom,33,1931.35,3
13851.0,United Kingdom,15,1955.0,5
13852.0,United Kingdom,246,187.35000000000002,1
13854.0,United Kingdom,1,4144.44,15
13855.0,United Kingdom,136,1310.3400000000001,4
13856.0,United Kingdom,99,753.53,8
13857.0,United Kingdom,29,1001.01,6
13859.0,United Kingdom,165,314.7,1
13861.0,United Kingdom,65,273.26,2
13862.0,United Kingdom,25,346.73,1
13863.0,United Kingdom,101,933.77,3
13864.0,United Kingdom,22,662.4000000000001,1
13869.0,United Kingdom,17,5006.62,6
13870.0,United Kingdom,23,2941.14,7
13871.0,United Kingdom,64,1482.6000000000001,4
13872.0,United Kingdom,163,919.57,3
13873.0,United Kingdom,19,649.32,5
13874.0,United Kingdom,140,1508.7,6
13875.0,United Kingdom,23,3027.58,9
13877.0,United Kingdom,106,332.44,2
13878.0,United Kingdom,183,1191.53,3
13879.0,United Kingdom,281,395.5,1
13880.0,United Kingdom,3,1171.89,5
13881.0,United Kingdom,11,28019.58,23
13883.0,United Kingdom,39,3885.54,10
13884.0,United Kingdom,12,1100.88,5
13888.0,United Kingdom,40,1563.42,5
13889.0,United Kingdom,18,1574.3300000000002,5
13890.0,United Kingdom,10,1043.57,4
13891.0,United Kingdom,14,863.56,3
13892.0,United Kingdom,113,634.68,2
13895.0,United Kingdom,151,1415.45,2
13896.0,United Kingdom,261,388.55,1
13897.0,United Kingdom,74,849.5600000000001,2
13898.0,United Kingdom,47,530.47,1
13900.0,United Kingdom,25,869.64,3
13901.0,United Kingdom,10,2809.14,10
13902.0,Denmark,268,34095.26,5
13903.0,United Kingdom,36,165.45000000000002,1
13905.0,United Kingdom,368,312.65,1
13906.0,United Kingdom,45,42.0,1
13907.0,United Kingdom,327,136.8,1
13909.0,United Kingdom,59,286.6,2
13911.0,United Kingdom,15,1654.08,11
13912.0,United Kingdom,59,124.95,1
13913.0,United Kingdom,142,42.22,1
13915.0,United Kingdom,30,70.80000000000001,1
13916.0,United Kingdom,99,1275.81,4
13919.0,Denmark,60,975.87,2
13920.0,United Kingdom,67,1774.68,4
13921.0,United Kingdom,38,730.7,4
13922.0,United Kingdom,73,692.95,2
13927.0,United Kingdom,73,359.27,1
13929.0,United Kingdom,52,2651.45,9
13931.0,United Kingdom,28,4019.85,9
13935.0,United Kingdom,232,6116.92,3
13936.0,United Kingdom,18,563.08,2
13937.0,United Kingdom,38,721.28,1
13939.0,United Kingdom,67,992.41,4
13941.0,United Kingdom,8,6009.34,11
13942.0,United Kingdom,170,320.0,1
13943.0,United Kingdom,213,246.54000000000002,1
13944.0,United Kingdom,289,200.43,1
13945.0,United Kingdom,30,854.1500000000001,2
13946.0,United Kingdom,12,1314.66,3
13948.0,United Kingdom,47,446.76,3
13952.0,United Kingdom,16,9572.45,12
13953.0,United Kingdom,45,3125.0,5
13955.0,United Kingdom,11,222.21,1
13957.0,United Kingdom,53,458.25,3
13958.0,United Kingdom,15,4709.2300000000005,8
13959.0,United Kingdom,35,477.98,3
13961.0,United Kingdom,28,538.4,1
13962.0,United Kingdom,71,193.25,1
13963.0,United Kingdom,3,2347.33,14
13964.0,United Kingdom,23,438.9,2
13965.0,United Kingdom,112,996.61,3
13966.0,United Kingdom,71,390.86,1
13967.0,United Kingdom,32,85.6,1
13968.0,United Kingdom,59,123.66,1
13969.0,United Kingdom,1,4311.93,18
13970.0,United Kingdom,22,846.55,2
13971.0,United Kingdom,59,1909.31,6
13974.0,United Kingdom,218,264.13,1
13975.0,United Kingdom,29,2832.56,6
13976.0,United Kingdom,142,834.38,3
13977.0,United Kingdom,47,519.8100000000001,1
13979.0,United Kingdom,29,2546.36,6
13980.0,United Kingdom,75,599.78,4
13981.0,United Kingdom,51,331.14,1
13982.0,United Kingdom,1,2573.7799999999997,6
13983.0,United Kingdom,2,4505.02,10
13984.0,United Kingdom,2,1128.09,8
13985.0,United Kingdom,10,2960.73,7
13987.0,United Kingdom,15,682.54,2
13988.0,United Kingdom,19,609.84,2
13989.0,United Kingdom,100,759.98,3
13992.0,United Kingdom,16,142.7,2
13993.0,United Kingdom,15,3309.35,10
13995.0,United Kingdom,15,2508.32,9
13996.0,United Kingdom,22,895.76,2
13997.0,United Kingdom,155,382.31,3
13998.0,United Kingdom,82,566.7,3
13999.0,United Kingdom,10,5600.45,17
14000.0,United Kingdom,50,1410.68,4
14001.0,United Kingdom,9,2487.01,7
14003.0,United Kingdom,368,209.41,1
14004.0,United Kingdom,29,1675.81,4
14006.0,United Kingdom,164,1234.48,4
14007.0,United Kingdom,148,79.48,1
14008.0,United Kingdom,68,509.04,1
14009.0,United Kingdom,98,404.29999999999995,1
14010.0,United Kingdom,201,445.15,2
14011.0,United Kingdom,116,457.82,2
14013.0,United Kingdom,16,611.55,2
14014.0,United Kingdom,12,1443.03,2
14016.0,EIRE,32,7062.2,7
14017.0,United Kingdom,207,229.75,1
14018.0,United Kingdom,281,367.15,1
14020.0,United Kingdom,112,606.21,2
14021.0,United Kingdom,10,1084.68,4
14022.0,United Kingdom,122,352.15000000000003,1
14024.0,United Kingdom,26,318.04,1
14025.0,United Kingdom,100,4057.9,8
14026.0,United Kingdom,106,713.11,2
14028.0,United Kingdom,186,10396.5,3
14030.0,United Kingdom,2,5902.2,14
14031.0,United Kingdom,1,23712.31,27
14032.0,United Kingdom,2,1874.68,6
14033.0,United Kingdom,191,109.44,1
14035.0,United Kingdom,42,1428.7,4
14037.0,United Kingdom,114,689.75,4
14038.0,United Kingdom,33,1509.5,2
14039.0,United Kingdom,211,115.08000000000001,1
14040.0,United Kingdom,22,9030.65,23
14042.0,United Kingdom,361,431.98,1
14043.0,United Kingdom,127,304.25,2
14044.0,United Kingdom,54,2470.28,6
14045.0,United Kingdom,9,9653.28,13
14047.0,United Kingdom,8,2946.42,10
14048.0,United Kingdom,18,338.76,2
14049.0,United Kingdom,23,7557.31,9
14051.0,United Kingdom,2,6823.610000000001,15
14052.0,United Kingdom,26,255.45,1
14053.0,United Kingdom,33,312.05,2
14055.0,United Kingdom,213,795.3199999999999,2
14057.0,United Kingdom,17,2190.88,5
14058.0,United Kingdom,98,469.19,2
14060.0,United Kingdom,2,3378.66,13
14061.0,United Kingdom,143,917.4300000000001,3
14062.0,United Kingdom,10,15139.35,12
14063.0,United Kingdom,74,22710.2,9
14064.0,United Kingdom,66,1978.68,10
14065.0,United Kingdom,25,891.02,3
14068.0,United Kingdom,239,1262.52,3
14069.0,United Kingdom,150,230.06,2
14070.0,United Kingdom,320,326.55,1
14072.0,United Kingdom,302,390.85,1
14074.0,United Kingdom,259,219.4,1
14075.0,United Kingdom,39,792.61,3
14077.0,United Kingdom,31,115.66,1
14078.0,United Kingdom,9,643.26,4
14079.0,United Kingdom,318,243.63,1
14080.0,United Kingdom,49,1070.08,4
14081.0,United Kingdom,5,4435.58,9
14082.0,United Kingdom,28,231.10999999999999,1
14083.0,United Kingdom,7,388.83,3
14084.0,United Kingdom,148,150.5,1
14085.0,United Kingdom,4,5656.43,16
14086.0,United Kingdom,98,39.95,1
14087.0,United Kingdom,40,651.8,2
14088.0,United Kingdom,42,13544.99,3
14091.0,United Kingdom,290,9530.08,2
14092.0,United Kingdom,10,3152.54,10
14094.0,United Kingdom,75,335.22,1
14095.0,United Kingdom,358,2.95,1
14097.0,United Kingdom,117,422.86,2
14099.0,United Kingdom,11,2661.54,9
14101.0,United Kingdom,24,3985.14,7
14103.0,United Kingdom,301,0.0,1
14104.0,United Kingdom,25,555.37,3
14105.0,United Kingdom,44,4722.6,4
14106.0,United Kingdom,373,214.8,1
14107.0,United Kingdom,84,2174.07,4
14108.0,United Kingdom,367,447.05,2
14110.0,United Kingdom,71,7304.8,21
14112.0,United Kingdom,87,2919.44,6
14113.0,United Kingdom,11,5252.1900000000005,12
14114.0,United Kingdom,31,977.5600000000001,5
14115.0,United Kingdom,137,622.67,2
14118.0,United Kingdom,64,458.45,1
14119.0,United Kingdom,11,183.37,2
14122.0,United Kingdom,42,362.42,3
14123.0,United Kingdom,369,436.18,1
14126.0,United Kingdom,80,466.33000000000004,1
14127.0,United Kingdom,16,1190.3700000000001,3
14128.0,United Kingdom,187,286.71,1
14129.0,United Kingdom,35,1467.48,4
14130.0,United Kingdom,11,1398.81,3
14131.0,United Kingdom,284,187.87,1
14133.0,United Kingdom,369,305.5,1
14134.0,United Kingdom,18,11123.35,15
14135.0,United Kingdom,3,4953.61,11
14136.0,United Kingdom,36,1570.81,5
14137.0,United Kingdom,331,332.7,1
14139.0,United Kingdom,126,670.98,3
14142.0,United Kingdom,9,671.34,2
14144.0,United Kingdom,122,30.6,1
14145.0,United Kingdom,95,3857.85,3
14146.0,United Kingdom,19,5259.3,7
14147.0,United Kingdom,24,2106.8,7
14148.0,United Kingdom,50,309.09000000000003,1
14151.0,United Kingdom,309,679.45,2
14152.0,United Kingdom,23,1376.05,5
14153.0,United Kingdom,119,233.39999999999998,1
14154.0,United Kingdom,17,5115.08,6
14156.0,EIRE,7,196566.74,102
14157.0,United Kingdom,25,569.9,3
14159.0,United Kingdom,15,3245.0,9
14160.0,United Kingdom,246,8421.47,7
14161.0,United Kingdom,5,2208.36,5
14163.0,United Kingdom,98,148.71,1
14166.0,United Kingdom,141,256.85,2
14167.0,United Kingdom,100,721.65,4
14168.0,United Kingdom,56,370.45,2
14169.0,United Kingdom,66,624.4300000000001,2
14170.0,United Kingdom,11,597.33,3
14171.0,United Kingdom,366,135.0,1
14172.0,United Kingdom,241,402.72,3
14173.0,United Kingdom,277,135.16,2
14175.0,United Kingdom,54,4456.58,5
14176.0,United Kingdom,3,339.11,2
14177.0,United Kingdom,17,1669.93,9
14180.0,United Kingdom,8,1570.73,9
14181.0,United Kingdom,46,310.55,2
14182.0,United Kingdom,79,678.77,4
14183.0,United Kingdom,47,286.29,2
14186.0,United Kingdom,63,1550.63,5
14187.0,United Kingdom,109,123.5,1
14189.0,United Kingdom,4,1160.31,2
14190.0,United Kingdom,302,79.9,1
14191.0,United Kingdom,30,132.9,2
14192.0,United Kingdom,24,293.74,1
14193.0,United Kingdom,32,356.8,1
14194.0,United Kingdom,28,7321.070000000001,15
14195.0,United Kingdom,75,1603.6,4
14197.0,United Kingdom,46,390.05,1
14198.0,United Kingdom,36,868.33,5
14199.0,United Kingdom,59,906.3,3
14200.0,United Kingdom,253,379.2,1
14201.0,United Kingdom,45,446.1,3
14202.0,United Kingdom,17,847.76,3
14203.0,United Kingdom,33,339.34,1
14204.0,United Kingdom,58,901.9300000000001,3
14205.0,United Kingdom,30,1947.5,7
14206.0,United Kingdom,24,856.85,2
14207.0,United Kingdom,323,157.8,1
14208.0,United Kingdom,187,415.31,1
14209.0,United Kingdom,21,2919.84,9
14210.0,United Kingdom,7,3955.6800000000003,11
14211.0,United Kingdom,47,2161.19,9
14212.0,United Kingdom,81,1119.66,1
14213.0,United Kingdom,40,1192.2,1
14215.0,United Kingdom,4,1626.6100000000001,4
14216.0,United Kingdom,50,310.74,1
14217.0,United Kingdom,2,1411.91,7
14219.0,United Kingdom,45,543.89,2
14220.0,United Kingdom,203,882.5999999999999,2
14221.0,United Kingdom,85,3084.69,8
14224.0,United Kingdom,26,847.78,5
14225.0,United Kingdom,70,2037.02,4
14226.0,United Kingdom,77,770.34,1
14227.0,United Kingdom,50,3017.75,5
14228.0,United Kingdom,73,745.5,3
14229.0,United Kingdom,39,1046.84,4
14230.0,United Kingdom,71,979.8000000000001,3
14231.0,United Kingdom,86,309.91,1
14233.0,United Kingdom,101,1441.55,3
14235.0,United Kingdom,134,1573.13,4
14236.0,United Kingdom,8,1253.78,4
14237.0,United Kingdom,9,471.14,2
14238.0,United Kingdom,298,287.38,2
14239.0,United Kingdom,67,1882.3200000000002,10
14240.0,United Kingdom,59,357.15000000000003,1
14241.0,United Kingdom,332,120.0,1
14243.0,United Kingdom,1,4842.28,8
14244.0,United Kingdom,296,366.41999999999996,1
14247.0,United Kingdom,40,635.89,4
14248.0,United Kingdom,95,730.37,2
14249.0,United Kingdom,46,5625.461,12
14252.0,United Kingdom,17,350.99,1
14253.0,United Kingdom,129,363.40000000000003,2
14254.0,United Kingdom,68,601.03,1
14255.0,United Kingdom,182,1000.63,1
14256.0,United Kingdom,127,1504.93,3
14257.0,United Kingdom,16,2854.73,4
14258.0,United Kingdom,31,19381.36,16
14260.0,United Kingdom,107,824.28,3
14263.0,United Kingdom,59,322.93,1
14264.0,United Kingdom,15,1183.39,4
14265.0,Unspecified,100,843.1700000000001,2
14266.0,United Kingdom,64,40.56,1
14268.0,United Kingdom,106,354.85,1
14269.0,United Kingdom,75,295.73,1
14271.0,United Kingdom,45,106.81,1
14272.0,United Kingdom,198,482.85,2
14274.0,United Kingdom,322,256.6,1
14275.0,United Kingdom,31,1189.3799999999999,6
14276.0,United Kingdom,43,982.9399999999999,4
14277.0,France,47,13009.61,6
14278.0,United Kingdom,45,205.83,1
14279.0,United Kingdom,156,191.86,2
14281.0,United Kingdom,44,245.15,1
14282.0,United Kingdom,3,4120.32,11
14283.0,United Kingdom,99,628.44,4
14284.0,United Kingdom,289,704.4,1
14285.0,United Kingdom,149,1374.41,4
14286.0,United Kingdom,40,3851.01,4
14290.0,United Kingdom,49,2201.91,3
14291.0,United Kingdom,16,4020.85,12
14292.0,United Kingdom,46,4354.32,7
14293.0,United Kingdom,4,2221.37,6
14294.0,United Kingdom,43,375.34000000000003,1
14295.0,United Kingdom,74,2196.71,4
14296.0,United Kingdom,57,456.4,2
14298.0,United Kingdom,11,39667.19,38
14299.0,United Kingdom,1,10533.87,19
14301.0,United Kingdom,52,1352.04,3
14302.0,United Kingdom,66,742.9000000000001,3
14303.0,United Kingdom,43,277.94,2
14304.0,United Kingdom,15,1341.56,2
14306.0,United Kingdom,14,1058.0800000000002,4
14307.0,United Kingdom,9,2075.31,5
14308.0,United Kingdom,185,1147.02,2
14309.0,United Kingdom,49,1428.28,2
14310.0,United Kingdom,68,492.1,1
14311.0,United Kingdom,203,206.19,1
14312.0,United Kingdom,14,1478.7,5
14314.0,United Kingdom,66,109.8,1
14315.0,United Kingdom,200,716.69,2
14316.0,United Kingdom,58,1370.34,5
14318.0,United Kingdom,96,158.02,1
14319.0,United Kingdom,60,494.85,1
14320.0,United Kingdom,182,868.96,3
14321.0,United Kingdom,67,687.3100000000001,2
14322.0,United Kingdom,65,474.1,4
14324.0,United Kingdom,45,701.61,2
14325.0,United Kingdom,205,245.48000000000002,1
14326.0,United Kingdom,99,757.13,2
14327.0,United Kingdom,18,1583.28,5
14328.0,United Kingdom,74,445.05,1
14329.0,United Kingdom,11,4912.38,8
14330.0,United Kingdom,259,200.63,1
14332.0,United Kingdom,17,1077.2,2
14334.0,United Kingdom,61,1766.27,4
14338.0,United Kingdom,172,339.88,1
14339.0,United Kingdom,64,310.75,1
14341.0,United Kingdom,56,2285.04,10
14342.0,United Kingdom,68,249.88,2
14343.0,United Kingdom,57,1088.91,4
14344.0,United Kingdom,3,2443.77,14
14346.0,United Kingdom,61,1294.17,3
14347.0,United Kingdom,372,82.60000000000001,1
14350.0,United Kingdom,16,689.1,2
14353.0,United Kingdom,46,285.9,2
14355.0,United Kingdom,1,840.0500000000001,3
14358.0,United Kingdom,25,400.06,2
14361.0,United Kingdom,214,214.71,1
14363.0,United Kingdom,38,227.47000000000003,2
14365.0,United Kingdom,30,634.68,2
14366.0,United Kingdom,161,136.0,1
14369.0,United Kingdom,278,469.13,2
14370.0,United Kingdom,86,1175.78,6
14372.0,United Kingdom,79,860.08,2
14374.0,United Kingdom,177,108.0,1
14375.0,United Kingdom,86,875.31,2
14376.0,United Kingdom,319,215.46,1
14378.0,United Kingdom,257,131.25,1
14379.0,United Kingdom,29,920.8100000000001,2
14380.0,United Kingdom,318,48.96,1
14381.0,United Kingdom,87,428.66,1
14382.0,United Kingdom,26,620.73,1
14384.0,United Kingdom,136,58.5,1
14388.0,United Kingdom,8,3488.16,9
14389.0,United Kingdom,60,854.55,3
14390.0,United Kingdom,8,1747.01,5
14391.0,United Kingdom,212,135.6,1
14392.0,United Kingdom,68,266.4,1
14394.0,United Kingdom,200,93.8,1
14395.0,United Kingdom,8,4700.3,12
14396.0,United Kingdom,7,1633.94,6
14398.0,United Kingdom,37,707.79,2
14399.0,United Kingdom,30,2113.16,8
14400.0,United Kingdom,44,1157.77,2
14401.0,United Kingdom,60,2744.42,9
14402.0,United Kingdom,288,285.6,1
14403.0,United Kingdom,225,404.7,2
14404.0,United Kingdom,5,1424.79,8
14405.0,United Kingdom,22,195.0,1
14408.0,United Kingdom,107,1503.24,4
14409.0,United Kingdom,4,1696.64,5
14410.0,United Kingdom,12,1546.07,2
14412.0,United Kingdom,60,656.16,1
14413.0,United Kingdom,46,647.67,3
14414.0,United Kingdom,10,902.35,1
14415.0,United Kingdom,15,6191.32,10
14417.0,United Kingdom,23,604.2,1
14419.0,United Kingdom,18,202.85,1
14420.0,United Kingdom,32,1251.65,3
14421.0,United Kingdom,148,1656.26,4
14422.0,United Kingdom,10,6007.88,13
14423.0,United Kingdom,73,651.4100000000001,2
14425.0,United Kingdom,70,661.39,3
14426.0,United Kingdom,39,7246.27,7
14427.0,United Kingdom,130,900.1800000000001,2
14429.0,United Kingdom,39,516.28,1
14430.0,United Kingdom,147,1220.9,3
14431.0,United Kingdom,15,2143.84,3
14433.0,United Kingdom,101,289.6,1
14435.0,United Kingdom,137,90.42,1
14436.0,United Kingdom,189,182.64,1
14437.0,United Kingdom,1,895.84,5
14439.0,Greece,79,6781.8,4
14440.0,United Kingdom,1,4281.05,9
14441.0,United Kingdom,10,2898.8,7
14442.0,Channel Islands,50,3777.2,5
14443.0,United Kingdom,4,966.27,2
14444.0,United Kingdom,92,132.04,1
14445.0,United Kingdom,91,221.65,1
14446.0,United Kingdom,22,201.73,1
14447.0,United Kingdom,36,548.5,1
14449.0,United Kingdom,8,1575.7,5
14450.0,United Kingdom,15,645.19,4
14451.0,United Kingdom,25,2646.18,10
14452.0,United Kingdom,31,401.15,2
14454.0,United Kingdom,12,977.3000000000001,5
14455.0,United Kingdom,68,628.21,4
14458.0,United Kingdom,16,237.42,1
14459.0,United Kingdom,287,3537.821,1
14460.0,United Kingdom,32,659.16,6
14461.0,United Kingdom,18,4610.44,10
14462.0,United Kingdom,68,265.99,1
14463.0,United Kingdom,135,256.95,1
14464.0,United Kingdom,204,111.0,2
14465.0,United Kingdom,64,2887.41,8
14466.0,United Kingdom,8,2374.5,7
14467.0,United Kingdom,25,1622.23,8
14468.0,United Kingdom,369,204.24,1
14469.0,United Kingdom,52,2112.21,4
14470.0,United Kingdom,66,250.85,1
14471.0,United Kingdom,227,400.95,2
14472.0,United Kingdom,325,291.38,1
14474.0,United Kingdom,215,730.42,1
14475.0,United Kingdom,44,225.3,1
14477.0,United Kingdom,72,660.0,3
14478.0,United Kingdom,18,1276.66,4
14479.0,United Kingdom,1,982.86,3
14480.0,United Kingdom,38,1020.47,3
14481.0,United Kingdom,43,1674.98,3
14482.0,United Kingdom,15,2289.76,6
14483.0,United Kingdom,372,120.0,1
14484.0,United Kingdom,37,749.0600000000001,3
14486.0,United Kingdom,147,175.5,2
14487.0,United Kingdom,4,257.28000000000003,2
14489.0,United Kingdom,73,1111.55,3
14490.0,United Kingdom,42,1273.47,2
14491.0,United Kingdom,8,127.2,1
14492.0,United Kingdom,66,1921.91,7
14493.0,United Kingdom,26,2746.91,5
14494.0,United Kingdom,37,261.9,2
14495.0,United Kingdom,295,51.0,1
14496.0,United Kingdom,9,2129.42,6
14497.0,United Kingdom,309,221.69,1
14498.0,United Kingdom,37,1953.95,5
14499.0,United Kingdom,10,1323.65,4
14505.0,United Kingdom,40,6096.2,11
14506.0,United Kingdom,5,1278.5,3
14507.0,United Kingdom,14,1901.25,5
14508.0,United Kingdom,12,598.52,3
14509.0,United Kingdom,170,110.95,1
14510.0,United Kingdom,11,1007.28,3
14512.0,United Kingdom,19,948.19,5
14513.0,United Kingdom,72,332.42,3
14514.0,United Kingdom,72,3543.63,6
14515.0,United Kingdom,23,1647.17,6
14516.0,United Kingdom,152,163.92,1
14519.0,United Kingdom,319,206.09,2
14521.0,United Kingdom,127,199.45000000000002,1
14522.0,United Kingdom,231,784.08,4
14524.0,United Kingdom,45,1066.03,4
14525.0,United Kingdom,64,3908.44,8
14526.0,United Kingdom,25,262.4,1
14527.0,United Kingdom,1,19283.48,69
14530.0,United Kingdom,32,3271.4900000000002,10
14531.0,United Kingdom,115,376.34,1
14532.0,United Kingdom,47,2926.33,7
14533.0,United Kingdom,43,1516.65,4
14534.0,United Kingdom,33,1824.06,8
14535.0,United Kingdom,31,3166.54,6
14537.0,United Kingdom,259,285.84,1
14538.0,United Kingdom,166,982.59,3
14540.0,United Kingdom,15,2799.08,8
14541.0,United Kingdom,52,1038.03,6
14543.0,United Kingdom,16,11276.44,23
14544.0,United Kingdom,106,957.98,1
14545.0,United Kingdom,310,349.25,1
14546.0,United Kingdom,12,2619.81,6
14548.0,United Kingdom,120,1974.69,7
14549.0,United Kingdom,56,627.3100000000001,3
14550.0,United Kingdom,24,587.69,2
14551.0,United Kingdom,47,693.8100000000001,5
14552.0,United Kingdom,16,346.21,2
14553.0,United Kingdom,47,982.27,4
14555.0,United Kingdom,17,1991.49,4
14556.0,United Kingdom,232,835.34,3
14558.0,United Kingdom,290,655.5,3
14559.0,United Kingdom,26,75.6,1
14560.0,United Kingdom,15,3876.2599999999998,22
14562.0,United Kingdom,26,1654.63,8
14563.0,United Kingdom,145,679.44,2
14564.0,Channel Islands,70,2605.62,2
14565.0,United Kingdom,109,760.1,1
14566.0,Channel Islands,53,2660.0,3
14568.0,Channel Islands,71,919.7,1
14569.0,United Kingdom,88,371.59000000000003,3
14570.0,United Kingdom,79,395.69,1
14571.0,United Kingdom,61,161.65,1
14572.0,United Kingdom,53,2782.34,4
14573.0,United Kingdom,8,968.0,5
14574.0,United Kingdom,368,143.70000000000002,1
14575.0,United Kingdom,124,460.71,1
14576.0,United Kingdom,8,35.400000000000006,1
14577.0,United Kingdom,30,514.54,3
14579.0,United Kingdom,68,105.56,1
14580.0,United Kingdom,154,14.85,1
14581.0,United Kingdom,180,295.2,1
14583.0,United Kingdom,19,728.48,3
14584.0,United Kingdom,57,705.65,4
14585.0,United Kingdom,18,986.22,4
14588.0,United Kingdom,214,135.39,1
14589.0,United Kingdom,7,39.75,1
14590.0,United Kingdom,60,3006.62,20
14593.0,United Kingdom,33,3094.02,9
14594.0,United Kingdom,9,255.0,1
14595.0,United Kingdom,89,423.85,2
14596.0,United Kingdom,262,229.47,1
14597.0,United Kingdom,15,1318.39,4
14598.0,United Kingdom,205,162.07,1
14599.0,United Kingdom,26,474.54,2
14600.0,United Kingdom,29,471.84,1
14602.0,United Kingdom,292,205.35999999999999,1
14604.0,United Kingdom,269,143.85999999999999,1
14605.0,United Kingdom,10,937.16,4
14606.0,United Kingdom,2,18704.41,102
14607.0,United Kingdom,103,7568.13,8
14608.0,United Kingdom,15,1567.79,7
14609.0,United Kingdom,26,884.64,6
14610.0,United Kingdom,31,24.35,2
14611.0,United Kingdom,79,604.33,2
14612.0,United Kingdom,51,877.7,1
14613.0,United Kingdom,316,76.32000000000001,1
14614.0,United Kingdom,22,295.13,1
14615.0,United Kingdom,30,951.76,5
14616.0,United Kingdom,21,121.7,2
14617.0,United Kingdom,38,190.47,2
14618.0,United Kingdom,12,788.88,4
14619.0,United Kingdom,177,896.8,1
14621.0,United Kingdom,147,1212.21,4
14623.0,United Kingdom,16,1170.33,5
14624.0,United Kingdom,51,588.22,4
14625.0,United Kingdom,10,3598.25,9
14626.0,United Kingdom,31,2619.65,7
14627.0,United Kingdom,15,462.75,1
14628.0,United Kingdom,78,1326.04,3
14630.0,United Kingdom,120,338.65,1
14631.0,United Kingdom,22,1018.71,3
14634.0,United Kingdom,73,2124.46,4
14635.0,United Kingdom,89,215.22,1
14637.0,United Kingdom,313,106.68,1
14639.0,United Kingdom,44,1994.47,3
14640.0,United Kingdom,45,1541.98,4
14643.0,United Kingdom,253,986.08,3
14644.0,United Kingdom,50,1416.96,5
14645.0,United Kingdom,270,279.8,1
14646.0,Netherlands,10,248396.5,78
14647.0,United Kingdom,159,276.75,1
14648.0,United Kingdom,52,4546.86,15
14649.0,United Kingdom,18,2358.02,5
14650.0,United Kingdom,224,62.5,1
14651.0,United Kingdom,30,1379.52,7
14653.0,United Kingdom,149,1666.99,5
14654.0,United Kingdom,374,246.86,1
14655.0,United Kingdom,24,1946.28,3
14656.0,United Kingdom,51,523.6,3
14657.0,United Kingdom,65,612.65,2
14662.0,United Kingdom,63,645.16,3
14663.0,United Kingdom,66,490.6,2
14665.0,United Kingdom,63,913.95,2
14667.0,United Kingdom,1,12685.94,31
14668.0,United Kingdom,81,111.63,1
14669.0,United Kingdom,269,1973.94,4
14670.0,United Kingdom,368,190.47,1
14671.0,United Kingdom,185,1127.45,2
14672.0,United Kingdom,151,347.59,2
14673.0,United Kingdom,3,1674.41,3
14674.0,United Kingdom,145,173.66,1
14675.0,United Kingdom,24,462.15,1
14676.0,United Kingdom,30,5808.55,6
14677.0,United Kingdom,228,184.91,1
14678.0,United Kingdom,215,403.39,1
14679.0,United Kingdom,17,1289.44,3
14680.0,United Kingdom,7,28658.66,43
14681.0,United Kingdom,23,376.20000000000005,3
14682.0,United Kingdom,64,1462.81,4
14683.0,United Kingdom,224,146.56,1
14684.0,United Kingdom,26,232.27,1
14685.0,United Kingdom,212,4619.79,8
14686.0,United Kingdom,50,885.83,5
14687.0,United Kingdom,36,773.6800000000001,2
14688.0,United Kingdom,9,2082.7,8
14690.0,United Kingdom,28,422.63,2
14692.0,United Kingdom,16,1153.54,8
14693.0,United Kingdom,61,992.46,6
14694.0,United Kingdom,253,244.31,1
14695.0,United Kingdom,155,1620.07,3
14696.0,United Kingdom,9,688.95,2
14699.0,United Kingdom,71,593.47,3
14700.0,United Kingdom,51,880.96,2
14701.0,United Kingdom,78,2012.72,6
14702.0,United Kingdom,1,3462.08,13
14704.0,United Kingdom,60,266.66,2
14706.0,United Kingdom,254,390.69,1
14707.0,United Kingdom,71,139.2,2
14708.0,United Kingdom,4,1085.91,3
14709.0,United Kingdom,15,3965.29,12
14710.0,United Kingdom,15,1316.46,9
14712.0,United Kingdom,54,411.0,1
14713.0,United Kingdom,1,2752.51,11
14714.0,United Kingdom,43,746.05,3
14715.0,United Kingdom,78,973.0699999999999,4
14716.0,United Kingdom,80,235.77,1
14717.0,United Kingdom,369,81.3,1
14718.0,United Kingdom,46,226.42,1
14721.0,United Kingdom,15,115.77,1
14722.0,United Kingdom,113,325.45,2
14723.0,United Kingdom,7,934.76,7
14724.0,United Kingdom,226,345.25,1
14725.0,United Kingdom,30,597.16,3
14726.0,United Kingdom,290,124.75,1
14727.0,United Kingdom,182,199.35,2
14728.0,United Kingdom,49,190.58,1
14729.0,United Kingdom,9,593.89,3
14732.0,United Kingdom,28,2814.58,11
14733.0,United Kingdom,3,6599.06,4
14734.0,United Kingdom,61,1056.42,4
14735.0,United Kingdom,24,6174.47,24
14736.0,United Kingdom,121,401.08,2
14737.0,United Kingdom,36,2389.62,1
14738.0,United Kingdom,196,507.45,2
14739.0,United Kingdom,3,8385.22,19
14740.0,United Kingdom,45,2712.85,8
14741.0,United Kingdom,8,497.25,2
14742.0,United Kingdom,71,579.85,1
14743.0,United Kingdom,228,50.480000000000004,1
14744.0,United Kingdom,2,2785.1,8
14745.0,United Kingdom,137,1351.55,7
14746.0,United Kingdom,42,593.5,4
14748.0,United Kingdom,4,1736.57,7
14749.0,United Kingdom,115,310.15,1
14750.0,United Kingdom,372,112.03,1
14751.0,United Kingdom,320,126.45,2
14753.0,United Kingdom,96,306.36,1
14754.0,United Kingdom,61,912.4300000000001,4
14755.0,United Kingdom,17,4962.27,14
14756.0,United Kingdom,18,1914.8,2
14758.0,United Kingdom,32,1380.91,3
14761.0,United Kingdom,80,192.02,1
14762.0,United Kingdom,262,117.05,1
14766.0,United Kingdom,2,4082.76,6
14767.0,United Kingdom,110,382.81,1
14769.0,United Kingdom,26,5097.13,9
14770.0,United Kingdom,103,2761.2200000000003,6
14771.0,United Kingdom,257,594.62,2
14773.0,United Kingdom,228,140.55,1
14774.0,United Kingdom,164,241.45000000000002,1
14775.0,United Kingdom,8,406.56,1
14776.0,United Kingdom,23,1170.0,4
14777.0,United Kingdom,39,307.56,1
14783.0,United Kingdom,295,307.3,1
14784.0,United Kingdom,25,159.94,1
14786.0,United Kingdom,186,90.96,1
14787.0,United Kingdom,107,110.65,1
14788.0,United Kingdom,232,476.88,1
14790.0,United Kingdom,10,1781.56,6
14791.0,United Kingdom,242,303.63,1
14793.0,United Kingdom,171,396.91,1
14794.0,United Kingdom,38,633.99,3
14796.0,United Kingdom,2,2867.15,11
14797.0,United Kingdom,143,300.31,1
14798.0,United Kingdom,17,550.5699999999999,5
14799.0,United Kingdom,373,180.45000000000002,1
14800.0,United Kingdom,5,3434.58,6
14802.0,United Kingdom,74,1502.98,2
14805.0,United Kingdom,40,549.99,3
14806.0,United Kingdom,75,110.04,1
14807.0,United Kingdom,26,519.29,2
14809.0,United Kingdom,257,686.76,2
14810.0,United Kingdom,5,449.14,3
14811.0,United Kingdom,23,170.5,1
14812.0,United Kingdom,234,185.8,1
14813.0,United Kingdom,5,935.44,4
14814.0,United Kingdom,217,160.46,1
14817.0,United Kingdom,31,2849.52,5
14818.0,United Kingdom,94,512.61,3
14819.0,United Kingdom,130,198.09,2
14820.0,United Kingdom,16,767.47,5
14821.0,United Kingdom,2,1237.65,7
14822.0,United Kingdom,121,157.7,1
14824.0,United Kingdom,15,2895.2000000000003,6
14825.0,United Kingdom,4,2698.17,13
14826.0,United Kingdom,217,385.2,2
14827.0,United Kingdom,301,0.0,1
14828.0,United Kingdom,24,7699.7,10
14829.0,United Kingdom,8,995.29,4
14831.0,United Kingdom,316,1676.57,3
14832.0,United Kingdom,266,322.69,1
14833.0,United Kingdom,134,94.8,1
14834.0,United Kingdom,43,485.86,1
14835.0,United Kingdom,164,297.0,2
14837.0,United Kingdom,78,1810.82,5
14838.0,United Kingdom,59,773.6700000000001,2
14839.0,United Kingdom,54,915.28,3
14840.0,United Kingdom,175,299.86,1
14841.0,United Kingdom,10,3867.2400000000002,8
14843.0,United Kingdom,72,211.8,1
14844.0,United Kingdom,66,3512.62,6
14845.0,United Kingdom,235,150.0,1
14846.0,United Kingdom,63,437.4,1
14847.0,United Kingdom,43,1039.55,2
14848.0,United Kingdom,40,310.56,1
14849.0,United Kingdom,9,7832.91,21
14850.0,United Kingdom,53,1468.26,6
14851.0,United Kingdom,266,318.06,1
14852.0,United Kingdom,60,3310.4900000000002,12
14853.0,United Kingdom,59,901.0699999999999,3
14854.0,United Kingdom,26,1563.03,4
14855.0,United Kingdom,110,5874.65,5
14857.0,United Kingdom,78,2478.731,5
14858.0,United Kingdom,141,180.75,1
14859.0,United Kingdom,190,351.9,1
14861.0,United Kingdom,16,1254.94,9
14865.0,United Kingdom,8,77.52,3
14866.0,United Kingdom,2,6460.32,8
14867.0,United Kingdom,31,2241.78,13
14868.0,United Kingdom,16,1230.42,4
14869.0,United Kingdom,24,2078.54,4
14870.0,United Kingdom,49,1511.7,5
14871.0,United Kingdom,129,736.59,5
14872.0,United Kingdom,119,816.6,3
14873.0,United Kingdom,269,334.45,1
14874.0,United Kingdom,171,116.18,1
14875.0,United Kingdom,77,1397.08,1
14876.0,United Kingdom,157,256.7,2
14877.0,United Kingdom,54,437.0,2
14878.0,United Kingdom,12,2619.7,16
14879.0,United Kingdom,320,185.06,1
14882.0,United Kingdom,26,3038.4500000000003,12
14884.0,United Kingdom,305,120.6,1
14885.0,United Kingdom,63,832.8,2
14890.0,United Kingdom,254,691.6,2
14891.0,United Kingdom,52,552.35,2
14892.0,United Kingdom,326,202.35000000000002,1
14893.0,United Kingdom,253,571.76,1
14894.0,United Kingdom,79,837.0600000000001,2
14895.0,United Kingdom,19,13980.83,18
14896.0,United Kingdom,1,1623.65,7
14897.0,United Kingdom,45,1774.16,4
14898.0,United Kingdom,7,2204.29,9
14899.0,United Kingdom,31,1384.88,1
14900.0,United Kingdom,158,13.919999999999998,1
14901.0,United Kingdom,2,868.36,5
14902.0,United Kingdom,31,702.96,2
14904.0,United Kingdom,44,615.2,2
14905.0,United Kingdom,10,1355.24,6
14906.0,United Kingdom,81,68.44,1
14907.0,United Kingdom,3,2664.69,10
14908.0,United Kingdom,99,104.10000000000001,1
14909.0,United Kingdom,73,1404.68,3
14911.0,EIRE,1,152147.57,205
14912.0,Italy,37,1021.4,4
14913.0,United Kingdom,24,2845.7000000000003,4
14915.0,United Kingdom,11,1503.77,9
14916.0,United Kingdom,67,1773.97,4
14917.0,United Kingdom,232,1123.75,2
14918.0,United Kingdom,40,4345.66,7
14919.0,United Kingdom,175,359.35,1
14920.0,United Kingdom,201,629.4,1
14922.0,United Kingdom,29,843.74,2
14924.0,United Kingdom,246,620.96,2
14926.0,United Kingdom,17,359.4,2
14927.0,United Kingdom,32,308.2,1
14928.0,United Kingdom,263,223.91000000000003,1
14929.0,United Kingdom,57,612.8100000000001,1
14930.0,Channel Islands,106,2873.77,3
14932.0,Channel Islands,1,666.13,2
14933.0,Channel Islands,79,1770.0,4
14934.0,Channel Islands,14,1612.56,3
14935.0,Channel Islands,255,1065.1200000000001,1
14936.0,Channel Islands,26,4273.79,4
14938.0,Channel Islands,198,2322.43,2
14940.0,United Kingdom,53,531.49,2
14941.0,United Kingdom,214,182.1,1
14942.0,United Kingdom,37,746.56,4
14943.0,United Kingdom,299,107.62,1
14944.0,United Kingdom,25,3884.42,7
14945.0,United Kingdom,49,179.4,1
14947.0,United Kingdom,24,758.97,4
14949.0,United Kingdom,105,515.0,4
14952.0,United Kingdom,32,9529.86,21
14953.0,United Kingdom,54,723.95,3
14954.0,United Kingdom,339,167.27,1
14955.0,United Kingdom,368,163.77,1
14956.0,United Kingdom,57,1325.0,1
14957.0,United Kingdom,280,274.8,1
14958.0,United Kingdom,231,458.26,3
14961.0,United Kingdom,15,9365.47,13
14962.0,United Kingdom,175,240.21000000000004,3
14963.0,United Kingdom,15,1676.68,7
14966.0,United Kingdom,23,924.52,5
14967.0,United Kingdom,77,1518.81,5
14968.0,United Kingdom,94,357.4,1
14969.0,United Kingdom,339,906.23,1
14970.0,United Kingdom,45,3327.29,8
14972.0,United Kingdom,17,30.300000000000004,1
14975.0,United Kingdom,57,192.45,1
14977.0,United Kingdom,361,31.93,1
14978.0,United Kingdom,66,1210.72,5
14979.0,United Kingdom,371,439.46000000000004,1
14980.0,United Kingdom,373,150.68,1
14981.0,United Kingdom,59,270.8,1
14982.0,United Kingdom,208,237.78,1
14983.0,United Kingdom,325,183.20000000000002,1
14984.0,United Kingdom,24,1058.1399999999999,4
14986.0,United Kingdom,12,566.9,2
14987.0,United Kingdom,1,1387.4499999999998,7
14988.0,United Kingdom,16,1732.06,6
14989.0,United Kingdom,297,342.4,1
14990.0,United Kingdom,248,305.42,2
14991.0,United Kingdom,66,314.67,1
14992.0,United Kingdom,78,210.5,1
14993.0,United Kingdom,199,36.13,1
14994.0,United Kingdom,18,960.63,5
14996.0,United Kingdom,117,442.28999999999996,2
14997.0,United Kingdom,291,230.4,1
14998.0,United Kingdom,64,340.86,2
14999.0,United Kingdom,228,129.48000000000002,1
15001.0,United Kingdom,30,230.85999999999999,2
15002.0,United Kingdom,3,3175.52,6
15003.0,United Kingdom,109,1060.7,6
15005.0,United Kingdom,2,7789.63,29
15006.0,United Kingdom,89,323.05,1
15008.0,United Kingdom,116,360.0,2
15011.0,United Kingdom,31,416.6,2
15012.0,United Kingdom,9,437.58,2
15013.0,United Kingdom,123,1641.3,10
15015.0,United Kingdom,137,2365.02,13
15016.0,United Kingdom,29,460.26,4
15018.0,United Kingdom,3,111.25,1
15020.0,United Kingdom,15,203.42,1
15021.0,United Kingdom,2,869.01,4
15022.0,United Kingdom,313,281.05,1
15023.0,United Kingdom,5,5367.92,10
15024.0,United Kingdom,3,2414.18,8
15025.0,United Kingdom,204,636.08,1
15026.0,United Kingdom,11,592.61,2
15027.0,United Kingdom,31,2129.45,6
15028.0,United Kingdom,4,530.58,3
15029.0,United Kingdom,255,365.1,1
15030.0,United Kingdom,16,1461.63,6
15031.0,United Kingdom,30,2488.44,10
15032.0,United Kingdom,2,8821.55,7
15034.0,United Kingdom,22,4004.79,6
15037.0,United Kingdom,12,402.51,2
15038.0,United Kingdom,5,604.37,4
15039.0,United Kingdom,4,20116.99,47
15040.0,United Kingdom,177,7.49,1
15041.0,United Kingdom,80,113.67,1
15042.0,United Kingdom,231,179.52,1
15043.0,United Kingdom,99,2336.8,5
15044.0,United Kingdom,15,8504.1,18
15046.0,United Kingdom,61,2598.62,10
15048.0,United Kingdom,4,98.7,1
15050.0,United Kingdom,57,2411.7000000000003,2
15051.0,United Kingdom,15,2543.55,6
15055.0,United Kingdom,110,560.07,3
15056.0,United Kingdom,156,133.45,1
15057.0,United Kingdom,79,1766.46,3
15058.0,United Kingdom,12,1285.04,5
15059.0,United Kingdom,12,2185.85,10
15061.0,United Kingdom,3,83284.38,86
15062.0,United Kingdom,59,1597.76,4
15064.0,United Kingdom,46,1254.41,4
15065.0,United Kingdom,46,168.73,1
15067.0,United Kingdom,49,2133.12,2
15068.0,United Kingdom,54,623.49,2
15070.0,United Kingdom,8,737.0500000000001,3
15071.0,United Kingdom,22,473.49,2
15072.0,United Kingdom,115,187.52,1
15073.0,United Kingdom,36,1744.61,5
15074.0,United Kingdom,65,817.46,2
15076.0,United Kingdom,128,566.89,2
15077.0,United Kingdom,130,2428.08,2
15078.0,United Kingdom,4,8018.77,23
15079.0,United Kingdom,1,2871.7400000000002,8
15080.0,United Kingdom,63,546.25,2
15081.0,United Kingdom,3,1460.92,8
15082.0,United Kingdom,304,93.35000000000001,1
15084.0,United Kingdom,15,965.1999999999999,2
15085.0,United Kingdom,365,347.54,1
15086.0,United Kingdom,200,218.53,2
15091.0,United Kingdom,310,565.9,2
15092.0,United Kingdom,98,318.65,1
15093.0,United Kingdom,8,9729.09,18
15094.0,United Kingdom,99,83.0,2
15095.0,United Kingdom,56,1771.04,6
15097.0,United Kingdom,219,660.27,2
15100.0,United Kingdom,2,2018.6999999999998,6
15101.0,United Kingdom,151,1160.41,4
15102.0,United Kingdom,166,554.67,2
15105.0,United Kingdom,66,795.98,2
15107.0,United Kingdom,8,620.85,4
15109.0,United Kingdom,215,498.15000000000003,2
15110.0,United Kingdom,39,509.75,2
15111.0,United Kingdom,8,1163.39,3
15112.0,United Kingdom,247,209.4,1
15114.0,United Kingdom,19,639.56,2
15115.0,United Kingdom,368,191.74,1
15117.0,United Kingdom,84,934.19,3
15122.0,United Kingdom,58,2863.69,8
15123.0,United Kingdom,57,2456.86,3
15124.0,United Kingdom,112,266.63,2
15125.0,United Kingdom,115,5496.39,9
15126.0,United Kingdom,172,449.49,2
15127.0,United Kingdom,155,304.97,1
15128.0,United Kingdom,66,312.68,1
15129.0,United Kingdom,21,3412.78,12
15131.0,United Kingdom,30,80.28,1
15133.0,United Kingdom,18,824.48,2
15134.0,United Kingdom,17,208.3,2
15135.0,United Kingdom,192,166.63,1
15137.0,United Kingdom,156,823.4,2
15138.0,United Kingdom,29,502.52,1
15140.0,United Kingdom,78,889.44,1
15141.0,United Kingdom,93,1388.47,7
15142.0,United Kingdom,46,2121.18,5
15143.0,United Kingdom,68,304.18,1
15144.0,United Kingdom,15,5579.87,12
15149.0,United Kingdom,212,1033.81,4
15150.0,United Kingdom,92,3686.61,3
15151.0,United Kingdom,59,2085.61,2
15152.0,United Kingdom,337,518.14,1
15154.0,United Kingdom,114,1091.99,2
15155.0,United Kingdom,19,383.96999999999997,1
15157.0,United Kingdom,205,718.04,2
15158.0,United Kingdom,37,204.62,1
15159.0,United Kingdom,31,3475.7200000000003,4
15160.0,United Kingdom,10,431.11,3
15161.0,United Kingdom,24,119.92,1
15162.0,United Kingdom,367,312.9,1
15164.0,United Kingdom,25,1225.8700000000001,6
15165.0,United Kingdom,9,487.75,1
15166.0,United Kingdom,103,167.16,1
15167.0,United Kingdom,43,1496.67,4
15169.0,United Kingdom,18,569.22,2
15170.0,United Kingdom,42,81.15,1
15173.0,United Kingdom,16,1494.6,7
15174.0,United Kingdom,46,345.71,1
15176.0,United Kingdom,303,988.0400000000001,1
15177.0,United Kingdom,61,948.9300000000001,1
15179.0,United Kingdom,28,5284.97,8
15180.0,United Kingdom,3,816.9300000000001,3
15181.0,United Kingdom,56,510.72,2
15182.0,United Kingdom,21,2376.102,9
15183.0,United Kingdom,183,639.93,3
15184.0,United Kingdom,23,283.19,2
15186.0,United Kingdom,110,991.7900000000001,3
15188.0,United Kingdom,361,310.43,1
15189.0,United Kingdom,17,1298.99,5
15190.0,United Kingdom,70,834.4399999999999,1
15191.0,United Kingdom,99,588.05,3
15192.0,United Kingdom,1,937.07,3
15194.0,United Kingdom,4,4811.16,14
15196.0,United Kingdom,68,316.25,2
15197.0,United Kingdom,30,797.9,3
15198.0,United Kingdom,44,377.71,3
15199.0,United Kingdom,10,1853.7,6
15200.0,United Kingdom,130,549.0500000000001,1
15201.0,United Kingdom,75,606.4100000000001,2
15202.0,United Kingdom,56,6001.49,3
15203.0,United Kingdom,26,2572.38,9
15207.0,United Kingdom,52,683.92,3
15208.0,United Kingdom,59,100.4,1
15209.0,United Kingdom,366,178.98000000000002,1
15210.0,United Kingdom,14,845.01,2
15211.0,United Kingdom,1,383.07,1
15212.0,United Kingdom,12,106.47999999999999,1
15215.0,United Kingdom,29,1687.49,4
15216.0,United Kingdom,254,389.49,1
15217.0,United Kingdom,199,426.24,1
15218.0,United Kingdom,25,5759.68,11
15219.0,United Kingdom,284,379.7,1
15221.0,United Kingdom,2,2062.2,4
15222.0,United Kingdom,108,2965.91,10
15223.0,United Kingdom,245,662.2,3
15224.0,United Kingdom,148,549.28,3
15227.0,United Kingdom,32,1269.0900000000001,4
15228.0,United Kingdom,64,2193.56,2
15229.0,United Kingdom,222,160.5,1
15231.0,United Kingdom,257,250.26000000000002,1
15233.0,United Kingdom,37,59.400000000000006,1
15235.0,United Kingdom,5,690.3000000000001,6
15240.0,United Kingdom,10,2753.41,7
15241.0,United Kingdom,66,1293.72,3
15242.0,United Kingdom,58,302.04,1
15243.0,United Kingdom,71,610.6,1
15244.0,United Kingdom,302,280.51,1
15245.0,United Kingdom,38,2095.0,5
15246.0,United Kingdom,191,266.25,1
15247.0,United Kingdom,113,620.06,2
15248.0,United Kingdom,47,1893.93,3
15249.0,United Kingdom,66,2577.54,5
15250.0,United Kingdom,276,60.0,1
15251.0,United Kingdom,50,9839.55,10
15252.0,United Kingdom,57,1362.63,3
15253.0,United Kingdom,39,1136.89,3
15254.0,United Kingdom,182,787.99,2
15255.0,United Kingdom,32,2838.57,8
15256.0,United Kingdom,197,71.95,1
15257.0,United Kingdom,50,368.75,1
15259.0,United Kingdom,148,1182.3799999999999,4
15260.0,United Kingdom,8,7377.46,20
15261.0,United Kingdom,17,1253.18,3
15262.0,United Kingdom,16,239.87,2
15264.0,United Kingdom,166,454.66,1
15265.0,United Kingdom,240,1839.52,2
15266.0,United Kingdom,15,732.91,4
15268.0,United Kingdom,114,961.9000000000001,3
15269.0,United Kingdom,16,816.5600000000001,2
15270.0,United Kingdom,36,6145.37,14
15271.0,United Kingdom,1,2202.47,10
15272.0,United Kingdom,86,1363.54,4
15273.0,United Kingdom,235,228.96,1
15276.0,United Kingdom,30,514.22,3
15277.0,United Kingdom,61,220.44,1
15278.0,United Kingdom,197,496.16,4
15279.0,United Kingdom,16,1290.03,4
15280.0,United Kingdom,124,293.09999999999997,2
15281.0,United Kingdom,14,6211.42,7
15282.0,United Kingdom,206,348.59,1
15283.0,United Kingdom,26,148.32999999999998,3
15284.0,United Kingdom,136,24.75,1
15285.0,United Kingdom,43,94.92,1
15287.0,United Kingdom,15,369.34000000000003,3
15288.0,United Kingdom,1,1576.6100000000001,6
15289.0,United Kingdom,94,653.3100000000001,2
15290.0,United Kingdom,29,2553.06,8
15291.0,United Kingdom,9,9178.26,26
15293.0,United Kingdom,301,247.5,1
15294.0,United Kingdom,46,233.35,1
15295.0,United Kingdom,290,217.23999999999998,1
15296.0,United Kingdom,56,6669.97,6
15298.0,United Kingdom,2,4659.47,12
15299.0,United Kingdom,8,3484.5299999999997,6
15301.0,United Kingdom,4,2533.09,6
15302.0,United Kingdom,366,308.0,1
15303.0,United Kingdom,201,650.16,2
15304.0,United Kingdom,4,225.15,2
15305.0,United Kingdom,191,93.6,1
15306.0,United Kingdom,136,2310.38,6
15309.0,United Kingdom,246,797.96,4
15310.0,United Kingdom,114,1634.64,1
15311.0,United Kingdom,1,56003.26,121
15312.0,United Kingdom,19,2005.34,8
15314.0,United Kingdom,49,492.48,2
15317.0,United Kingdom,313,129.75,1
15321.0,United Kingdom,73,3961.42,9
15322.0,United Kingdom,112,711.18,1
15323.0,United Kingdom,198,434.6,3
15324.0,United Kingdom,337,140.22000000000003,1
15325.0,United Kingdom,31,1439.72,7
15326.0,United Kingdom,245,1388.81,4
15328.0,United Kingdom,43,107.24,1
15329.0,United Kingdom,10,1934.63,8
15331.0,United Kingdom,135,767.91,3
15332.0,Lithuania,2,4892.68,6
15336.0,United Kingdom,37,240.5,1
15337.0,United Kingdom,47,373.02,1
15338.0,United Kingdom,313,283.43,1
15339.0,United Kingdom,57,1253.77,5
15340.0,United Kingdom,197,105.5,1
15341.0,United Kingdom,85,382.2,1
15346.0,United Kingdom,61,343.7,2
15347.0,United Kingdom,2,1162.0,4
15350.0,United Kingdom,9,547.6,2
15351.0,United Kingdom,5,1778.18,4
15352.0,United Kingdom,184,114.95,1
15353.0,United Kingdom,3,2398.93,6
15354.0,United Kingdom,239,284.4,3
15356.0,United Kingdom,4,698.45,4
15358.0,United Kingdom,1,8703.21,22
15359.0,United Kingdom,298,181.35,8
15361.0,United Kingdom,162,270.15,3
15362.0,United Kingdom,84,613.08,2
15363.0,United Kingdom,8,678.11,2
15365.0,United Kingdom,39,2242.81,6
15366.0,United Kingdom,45,1786.57,5
15367.0,United Kingdom,54,3203.7400000000002,7
15368.0,United Kingdom,30,275.8,1
15369.0,United Kingdom,128,6251.26,11
15370.0,United Kingdom,46,1352.96,1
15371.0,United Kingdom,298,59.400000000000006,1
15372.0,United Kingdom,86,4009.66,7
15373.0,United Kingdom,7,1005.48,6
15374.0,United Kingdom,260,139.32,1
15375.0,United Kingdom,326,60.959999999999994,1
15377.0,United Kingdom,18,1211.75,4
15378.0,United Kingdom,98,246.5,2
15379.0,United Kingdom,36,1174.55,1
15380.0,United Kingdom,1,1788.8,7
15381.0,United Kingdom,59,1293.72,3
15382.0,United Kingdom,10,7777.84,6
15384.0,United Kingdom,17,1385.38,2
15385.0,United Kingdom,28,625.2,2
15387.0,United Kingdom,128,468.65,1
15389.0,United Kingdom,36,2233.8,4
15390.0,Canada,32,1216.66,2
15391.0,United Kingdom,220,289.87,1
15392.0,United Kingdom,10,1376.09,3
15393.0,United Kingdom,203,659.48,3
15394.0,United Kingdom,31,3103.26,7
15396.0,United Kingdom,219,508.20000000000005,1
15400.0,United Kingdom,56,586.1,3
15401.0,United Kingdom,88,216.95,2
15402.0,United Kingdom,23,1203.77,4
15403.0,United Kingdom,127,170.88,2
15404.0,United Kingdom,11,257.06,1
15405.0,United Kingdom,212,310.74,1
15406.0,United Kingdom,89,465.16,2
15409.0,United Kingdom,357,131.25,1
15410.0,United Kingdom,204,1234.88,2
15413.0,United Kingdom,327,6798.72,5
15416.0,United Kingdom,114,588.5,3
15418.0,United Kingdom,61,452.32,2
15420.0,United Kingdom,70,743.0,6
15421.0,United Kingdom,21,2854.98,6
15422.0,United Kingdom,15,1522.27,5
15423.0,United Kingdom,217,223.39000000000001,2
15424.0,United Kingdom,99,214.44,1
15425.0,United Kingdom,36,1944.57,4
15426.0,United Kingdom,5,1168.0,5
15428.0,United Kingdom,23,668.97,3
15430.0,United Kingdom,103,954.75,2
15431.0,United Kingdom,138,153.24,1
15432.0,United Kingdom,177,149.57,1
15434.0,United Kingdom,10,1525.5800000000002,6
15437.0,United Kingdom,276,193.29000000000002,1
15439.0,United Kingdom,40,1269.05,4
15441.0,United Kingdom,32,1254.21,3
15443.0,United Kingdom,110,1939.02,7
15445.0,United Kingdom,226,171.0,1
15446.0,United Kingdom,12,406.95,3
15447.0,United Kingdom,163,337.71000000000004,4
15448.0,United Kingdom,310,294.17,1
15451.0,United Kingdom,70,233.21,2
15452.0,United Kingdom,26,1260.38,3
15454.0,United Kingdom,254,128.59,1
15455.0,United Kingdom,233,38.25,1
15456.0,United Kingdom,39,1672.05,7
15458.0,United Kingdom,38,208.8,1
15459.0,United Kingdom,53,202.83,2
15461.0,United Kingdom,96,429.7,2
15462.0,United Kingdom,81,502.45,1
15465.0,United Kingdom,5,5301.03,15
15466.0,United Kingdom,25,1236.48,3
15468.0,United Kingdom,28,962.97,1
15469.0,United Kingdom,74,335.70000000000005,1
15470.0,United Kingdom,211,63.419999999999995,1
15471.0,United Kingdom,16,847.08,2
15473.0,United Kingdom,80,274.8,1
15474.0,United Kingdom,231,163.1,1
15476.0,United Kingdom,16,2209.98,4
15477.0,United Kingdom,285,368.4,1
15478.0,United Kingdom,211,583.5600000000001,1
15479.0,United Kingdom,369,147.4,1
15480.0,Malta,101,5373.5,4
15481.0,Norway,37,1993.34,1
15482.0,United Kingdom,22,3537.6,7
15483.0,United Kingdom,21,628.39,6
15484.0,United Kingdom,176,1061.69,2
15485.0,United Kingdom,9,3196.51,5
15486.0,United Kingdom,163,102.0,1
15487.0,United Kingdom,315,231.32,1
15488.0,United Kingdom,92,340.6,4
15489.0,United Kingdom,36,1285.3300000000002,5
15490.0,United Kingdom,66,217.6,1
15493.0,United Kingdom,25,2313.18,4
15494.0,United Kingdom,114,2480.82,3
15495.0,United Kingdom,15,246.5,1
15496.0,United Kingdom,267,146.14,1
15497.0,United Kingdom,18,7395.19,7
15498.0,United Kingdom,2,12723.18,19
15499.0,United Kingdom,359,161.6,1
15501.0,United Kingdom,40,402.5,2
15502.0,United Kingdom,4,3608.54,5
15503.0,United Kingdom,362,120.06,1
15504.0,United Kingdom,156,371.02,3
15506.0,United Kingdom,17,1060.77,3
15509.0,United Kingdom,16,166.51,1
15512.0,United Kingdom,26,210.58,2
15513.0,United Kingdom,1,12992.33,18
15514.0,United Kingdom,15,2459.09,7
15515.0,United Kingdom,23,171.81,1
15518.0,United Kingdom,15,2276.49,7
15519.0,United Kingdom,19,344.61,2
15521.0,United Kingdom,36,4106.49,8
15523.0,United Kingdom,24,16947.98,15
15524.0,United Kingdom,242,151.4,1
15525.0,United Kingdom,9,469.78000000000003,2
15527.0,United Kingdom,30,3145.86,15
15529.0,United Kingdom,2,1116.72,2
15530.0,United Kingdom,148,311.37,1
15532.0,United Kingdom,12,2190.9700000000003,6
15534.0,United Kingdom,361,162.25,1
15535.0,United Kingdom,40,551.42,2
15536.0,United Kingdom,45,259.09,1
15538.0,United Kingdom,173,3358.4,6
15540.0,United Kingdom,11,247.38,1
15542.0,United Kingdom,148,918.45,3
15543.0,United Kingdom,95,114.98,1
15544.0,United Kingdom,8,4615.72,12
15545.0,United Kingdom,7,135.32999999999998,1
15546.0,United Kingdom,242,1079.1000000000001,2
15547.0,United Kingdom,12,5199.55,12
15548.0,United Kingdom,231,158.09,1
15549.0,United Kingdom,57,652.7,5
15550.0,United Kingdom,14,1643.17,8
15551.0,United Kingdom,30,1274.02,6
15552.0,United Kingdom,259,162.4,1
15555.0,United Kingdom,1,7307.18,22
15558.0,United Kingdom,275,214.13,1
15559.0,United Kingdom,204,1109.4,1
15560.0,United Kingdom,33,153.52,2
15561.0,United Kingdom,19,1133.8,4
15562.0,United Kingdom,60,538.83,2
15563.0,United Kingdom,150,1466.56,3
15564.0,United Kingdom,99,70.74000000000001,2
15566.0,United Kingdom,28,227.87,2
15569.0,United Kingdom,26,2210.64,5
15570.0,United Kingdom,5,5145.52,14
15571.0,United Kingdom,22,3401.2,10
15572.0,United Kingdom,16,1515.81,3
15573.0,United Kingdom,254,599.73,3
15574.0,United Kingdom,8,816.4499999999999,3
15575.0,United Kingdom,255,30.1,1
15577.0,United Kingdom,359,139.1,2
15579.0,United Kingdom,19,953.9,3
15580.0,United Kingdom,12,1381.19,8
15581.0,United Kingdom,2,4114.62,26
15583.0,United Kingdom,12,107.86,1
15584.0,United Kingdom,35,552.39,2
15586.0,United Kingdom,228,1139.1000000000001,3
15587.0,United Kingdom,28,608.4,3
15588.0,United Kingdom,313,579.6,1
15590.0,United Kingdom,18,1496.6,5
15591.0,United Kingdom,218,217.9,3
15595.0,United Kingdom,123,357.59999999999997,1
15596.0,United Kingdom,1,1723.45,5
15597.0,United Kingdom,211,238.8,1
15598.0,United Kingdom,63,307.34,1
15599.0,United Kingdom,81,488.32,1
15600.0,United Kingdom,64,1199.31,4
15601.0,United Kingdom,8,8183.56,17
15602.0,United Kingdom,4,1932.64,8
15603.0,United Kingdom,284,40.0,1
15605.0,United Kingdom,9,738.57,5
15606.0,United Kingdom,26,2310.83,8
15607.0,United Kingdom,179,1604.21,8
15608.0,United Kingdom,51,692.3,1
15611.0,United Kingdom,19,1405.83,13
15613.0,United Kingdom,246,433.71999999999997,1
15614.0,United Kingdom,73,3147.36,4
15615.0,United Kingdom,26,10974.23,24
15616.0,United Kingdom,74,317.11,1
15617.0,United Kingdom,32,828.5500000000001,3
15620.0,United Kingdom,45,389.18,1
15622.0,United Kingdom,63,4143.05,8
15623.0,United Kingdom,29,2136.02,7
15625.0,United Kingdom,12,1702.1399999999999,5
15626.0,United Kingdom,57,391.72,1
15627.0,United Kingdom,93,566.9,2
15628.0,United Kingdom,2,2782.02,9
15629.0,United Kingdom,86,2240.9,4
15630.0,United Kingdom,280,295.05,1
15631.0,United Kingdom,278,596.67,1
15633.0,United Kingdom,145,4352.46,13
15634.0,United Kingdom,19,311.1,1
15635.0,United Kingdom,31,100.35,1
15636.0,United Kingdom,73,719.82,2
15637.0,United Kingdom,49,574.23,4
15638.0,United Kingdom,14,2265.2,6
15639.0,United Kingdom,87,639.76,2
15640.0,United Kingdom,8,11441.92,15
15641.0,United Kingdom,32,3458.35,8
15642.0,United Kingdom,365,105.78,1
15645.0,United Kingdom,50,443.16,2
15646.0,United Kingdom,8,526.97,3
15647.0,United Kingdom,51,169.0,1
15649.0,United Kingdom,3,1354.35,3
15650.0,United Kingdom,157,553.88,2
15651.0,United Kingdom,56,612.76,2
15652.0,United Kingdom,23,1082.6,4
15658.0,United Kingdom,8,1399.3700000000001,4
15659.0,United Kingdom,22,226.04,2
15660.0,United Kingdom,1,1212.13,7
15661.0,United Kingdom,15,906.15,6
15662.0,United Kingdom,297,283.73,2
15664.0,United Kingdom,85,867.6,3
15665.0,United Kingdom,47,1773.11,3
15666.0,United Kingdom,108,632.94,2
15670.0,United Kingdom,192,152.15,1
15672.0,United Kingdom,361,45.300000000000004,1
15673.0,United Kingdom,87,3533.77,5
15674.0,United Kingdom,53,4501.63,8
15675.0,United Kingdom,40,218.35,1
15677.0,United Kingdom,57,648.4,2
15678.0,United Kingdom,31,1541.19,2
15680.0,United Kingdom,2,3173.9,8
15681.0,United Kingdom,15,1563.54,9
15682.0,United Kingdom,235,318.24,2
15683.0,United Kingdom,109,330.79,1
15684.0,United Kingdom,183,173.95,3
15685.0,United Kingdom,86,55.980000000000004,1
15686.0,United Kingdom,56,90.0,1
15688.0,United Kingdom,54,190.57,1
15689.0,United Kingdom,253,266.93,1
15691.0,United Kingdom,30,434.5,3
15693.0,United Kingdom,295,37.5,1
15694.0,United Kingdom,1,4331.41,12
15695.0,United Kingdom,233,721.0600000000001,2
15696.0,United Kingdom,59,1170.1100000000001,5
15697.0,United Kingdom,325,246.75,1
15698.0,United Kingdom,260,46.2,1
15702.0,Nigeria,112,140.39,2
15704.0,United Kingdom,138,1524.3400000000001,2
15708.0,United Kingdom,5,1014.48,3
15709.0,United Kingdom,225,194.6,1
15710.0,United Kingdom,53,898.87,1
15711.0,United Kingdom,192,420.25,2
15712.0,United Kingdom,15,2400.05,7
15713.0,United Kingdom,2,654.09,3
15714.0,United Kingdom,89,453.93,3
15715.0,United Kingdom,191,658.02,5
15716.0,United Kingdom,5,1938.0,8
15717.0,United Kingdom,57,456.70000000000005,4
15718.0,United Kingdom,176,293.79,1
15719.0,United Kingdom,17,5177.45,18
15720.0,United Kingdom,186,143.19,1
15722.0,United Kingdom,81,3035.54,6
15723.0,United Kingdom,47,744.55,3
15724.0,United Kingdom,36,92.6,1
15726.0,United Kingdom,26,321.91,1
15727.0,United Kingdom,23,4266.55,8
15728.0,United Kingdom,15,544.6,2
15729.0,United Kingdom,36,107.55000000000001,2
15730.0,United Kingdom,17,605.7,2
15731.0,United Kingdom,189,125.3,1
15732.0,United Kingdom,8,1387.95,9
15734.0,United Kingdom,72,923.85,2
15735.0,United Kingdom,57,327.68,1
15736.0,United Kingdom,71,1815.72,2
15738.0,United Kingdom,8,8560.55,26
15741.0,United Kingdom,94,208.62,2
15742.0,United Kingdom,255,156.87,1
15747.0,United Kingdom,11,1588.57,6
15748.0,United Kingdom,85,465.45,2
15750.0,United Kingdom,2,4331.711,12
15751.0,United Kingdom,96,1380.44,11
15752.0,United Kingdom,8,1570.16,3
15754.0,United Kingdom,129,2579.04,6
15755.0,United Kingdom,15,3628.87,11
15757.0,United Kingdom,22,2225.94,4
15759.0,United Kingdom,147,577.89,4
15760.0,Norway,266,13916.34,2
15761.0,United Kingdom,78,143.05,1
15764.0,United Kingdom,70,1223.1100000000001,2
15765.0,United Kingdom,302,370.63,1
15766.0,United Kingdom,92,516.0,2
15768.0,United Kingdom,112,14979.26,31
15769.0,United Kingdom,7,32451.6,21
15770.0,United Kingdom,248,321.45,1
15771.0,United Kingdom,240,1006.54,3
15772.0,United Kingdom,54,280.88,1
15773.0,United Kingdom,45,138.84,1
15774.0,United Kingdom,54,1059.14,5
15775.0,United Kingdom,267,45.599999999999994,1
15777.0,United Kingdom,32,715.5,3
15778.0,United Kingdom,67,307.95000000000005,1
15779.0,United Kingdom,99,124.08000000000001,2
15782.0,United Kingdom,66,1399.36,1
15784.0,United Kingdom,103,848.33,2
15785.0,United Kingdom,15,3640.96,11
15786.0,United Kingdom,53,3582.62,2
15788.0,United Kingdom,144,221.83,1
15789.0,United Kingdom,67,1610.71,5
15791.0,United Kingdom,165,1995.65,3
15792.0,United Kingdom,35,933.84,2
15793.0,United Kingdom,14,1433.96,5
15794.0,United Kingdom,372,777.0,2
15795.0,United Kingdom,66,1369.8600000000001,7
15796.0,United Kingdom,10,2464.27,9
15797.0,United Kingdom,217,613.6800000000001,2
15798.0,United Kingdom,128,1535.37,3
15799.0,United Kingdom,54,540.15,1
15800.0,United Kingdom,89,543.5,5
15803.0,United Kingdom,81,1513.84,3
15805.0,United Kingdom,21,4660.75,13
15807.0,United Kingdom,44,913.62,2
15808.0,United Kingdom,5,14674.960000000001,18
15809.0,United Kingdom,95,758.6700000000001,2
15810.0,United Kingdom,22,1607.06,4
15811.0,United Kingdom,1,1671.9,2
15812.0,United Kingdom,71,3400.33,7
15814.0,United Kingdom,29,689.11,2
15816.0,United Kingdom,178,144.15,2
15817.0,United Kingdom,56,2766.4,3
15818.0,United Kingdom,224,340.5,1
15819.0,United Kingdom,67,2029.3400000000001,6
15822.0,United Kingdom,129,954.59,4
15823.0,United Kingdom,8,3882.17,3
15824.0,United Kingdom,89,890.94,2
15826.0,United Kingdom,204,943.97,1
15827.0,United Kingdom,8,1957.98,16
15828.0,United Kingdom,11,1108.82,1
15833.0,United Kingdom,373,80.4,1
15834.0,United Kingdom,12,1539.24,3
15837.0,United Kingdom,121,385.03000000000003,1
15838.0,United Kingdom,3,40519.92,16
15841.0,United Kingdom,22,1518.35,5
15842.0,United Kingdom,29,548.8000000000001,2
15845.0,United Kingdom,172,714.51,3
15846.0,United Kingdom,21,107.01,1
15847.0,United Kingdom,64,433.3,3
15848.0,United Kingdom,257,139.94,1
15850.0,United Kingdom,12,819.87,4
15851.0,United Kingdom,162,109.73,1
15852.0,United Kingdom,162,96.55,1
15854.0,United Kingdom,12,2609.16,9
15855.0,United Kingdom,112,340.48,1
15856.0,United Kingdom,1,17832.77,26
15857.0,United Kingdom,66,273.48,1
15858.0,United Kingdom,3,2521.52,9
15859.0,United Kingdom,68,438.46,1
15860.0,United Kingdom,4,1528.0,10
15861.0,United Kingdom,92,1236.43,4
15862.0,United Kingdom,9,2095.41,10
15863.0,United Kingdom,253,289.86,3
15864.0,United Kingdom,17,244.44,1
15865.0,United Kingdom,49,1353.79,2
15867.0,United Kingdom,5,5251.31,17
15868.0,United Kingdom,219,94.53,1
15869.0,United Kingdom,262,174.02,1
15870.0,United Kingdom,32,508.52000000000004,3
15871.0,United Kingdom,73,33.099999999999994,1
15872.0,United Kingdom,14,434.75,2
15873.0,United Kingdom,135,313.91999999999996,4
15874.0,United Kingdom,23,6878.88,14
15875.0,United Kingdom,282,111.72,1
15876.0,United Kingdom,45,1449.14,2
15878.0,United Kingdom,197,330.77,2
15879.0,United Kingdom,40,1157.3,4
15880.0,United Kingdom,5,343.28,1
15882.0,United Kingdom,4,979.62,6
15884.0,United Kingdom,68,249.70000000000002,2
15885.0,United Kingdom,19,1572.47,12
15886.0,United Kingdom,52,871.78,3
15887.0,United Kingdom,42,1027.15,3
15888.0,United Kingdom,36,260.85,2
15889.0,United Kingdom,5,1359.41,7
15890.0,United Kingdom,30,535.65,5
15892.0,United Kingdom,305,128.2,1
15893.0,United Kingdom,117,305.28000000000003,1
15894.0,United Kingdom,5,156.74,1
15898.0,United Kingdom,3,4207.43,22
15899.0,United Kingdom,4,56.25,1
15900.0,United Kingdom,49,549.29,3
15901.0,United Kingdom,87,339.34,4
15902.0,United Kingdom,16,145.01,1
15903.0,United Kingdom,14,3813.08,5
15905.0,United Kingdom,179,114.69,1
15906.0,United Kingdom,10,987.95,3
15908.0,United Kingdom,126,764.57,2
15910.0,United Kingdom,36,1449.62,7
15911.0,United Kingdom,259,1702.34,8
15912.0,United Kingdom,72,810.08,7
15913.0,United Kingdom,170,6.300000000000001,1
15914.0,United Kingdom,14,205.99,2
15915.0,United Kingdom,37,429.21,1
15916.0,United Kingdom,2,1899.08,7
15917.0,United Kingdom,242,437.53,4
15918.0,United Kingdom,267,248.65,1
15919.0,United Kingdom,4,270.72,1
15920.0,United Kingdom,60,404.14,5
15921.0,United Kingdom,32,466.08,3
15922.0,United Kingdom,9,369.5,1
15923.0,United Kingdom,8,127.08,1
15924.0,United Kingdom,367,102.82,1
15926.0,United Kingdom,178,134.44,1
15927.0,United Kingdom,283,123.39000000000001,1
15928.0,United Kingdom,292,293.53,1
15929.0,United Kingdom,280,594.0,1
15931.0,United Kingdom,64,239.9,1
15934.0,United Kingdom,53,2190.66,2
15936.0,United Kingdom,15,282.79,2
15938.0,United Kingdom,92,330.23,4
15939.0,United Kingdom,10,2945.38,1
15941.0,United Kingdom,273,405.0,1
15943.0,United Kingdom,285,271.28999999999996,2
15944.0,United Kingdom,29,1839.14,3
15945.0,United Kingdom,1,646.27,4
15946.0,United Kingdom,138,2304.18,3
15948.0,United Kingdom,60,553.85,1
15950.0,United Kingdom,11,5415.2,6
15951.0,United Kingdom,17,304.95,1
15953.0,United Kingdom,5,2010.17,11
15954.0,United Kingdom,225,190.75,1
15955.0,United Kingdom,8,4242.1,9
15956.0,United Kingdom,187,617.6,2
15957.0,United Kingdom,56,501.21,2
15958.0,United Kingdom,39,388.64,3
15959.0,United Kingdom,318,579.49,3
15960.0,United Kingdom,10,410.95,4
15961.0,United Kingdom,15,451.28999999999996,1
15962.0,United Kingdom,85,295.83,1
15964.0,United Kingdom,299,272.96000000000004,1
15965.0,United Kingdom,3,2167.45,10
15966.0,United Kingdom,86,426.53,1
15967.0,United Kingdom,15,2622.77,10
15968.0,United Kingdom,24,418.05,1
15969.0,United Kingdom,61,460.95,2
15970.0,United Kingdom,234,703.22,1
15971.0,United Kingdom,21,1702.98,6
15972.0,United Kingdom,92,1810.27,5
15973.0,United Kingdom,2,680.62,3
15976.0,United Kingdom,46,1315.7,4
15978.0,United Kingdom,68,2180.64,2
15979.0,United Kingdom,238,329.21999999999997,1
15980.0,United Kingdom,126,4194.82,4
15981.0,United Kingdom,37,5954.29,13
15982.0,United Kingdom,241,324.51,1
15983.0,United Kingdom,1,2483.8,6
15984.0,United Kingdom,4,5921.65,21
15985.0,United Kingdom,72,1572.8600000000001,5
15986.0,United Kingdom,17,186.3,1
15987.0,United Kingdom,4,230.85,2
15988.0,United Kingdom,187,612.0600000000001,2
15989.0,United Kingdom,11,372.51,2
15990.0,United Kingdom,130,1217.94,5
15991.0,United Kingdom,170,150.55,1
15992.0,United Kingdom,32,854.61,2
15994.0,United Kingdom,47,775.11,2
15995.0,United Kingdom,50,696.19,1
15996.0,United Kingdom,2,626.22,2
15998.0,United Kingdom,29,5218.37,11
15999.0,United Kingdom,371,20.4,1
16001.0,United Kingdom,17,583.39,1
16002.0,United Kingdom,261,169.21,1
16003.0,United Kingdom,17,2878.46,5
16004.0,United Kingdom,110,2146.39,5
16005.0,United Kingdom,11,1820.83,6
16006.0,United Kingdom,23,245.77,1
16007.0,United Kingdom,19,1373.2,3
16008.0,United Kingdom,18,4905.35,12
16010.0,United Kingdom,12,1316.56,8
16011.0,United Kingdom,2,2517.75,14
16012.0,United Kingdom,37,1574.5,2
16013.0,United Kingdom,7,20315.84,39
16014.0,United Kingdom,44,467.89,2
16016.0,United Kingdom,2,1025.18,4
16017.0,United Kingdom,53,1341.95,4
16018.0,United Kingdom,32,289.23,2
16019.0,United Kingdom,17,13679.61,18
16021.0,United Kingdom,31,532.25,2
16024.0,United Kingdom,47,232.96,2
16027.0,United Kingdom,93,1113.74,9
16028.0,United Kingdom,231,82.2,1
16029.0,United Kingdom,8,41184.3,47
16032.0,United Kingdom,92,1970.45,6
16033.0,United Kingdom,5,2019.73,8
16034.0,United Kingdom,30,491.02,3
16035.0,United Kingdom,196,217.73,1
16036.0,United Kingdom,60,1797.92,2
16037.0,United Kingdom,180,654.32,2
16039.0,United Kingdom,59,456.4,2
16040.0,United Kingdom,66,1103.3500000000001,4
16042.0,United Kingdom,15,1067.85,3
16043.0,United Kingdom,15,1082.6,4
16044.0,United Kingdom,71,340.84000000000003,1
16045.0,United Kingdom,52,2094.23,4
16046.0,United Kingdom,198,235.78,1
16047.0,EIRE,318,107.14,1
16048.0,United Kingdom,9,818.7900000000001,4
16049.0,United Kingdom,11,787.89,3
16050.0,United Kingdom,19,162.8,2
16051.0,United Kingdom,317,188.44,1
16053.0,United Kingdom,49,2122.89,4
16054.0,United Kingdom,54,1327.98,3
16057.0,United Kingdom,155,1591.73,3
16058.0,United Kingdom,42,62.7,1
16059.0,United Kingdom,3,1757.91,7
16060.0,United Kingdom,36,541.95,3
16061.0,United Kingdom,67,89.65,1
16062.0,United Kingdom,15,1709.83,4
16064.0,United Kingdom,361,111.0,1
16065.0,United Kingdom,1,2010.53,8
16067.0,United Kingdom,198,3395.29,3
16068.0,United Kingdom,229,122.93,1
16069.0,United Kingdom,53,457.7,1
16071.0,United Kingdom,163,750.5600000000001,3
16072.0,United Kingdom,64,3744.57,3
16074.0,United Kingdom,26,265.25,1
16075.0,United Kingdom,138,736.9300000000001,2
16077.0,United Kingdom,261,2300.4,1
16078.0,United Kingdom,305,283.79,1
16080.0,United Kingdom,21,385.4,2
16081.0,United Kingdom,2,1653.28,4
16082.0,United Kingdom,306,106.75,1
16083.0,United Kingdom,18,1033.8,2
16085.0,United Kingdom,16,1362.02,7
16086.0,United Kingdom,3,1743.6,6
16087.0,United Kingdom,25,1739.92,5
16088.0,United Kingdom,211,1437.43,2
16089.0,United Kingdom,22,271.44,2
16090.0,United Kingdom,260,205.91,1
16092.0,United Kingdom,140,770.08,3
16094.0,United Kingdom,11,2617.33,7
16095.0,United Kingdom,92,447.05,1
16096.0,United Kingdom,52,1264.3500000000001,3
16098.0,United Kingdom,9,2442.47,8
16099.0,United Kingdom,53,841.3,4
16100.0,United Kingdom,98,582.64,1
16101.0,United Kingdom,70,1938.46,3
16103.0,United Kingdom,25,4762.07,16
16104.0,United Kingdom,54,2476.25,8
16105.0,United Kingdom,74,2049.23,4
16108.0,United Kingdom,70,1393.42,3
16109.0,United Kingdom,334,327.59999999999997,1
16110.0,United Kingdom,158,481.79,1
16111.0,United Kingdom,64,562.48,1
16115.0,United Kingdom,33,907.17,4
16117.0,United Kingdom,38,422.19,2
16118.0,United Kingdom,288,4376.25,1
16119.0,United Kingdom,30,1297.45,6
16120.0,United Kingdom,58,1747.77,2
16121.0,United Kingdom,26,609.98,3
16122.0,United Kingdom,2,316.92,3
16124.0,United Kingdom,54,1523.49,3
16125.0,United Kingdom,3,4298.3,14
16126.0,United Kingdom,15,8359.03,11
16127.0,United Kingdom,362,145.06,1
16128.0,United Kingdom,16,1920.8300000000002,6
16129.0,United Kingdom,43,1396.05,3
16130.0,United Kingdom,58,987.48,4
16131.0,United Kingdom,11,6450.88,6
16132.0,United Kingdom,180,664.1999999999999,2
16133.0,United Kingdom,12,8403.22,23
16134.0,United Kingdom,59,1527.25,3
16135.0,United Kingdom,219,301.9,1
16136.0,United Kingdom,299,237.42000000000002,1
16137.0,United Kingdom,316,422.7,1
16138.0,United Kingdom,14,910.35,3
16139.0,United Kingdom,358,475.74,2
16140.0,United Kingdom,7,832.4200000000001,2
16141.0,United Kingdom,53,335.54,1
16143.0,United Kingdom,5,2485.89,7
16145.0,United Kingdom,24,3005.9500000000003,8
16146.0,United Kingdom,84,212.25,1
16147.0,United Kingdom,36,2023.91,4
16148.0,United Kingdom,72,310.3,1
16149.0,United Kingdom,65,141.7,1
16150.0,United Kingdom,8,2342.57,6
16153.0,United Kingdom,56,3309.26,6
16155.0,United Kingdom,17,796.9,5
16156.0,United Kingdom,18,3096.14,11
16158.0,United Kingdom,158,628.32,9
16159.0,United Kingdom,106,884.59,3
16161.0,United Kingdom,4,7256.24,25
16163.0,United Kingdom,1,1992.98,5
16165.0,United Kingdom,141,79.9,1
16166.0,United Kingdom,64,435.83,2
16167.0,United Kingdom,50,1386.12,5
16168.0,United Kingdom,5,6848.87,40
16170.0,United Kingdom,31,4983.95,14
16172.0,United Kingdom,109,744.34,3
16174.0,United Kingdom,127,1237.2,4
16175.0,United Kingdom,107,798.85,3
16176.0,United Kingdom,57,2052.69,4
16177.0,United Kingdom,72,1915.3600000000001,7
16178.0,United Kingdom,37,414.7,1
16180.0,United Kingdom,114,5995.69,5
16182.0,United Kingdom,74,3354.0,5
16183.0,United Kingdom,30,739.1,3
16185.0,United Kingdom,200,115.31,1
16186.0,United Kingdom,8,5019.17,15
16188.0,United Kingdom,44,105.80000000000001,1
16190.0,United Kingdom,30,2508.4700000000003,7
16191.0,United Kingdom,11,10507.5,11
16192.0,United Kingdom,371,351.3,1
16193.0,United Kingdom,46,315.98,1
16194.0,United Kingdom,11,308.6,1
16195.0,United Kingdom,359,323.25,1
16196.0,United Kingdom,124,93.3,1
16197.0,United Kingdom,105,2016.71,9
16198.0,United Kingdom,73,629.36,1
16199.0,United Kingdom,28,942.75,7
16200.0,United Kingdom,18,4562.83,10
16201.0,United Kingdom,51,248.65,1
16202.0,United Kingdom,53,2136.72,8
16203.0,United Kingdom,8,521.64,3
16204.0,United Kingdom,16,538.53,2
16205.0,United Kingdom,32,1069.23,3
16206.0,United Kingdom,23,2065.26,9
16208.0,United Kingdom,30,2776.19,8
16209.0,United Kingdom,18,1884.16,4
16210.0,United Kingdom,4,17403.21,19
16211.0,United Kingdom,57,543.5699999999999,2
16212.0,United Kingdom,254,603.37,2
16214.0,United Kingdom,71,975.5,1
16218.0,United Kingdom,9,1355.29,7
16219.0,United Kingdom,136,40.8,1
16221.0,United Kingdom,3,1370.65,7
16222.0,United Kingdom,357,498.50000000000006,1
16223.0,United Kingdom,10,1102.3500000000001,2
16224.0,United Kingdom,23,321.24,1
16225.0,United Kingdom,38,1771.0900000000001,10
16226.0,United Kingdom,14,417.05,2
16227.0,United Kingdom,130,713.0,2
16228.0,United Kingdom,21,890.81,3
16229.0,United Kingdom,17,1857.26,4
16231.0,United Kingdom,15,1078.22,4
16232.0,United Kingdom,56,1722.09,3
16233.0,United Kingdom,2,1429.03,7
16234.0,United Kingdom,112,333.18,3
16235.0,United Kingdom,11,1186.4,4
16237.0,United Kingdom,73,136.65,1
16238.0,United Kingdom,58,63.66,1
16239.0,United Kingdom,18,1078.0,4
16241.0,United Kingdom,5,1721.44,4
16242.0,United Kingdom,17,3871.19,7
16244.0,United Kingdom,8,1056.63,1
16246.0,United Kingdom,95,827.25,2
16250.0,United Kingdom,9,401.94,2
16251.0,United Kingdom,148,128.31,1
16252.0,United Kingdom,18,295.09000000000003,1
16253.0,United Kingdom,56,3626.29,5
16254.0,United Kingdom,14,985.14,3
16255.0,United Kingdom,1,2286.89,8
16256.0,United Kingdom,129,876.9399999999999,2
16258.0,United Kingdom,23,6739.01,10
16259.0,United Kingdom,46,361.94,3
16261.0,United Kingdom,22,312.62,2
16262.0,United Kingdom,14,755.15,1
16263.0,United Kingdom,59,351.01,1
16264.0,United Kingdom,74,837.53,2
16265.0,United Kingdom,22,1488.17,3
16266.0,United Kingdom,59,896.06,7
16267.0,United Kingdom,227,186.66,1
16269.0,United Kingdom,73,717.57,1
16271.0,United Kingdom,93,2033.78,5
16273.0,United Kingdom,284,336.03999999999996,2
16274.0,United Kingdom,9,357.95,1
16275.0,United Kingdom,110,1591.24,2
16276.0,United Kingdom,115,1818.79,2
16277.0,United Kingdom,369,188.69,1
16278.0,United Kingdom,116,551.46,2
16279.0,United Kingdom,21,4195.5,6
16280.0,United Kingdom,361,238.05,1
16281.0,United Kingdom,59,1361.96,2
16282.0,United Kingdom,123,1139.28,2
16283.0,United Kingdom,54,2833.01,3
16284.0,United Kingdom,29,205.8,1
16285.0,United Kingdom,282,176.9,1
16286.0,United Kingdom,113,328.95,2
16287.0,United Kingdom,12,864.48,4
16288.0,United Kingdom,106,129.85,1
16289.0,United Kingdom,98,136.31,1
16290.0,United Kingdom,100,2069.3,4
16291.0,Portugal,318,117.72,1
16292.0,United Kingdom,16,951.51,4
16293.0,United Kingdom,3,2408.96,6
16294.0,United Kingdom,112,126.05000000000001,1
16296.0,United Kingdom,262,1313.67,4
16298.0,United Kingdom,33,487.5,4
16299.0,United Kingdom,113,193.65,1
16300.0,United Kingdom,66,1392.43,3
16301.0,United Kingdom,372,107.33,1
16303.0,United Kingdom,28,2567.64,4
16304.0,United Kingdom,330,381.66,1
16306.0,United Kingdom,3,560.55,2
16307.0,United Kingdom,65,1194.92,3
16308.0,United Kingdom,42,2560.0,3
16310.0,United Kingdom,50,460.08,2
16312.0,United Kingdom,68,171.15,1
16314.0,United Kingdom,25,1491.4,3
16315.0,United Kingdom,172,176.34,1
16316.0,United Kingdom,16,2806.0,5
16317.0,United Kingdom,186,850.86,2
16320.0,Unspecified,89,4590.53,4
16321.0,Australia,262,230.9,2
16323.0,United Kingdom,213,146.16,1
16325.0,United Kingdom,60,3003.26,9
16326.0,United Kingdom,19,1716.03,10
16327.0,United Kingdom,5,6887.12,11
16328.0,United Kingdom,199,310.83,1
16329.0,United Kingdom,63,1703.07,4
16330.0,United Kingdom,60,382.42,4
16331.0,United Kingdom,68,2037.7,6
16332.0,United Kingdom,67,417.21,4
16334.0,United Kingdom,128,277.48,1
16335.0,United Kingdom,187,2774.0,7
16336.0,United Kingdom,56,3517.69,4
16340.0,United Kingdom,75,976.99,2
16341.0,United Kingdom,73,1878.92,3
16343.0,United Kingdom,43,316.59,1
16344.0,United Kingdom,145,741.3199999999999,3
16345.0,United Kingdom,119,623.33,1
16346.0,United Kingdom,21,224.51,1
16347.0,United Kingdom,24,2621.76,9
16348.0,United Kingdom,66,328.77,1
16350.0,United Kingdom,10,1137.42,5
16351.0,United Kingdom,47,3176.13,12
16353.0,United Kingdom,5,3323.75,16
16354.0,United Kingdom,15,733.71,3
16355.0,United Kingdom,11,416.35,1
16356.0,United Kingdom,12,204.10000000000002,3
16357.0,United Kingdom,17,209.49,1
16358.0,United Kingdom,30,892.1500000000001,1
16359.0,United Kingdom,12,946.83,7
16362.0,United Kingdom,73,212.17000000000002,1
16365.0,United Kingdom,3,1766.78,7
16366.0,United Kingdom,218,1220.83,3
16367.0,United Kingdom,19,557.91,1
16368.0,United Kingdom,71,142.78,1
16369.0,United Kingdom,72,1111.15,4
16371.0,United Kingdom,84,157.2,1
16372.0,United Kingdom,45,960.68,3
16373.0,United Kingdom,18,309.49,2
16374.0,United Kingdom,38,1298.42,3
16375.0,United Kingdom,106,104.0,2
16377.0,United Kingdom,253,632.28,1
16381.0,United Kingdom,31,258.7,2
16382.0,United Kingdom,44,353.1,2
16383.0,United Kingdom,32,2306.48,5
16384.0,United Kingdom,65,774.45,2
16385.0,United Kingdom,2,474.72,3
16386.0,United Kingdom,23,785.39,1
16387.0,United Kingdom,31,824.19,4
16388.0,United Kingdom,289,186.05,1
16390.0,United Kingdom,172,467.5,3
16391.0,United Kingdom,36,1103.61,4
16392.0,United Kingdom,49,541.86,2
16393.0,United Kingdom,5,2515.45,11
16395.0,United Kingdom,29,2050.95,9
16396.0,United Kingdom,112,137.8,1
16397.0,United Kingdom,264,127.88,1
16399.0,United Kingdom,25,233.25,1
16400.0,United Kingdom,31,2855.5099999999998,8
16401.0,United Kingdom,15,2750.83,11
16402.0,United Kingdom,5,211.8,1
16406.0,United Kingdom,86,389.61,2
16407.0,United Kingdom,25,694.72,4
16408.0,United Kingdom,227,231.93,1
16409.0,United Kingdom,16,3680.16,7
16410.0,United Kingdom,370,130.32,1
16411.0,United Kingdom,5,695.54,3
16412.0,United Kingdom,29,495.4,4
16413.0,United Kingdom,11,266.78000000000003,1
16414.0,United Kingdom,67,433.46,3
16415.0,United Kingdom,219,509.09000000000003,2
16416.0,United Kingdom,26,1921.48,6
16417.0,United Kingdom,128,35.7,1
16418.0,United Kingdom,44,426.67,2
16419.0,United Kingdom,213,515.19,2
16420.0,United Kingdom,32,75.0,1
16421.0,United Kingdom,12,526.27,3
16422.0,United Kingdom,5,28967.07,59
16424.0,United Kingdom,18,309.5,1
16428.0,United Kingdom,49,660.28,3
16430.0,United Kingdom,17,817.09,6
16433.0,United Kingdom,44,200.26,1
16434.0,United Kingdom,82,1219.49,5
16435.0,United Kingdom,148,1011.5699999999999,3
16436.0,United Kingdom,304,329.34,3
16437.0,United Kingdom,17,301.25,2
16439.0,United Kingdom,358,310.70000000000005,1
16440.0,United Kingdom,129,216.3,1
16441.0,United Kingdom,53,653.23,3
16442.0,United Kingdom,240,282.68,2
16443.0,United Kingdom,156,162.24,1
16444.0,United Kingdom,26,3001.91,13
16445.0,United Kingdom,22,372.22,3
16447.0,United Kingdom,226,516.13,2
16448.0,United Kingdom,107,178.98000000000002,1
16450.0,United Kingdom,220,1193.81,2
16451.0,United Kingdom,197,746.1800000000001,2
16452.0,United Kingdom,266,332.17,2
16453.0,United Kingdom,166,251.71,2
16454.0,United Kingdom,242,24.05,2
16455.0,United Kingdom,7,2543.19,6
16456.0,United Kingdom,9,4704.54,9
16458.0,United Kingdom,11,2232.6,12
16459.0,United Kingdom,365,71.78999999999999,1
16461.0,United Kingdom,226,1463.8,2
16465.0,United Kingdom,56,746.24,2
16466.0,United Kingdom,19,2235.13,8
16467.0,United Kingdom,144,2869.16,7
16468.0,United Kingdom,106,712.62,2
16469.0,United Kingdom,150,178.48000000000002,1
16470.0,United Kingdom,32,1696.21,7
16471.0,United Kingdom,29,966.03,3
16472.0,United Kingdom,70,789.6,2
16473.0,United Kingdom,10,154.72,1
16476.0,United Kingdom,67,350.35,1
16477.0,United Kingdom,7,1825.56,5
16481.0,United Kingdom,318,453.38,1
16485.0,United Kingdom,68,1931.03,4
16486.0,United Kingdom,173,134.36,1
16487.0,United Kingdom,213,209.4,2
16489.0,United Kingdom,16,303.7,2
16490.0,United Kingdom,72,205.41000000000003,1
16491.0,United Kingdom,49,801.66,1
16492.0,United Kingdom,176,385.56,1
16493.0,United Kingdom,80,780.46,3
16496.0,United Kingdom,67,731.25,3
16497.0,United Kingdom,49,3729.59,17
16499.0,United Kingdom,10,2212.89,6
16500.0,United Kingdom,10,443.05,3
16501.0,United Kingdom,19,1237.23,1
16502.0,United Kingdom,256,266.5,2
16503.0,United Kingdom,31,2182.41,7
16507.0,United Kingdom,208,152.76,1
16508.0,United Kingdom,266,248.8,1
16510.0,United Kingdom,8,1851.9,6
16511.0,United Kingdom,33,868.76,3
16515.0,United Kingdom,15,1589.17,5
16518.0,United Kingdom,57,475.05,2
16519.0,United Kingdom,1,341.18,3
16520.0,United Kingdom,1,1436.05,4
16521.0,United Kingdom,51,1148.01,3
16522.0,United Kingdom,71,433.36,2
16523.0,United Kingdom,51,2497.86,7
16524.0,United Kingdom,82,308.14,2
16525.0,United Kingdom,2,11555.19,23
16526.0,United Kingdom,220,426.85,1
16527.0,United Kingdom,60,1044.38,1
16529.0,United Kingdom,113,1556.75,3
16530.0,United Kingdom,304,48.35,1
16531.0,United Kingdom,17,1053.74,4
16532.0,United Kingdom,67,2007.84,2
16534.0,United Kingdom,278,635.9,1
16535.0,United Kingdom,21,407.84,2
16537.0,United Kingdom,277,23.35,1
16538.0,United Kingdom,177,399.62,3
16539.0,United Kingdom,9,2343.2,7
16540.0,United Kingdom,50,226.70000000000002,1
16541.0,United Kingdom,371,424.03,1
16542.0,United Kingdom,37,137.7,1
16543.0,United Kingdom,227,292.21,1
16544.0,United Kingdom,155,376.70000000000005,4
16545.0,United Kingdom,11,350.52,1
16546.0,United Kingdom,8,4819.32,4
16547.0,United Kingdom,182,111.71,1
16548.0,United Kingdom,235,30.15,1
16549.0,United Kingdom,33,9027.55,24
16550.0,United Kingdom,4,7136.16,14
16551.0,United Kingdom,59,1315.0,4
16552.0,United Kingdom,9,95.28999999999999,1
16553.0,United Kingdom,32,10924.19,21
16554.0,United Kingdom,22,2004.6200000000001,5
16555.0,United Kingdom,141,1629.79,4
16556.0,United Kingdom,11,4698.79,10
16558.0,United Kingdom,2,5535.02,19
16559.0,United Kingdom,33,185.20000000000002,1
16560.0,United Kingdom,33,2206.9700000000003,6
16562.0,United Kingdom,112,223.86,1
16563.0,United Kingdom,36,3345.02,5
16564.0,United Kingdom,205,87.80000000000001,1
16565.0,United Kingdom,42,599.35,3
16568.0,United Kingdom,63,1020.9,2
16569.0,United Kingdom,267,1331.03,4
16570.0,United Kingdom,15,3695.91,10
16571.0,United Kingdom,31,2827.05,7
16574.0,United Kingdom,59,850.34,2
16576.0,United Kingdom,56,540.87,2
16577.0,United Kingdom,302,380.0,1
16578.0,United Kingdom,262,156.6,1
16579.0,United Kingdom,61,295.05,1
16583.0,United Kingdom,9,297.95,2
16584.0,United Kingdom,68,2227.59,3
16585.0,United Kingdom,229,341.59000000000003,2
16586.0,United Kingdom,80,998.83,2
16588.0,United Kingdom,22,1361.28,4
16589.0,United Kingdom,86,153.12,1
16590.0,United Kingdom,36,605.9,2
16592.0,United Kingdom,11,3694.23,12
16593.0,United Kingdom,26,741.11,5
16595.0,United Kingdom,12,1450.02,4
16596.0,United Kingdom,2,329.48,3
16599.0,United Kingdom,21,172.8,1
16600.0,United Kingdom,10,1339.89,7
16601.0,United Kingdom,26,439.45,2
16602.0,United Kingdom,24,235.25,1
16604.0,United Kingdom,198,432.45000000000005,2
16605.0,United Kingdom,360,60.48,1
16606.0,United Kingdom,40,357.66,2
16607.0,United Kingdom,35,2359.16,11
16608.0,United Kingdom,89,1288.72,2
16611.0,United Kingdom,39,1655.64,5
16612.0,United Kingdom,15,2057.77,5
16614.0,United Kingdom,38,673.6,2
16615.0,United Kingdom,262,291.5,1
16619.0,United Kingdom,19,1712.1200000000001,3
16620.0,United Kingdom,25,1579.97,4
16622.0,United Kingdom,179,225.4,1
16623.0,United Kingdom,37,885.79,3
16625.0,United Kingdom,58,1320.95,4
16628.0,United Kingdom,43,130.05,2
16630.0,United Kingdom,43,106.80000000000001,1
16631.0,United Kingdom,117,1892.52,7
16632.0,United Kingdom,121,406.4,2
16634.0,United Kingdom,8,1596.71,5
16635.0,United Kingdom,42,473.0,1
16636.0,United Kingdom,74,3802.04,4
16638.0,United Kingdom,4,749.8100000000001,6
16639.0,United Kingdom,45,490.47,1
16640.0,United Kingdom,33,179.4,1
16641.0,United Kingdom,337,323.4,1
16642.0,United Kingdom,51,389.12,1
16643.0,United Kingdom,58,435.6,1
16645.0,United Kingdom,371,160.39,1
16646.0,United Kingdom,85,678.8,1
16647.0,United Kingdom,78,327.84,2
16648.0,United Kingdom,91,382.14,2
16649.0,United Kingdom,156,306.58,1
16650.0,United Kingdom,56,1397.69,6
16651.0,United Kingdom,222,136.2,1
16652.0,United Kingdom,40,10776.42,9
16654.0,United Kingdom,4,1110.2,5
16655.0,United Kingdom,47,2753.85,7
16656.0,United Kingdom,56,8207.37,15
16658.0,United Kingdom,4,690.83,6
16660.0,United Kingdom,58,611.9,3
16661.0,United Kingdom,176,986.63,4
16662.0,United Kingdom,30,163.8,1
16663.0,United Kingdom,365,165.0,1
16664.0,United Kingdom,205,109.2,1
16666.0,United Kingdom,257,106.96,1
16668.0,United Kingdom,23,555.7,7
16670.0,United Kingdom,29,3934.25,9
16673.0,United Kingdom,315,188.83,1
16675.0,United Kingdom,77,608.86,2
16676.0,United Kingdom,38,769.78,2
16677.0,United Kingdom,47,880.62,2
16679.0,United Kingdom,2,663.31,3
16680.0,United Kingdom,164,637.75,2
16681.0,United Kingdom,277,151.5,1
16683.0,United Kingdom,169,320.25,1
16684.0,United Kingdom,15,80489.21,27
16686.0,United Kingdom,25,2008.09,9
16687.0,United Kingdom,26,157.63,1
16690.0,United Kingdom,29,127.45,2
16691.0,United Kingdom,54,178.83,2
16692.0,United Kingdom,44,638.6999999999999,2
16693.0,United Kingdom,47,717.45,3
16694.0,United Kingdom,359,98.30000000000001,1
16695.0,United Kingdom,197,193.15,2
16699.0,United Kingdom,16,994.6,7
16700.0,United Kingdom,2,4091.16,13
16701.0,United Kingdom,59,4518.43,13
16702.0,United Kingdom,51,1110.83,4
16704.0,United Kingdom,254,695.66,2
16705.0,United Kingdom,36,29480.061,22
16707.0,United Kingdom,36,551.11,4
16709.0,United Kingdom,15,6057.59,9
16710.0,United Kingdom,4,3866.05,13
16711.0,United Kingdom,15,1217.45,4
16712.0,United Kingdom,37,621.5600000000001,2
16713.0,United Kingdom,2,7637.56,18
16714.0,United Kingdom,306,368.27,1
16715.0,United Kingdom,198,323.8,1
16716.0,United Kingdom,266,1248.48,1
16717.0,United Kingdom,2,3127.85,9
16718.0,United Kingdom,5,3023.78,5
16719.0,United Kingdom,4,2182.88,8
16720.0,United Kingdom,12,640.24,2
16722.0,United Kingdom,2,4258.27,11
16723.0,United Kingdom,79,712.48,2
16724.0,United Kingdom,40,147.35,1
16725.0,United Kingdom,7,1101.09,8
16726.0,United Kingdom,19,706.39,2
16727.0,United Kingdom,28,1164.6,3
16731.0,United Kingdom,284,174.05,1
16732.0,United Kingdom,39,3783.89,3
16733.0,United Kingdom,165,259.68,1
16735.0,United Kingdom,29,3970.0,9
16736.0,United Kingdom,141,2956.56,5
16737.0,United Kingdom,213,417.6,1
16739.0,United Kingdom,172,463.43,1
16740.0,United Kingdom,31,236.81,1
16741.0,United Kingdom,261,173.06,1
16742.0,United Kingdom,128,2387.71,13
16743.0,United Kingdom,92,2015.17,7
16746.0,United Kingdom,19,11368.74,24
16748.0,United Kingdom,24,2121.43,9
16749.0,United Kingdom,227,4387.08,2
16752.0,United Kingdom,8,207.5,1
16754.0,United Kingdom,8,65500.07,29
16755.0,United Kingdom,103,1403.75,4
16756.0,United Kingdom,40,1072.97,6
16757.0,United Kingdom,45,163.65,1
16760.0,United Kingdom,66,228.0,1
16763.0,United Kingdom,374,352.85,1
16765.0,United Kingdom,18,420.75,1
16767.0,United Kingdom,54,2493.2,4
16768.0,United Kingdom,19,1230.03,6
16769.0,United Kingdom,114,761.36,3
16770.0,United Kingdom,8,1162.03,5
16771.0,United Kingdom,93,1720.79,5
16772.0,United Kingdom,59,3723.55,3
16773.0,United Kingdom,72,249.65,2
16774.0,United Kingdom,59,932.93,4
16775.0,United Kingdom,3,1361.23,6
16776.0,United Kingdom,51,231.57,1
16777.0,United Kingdom,49,1081.41,3
16779.0,United Kingdom,2,22638.52,32
16780.0,United Kingdom,43,180.36,1
16781.0,United Kingdom,8,623.0,2
16782.0,United Kingdom,1,8158.51,26
16783.0,United Kingdom,72,391.95,1
16784.0,United Kingdom,12,788.9300000000001,4
16785.0,United Kingdom,45,533.78,1
16786.0,United Kingdom,29,51.84,1
16787.0,United Kingdom,33,1035.43,4
16788.0,United Kingdom,40,1352.82,3
16791.0,United Kingdom,19,2316.91,8
16792.0,United Kingdom,19,513.08,3
16794.0,United Kingdom,16,868.1999999999999,5
16795.0,United Kingdom,1,2077.5099999999998,3
16797.0,United Kingdom,29,1827.77,5
16798.0,United Kingdom,190,848.71,3
16799.0,United Kingdom,68,495.98,2
16802.0,United Kingdom,315,582.61,2
16805.0,United Kingdom,213,636.65,3
16807.0,United Kingdom,106,1002.29,3
16809.0,United Kingdom,68,812.74,4
16810.0,United Kingdom,56,532.5,1
16812.0,United Kingdom,14,1912.65,3
16814.0,United Kingdom,5,5990.610000000001,16
16815.0,United Kingdom,89,410.97,2
16817.0,United Kingdom,4,1200.15,5
16819.0,United Kingdom,101,182.59,2
16821.0,United Kingdom,17,113.35,1
16822.0,United Kingdom,322,181.39,1
16823.0,United Kingdom,23,1901.71,6
16824.0,United Kingdom,29,225.6,1
16825.0,United Kingdom,14,1051.71,3
16827.0,United Kingdom,29,392.13,5
16829.0,United Kingdom,24,316.1,1
16830.0,United Kingdom,78,881.59,3
16831.0,United Kingdom,200,91.8,1
16832.0,United Kingdom,64,218.46,2
16833.0,United Kingdom,75,1302.51,2
16834.0,United Kingdom,310,485.5,1
16835.0,United Kingdom,9,1357.56,5
16836.0,United Kingdom,42,530.5,2
16838.0,United Kingdom,166,570.76,2
16839.0,United Kingdom,5,5716.14,11
16840.0,United Kingdom,239,139.85,2
16841.0,United Kingdom,64,2136.2400000000002,6
16843.0,United Kingdom,58,9374.86,19
16844.0,United Kingdom,198,614.34,2
16845.0,United Kingdom,254,253.88,1
16846.0,United Kingdom,213,628.09,2
16847.0,United Kingdom,254,421.45,1
16848.0,United Kingdom,12,1130.2,3
16854.0,United Kingdom,53,1408.96,2
16856.0,United Kingdom,53,323.09000000000003,2
16857.0,United Kingdom,78,352.8,1
16858.0,United Kingdom,4,4292.59,10
16859.0,United Kingdom,52,1184.6,5
16860.0,United Kingdom,88,1610.62,3
16861.0,United Kingdom,26,772.83,3
16862.0,United Kingdom,183,662.33,4
16863.0,United Kingdom,2,495.72,2
16864.0,United Kingdom,70,409.25,2
16865.0,United Kingdom,37,130.95,1
16867.0,United Kingdom,325,76.74000000000001,1
16868.0,United Kingdom,30,393.39,3
16870.0,United Kingdom,105,450.16,1
16872.0,United Kingdom,63,533.11,3
16873.0,United Kingdom,65,7493.77,6
16874.0,United Kingdom,15,217.74,1
16875.0,United Kingdom,73,2139.0,6
16876.0,United Kingdom,39,136.01,1
16880.0,United Kingdom,129,321.78000000000003,1
16883.0,United Kingdom,7,2119.86,18
16884.0,United Kingdom,192,644.08,2
16885.0,United Kingdom,21,239.23,1
16886.0,United Kingdom,92,134.0,1
16887.0,United Kingdom,36,465.84000000000003,2
16888.0,United Kingdom,36,437.15,3
16889.0,United Kingdom,33,952.23,3
16890.0,United Kingdom,112,285.41,3
16891.0,United Kingdom,7,1247.1200000000001,7
16892.0,United Kingdom,190,236.56,2
16893.0,United Kingdom,2,255.84,2
16894.0,United Kingdom,138,1324.06,3
16895.0,United Kingdom,74,902.28,4
16896.0,United Kingdom,191,103.95,1
16898.0,United Kingdom,4,507.56,3
16899.0,United Kingdom,14,439.46000000000004,2
16901.0,United Kingdom,365,204.26,1
16903.0,United Kingdom,16,689.04,2
16904.0,United Kingdom,3,1378.1,7
16905.0,United Kingdom,7,1931.72,11
16906.0,United Kingdom,64,869.03,3
16907.0,United Kingdom,1,726.25,5
16908.0,United Kingdom,358,252.59,1
16911.0,United Kingdom,271,255.25,2
16912.0,United Kingdom,57,1904.93,4
16913.0,United Kingdom,287,310.47,2
16915.0,United Kingdom,22,921.5,5
16916.0,United Kingdom,8,547.14,3
16917.0,United Kingdom,268,1466.31,1
16918.0,United Kingdom,58,2144.47,10
16919.0,United Kingdom,4,2529.46,14
16920.0,United Kingdom,47,355.45,1
16921.0,United Kingdom,78,276.88,2
16922.0,United Kingdom,208,611.08,1
16923.0,United Kingdom,11,6130.75,13
16925.0,United Kingdom,176,125.65,1
16926.0,United Kingdom,7,1191.1,5
16928.0,United Kingdom,9,1265.63,13
16931.0,United Kingdom,5,629.4,3
16932.0,United Kingdom,59,278.77,2
16933.0,United Kingdom,25,2618.02,7
16934.0,United Kingdom,19,1160.06,4
16935.0,United Kingdom,17,535.1,3
16936.0,United Kingdom,21,288.49,1
16937.0,United Kingdom,135,202.1,1
16938.0,United Kingdom,17,4306.8,5
16939.0,United Kingdom,124,449.0,3
16940.0,United Kingdom,86,3377.78,5
16941.0,United Kingdom,247,33.0,1
16943.0,United Kingdom,175,482.76,2
16944.0,United Kingdom,245,101.36,1
16945.0,United Kingdom,29,4202.66,14
16946.0,United Kingdom,19,1222.04,5
16947.0,United Kingdom,98,548.73,4
16948.0,United Kingdom,65,433.75,4
16950.0,United Kingdom,3,2605.81,8
16952.0,United Kingdom,77,631.17,3
16954.0,United Kingdom,15,3996.7999999999997,11
16955.0,United Kingdom,4,790.74,4
16958.0,United Kingdom,71,809.44,1
16960.0,United Kingdom,26,1536.3799999999999,5
16961.0,United Kingdom,24,560.39,2
16962.0,United Kingdom,45,251.04,1
16964.0,United Kingdom,369,207.85,2
16970.0,United Kingdom,262,71.4,1
16972.0,United Kingdom,18,786.25,2
16973.0,United Kingdom,22,127.0,1
16974.0,United Kingdom,158,365.5,2
16975.0,United Kingdom,59,926.12,3
16977.0,United Kingdom,31,496.0,4
16978.0,United Kingdom,302,424.55,2
16979.0,United Kingdom,19,1007.74,3
16980.0,United Kingdom,64,394.37,1
16983.0,United Kingdom,5,1778.97,5
16984.0,United Kingdom,40,6273.45,7
16985.0,United Kingdom,12,5459.04,13
16986.0,United Kingdom,81,3015.55,9
16987.0,United Kingdom,12,910.85,4
16988.0,United Kingdom,15,256.55,1
16990.0,United Kingdom,58,165.0,1
16991.0,United Kingdom,57,1041.21,1
16992.0,United Kingdom,23,3862.19,8
16993.0,United Kingdom,99,1950.95,2
16996.0,United Kingdom,18,666.6500000000001,3
16998.0,United Kingdom,80,107.0,1
17000.0,United Kingdom,32,406.3,2
17001.0,United Kingdom,12,2651.23,8
17002.0,United Kingdom,79,1077.82,4
17003.0,United Kingdom,38,830.16,4
17004.0,United Kingdom,28,1012.22,2
17005.0,United Kingdom,106,742.36,2
17006.0,United Kingdom,28,854.54,4
17007.0,United Kingdom,73,230.17000000000002,1
17008.0,United Kingdom,65,81.36,1
17009.0,United Kingdom,187,242.06,1
17011.0,United Kingdom,283,400.8,2
17012.0,United Kingdom,361,384.16,1
17016.0,United Kingdom,212,552.4,1
17017.0,United Kingdom,1,5416.35,13
17018.0,United Kingdom,23,1367.6,4
17019.0,United Kingdom,4,2739.59,8
17020.0,United Kingdom,178,935.62,2
17021.0,United Kingdom,78,1182.22,6
17022.0,United Kingdom,68,189.0,1
17023.0,United Kingdom,53,800.1800000000001,3
17025.0,United Kingdom,9,1152.8700000000001,4
17026.0,United Kingdom,5,54.15,2
17027.0,United Kingdom,82,436.82,3
17028.0,United Kingdom,217,1593.83,3
17029.0,United Kingdom,18,1421.3,5
17031.0,United Kingdom,14,2393.5,4
17032.0,United Kingdom,183,3004.6,8
17033.0,United Kingdom,33,302.65000000000003,1
17034.0,United Kingdom,45,538.4,2
17035.0,United Kingdom,227,180.06,2
17036.0,United Kingdom,19,176.9,1
17038.0,United Kingdom,51,630.77,1
17039.0,United Kingdom,240,1954.99,1
17040.0,United Kingdom,186,13.52,1
17041.0,United Kingdom,33,604.71,3
17043.0,United Kingdom,11,881.37,4
17044.0,United Kingdom,10,11013.82,11
17045.0,United Kingdom,12,488.24,2
17046.0,United Kingdom,80,1264.05,4
17047.0,United Kingdom,67,1188.33,3
17048.0,United Kingdom,73,1146.33,4
17049.0,United Kingdom,11,4287.5,10
17050.0,United Kingdom,11,1462.95,5
17051.0,United Kingdom,82,467.25,3
17055.0,United Kingdom,81,239.55,1
17056.0,United Kingdom,374,128.60000000000002,1
17057.0,United Kingdom,232,294.74,1
17059.0,United Kingdom,5,2507.4900000000002,5
17062.0,United Kingdom,1,669.85,4
17063.0,United Kingdom,43,2177.39,6
17065.0,United Kingdom,273,194.7,2
17066.0,United Kingdom,362,228.34,1
17067.0,United Kingdom,360,454.54,3
17068.0,United Kingdom,4,4608.94,27
17069.0,United Kingdom,9,3084.58,6
17070.0,United Kingdom,46,133.18,1
17071.0,United Kingdom,17,1372.17,4
17072.0,United Kingdom,261,282.05,1
17074.0,United Kingdom,198,203.05,1
17075.0,United Kingdom,65,1407.61,6
17076.0,United Kingdom,28,401.67,3
17077.0,United Kingdom,214,306.0,1
17080.0,United Kingdom,15,669.91,5
17081.0,United Kingdom,31,674.23,4
17082.0,United Kingdom,30,2728.18,4
17083.0,United Kingdom,45,2644.01,6
17084.0,United Kingdom,32,2253.22,1
17085.0,United Kingdom,12,6324.76,23
17087.0,United Kingdom,373,221.53,1
17089.0,United Kingdom,22,128.45,1
17090.0,United Kingdom,10,1105.53,6
17091.0,United Kingdom,3,3983.34,11
17092.0,United Kingdom,73,3817.18,7
17093.0,United Kingdom,228,235.88,1
17094.0,United Kingdom,59,100.2,1
17095.0,United Kingdom,66,1248.09,4
17096.0,United Kingdom,19,2737.05,7
17097.0,Spain,1,386.03,2
17098.0,United Kingdom,17,591.07,3
17099.0,United Kingdom,169,582.17,1
17101.0,United Kingdom,30,885.32,3
17103.0,United Kingdom,358,424.3,1
17104.0,United Kingdom,59,474.03000000000003,1
17106.0,United Kingdom,25,491.23,1
17107.0,United Kingdom,33,5259.99,4
17108.0,United Kingdom,299,174.95,1
17109.0,United Kingdom,42,410.42,2
17110.0,United Kingdom,156,347.4,2
17111.0,United Kingdom,61,227.97,1
17112.0,United Kingdom,138,205.17000000000002,1
17113.0,United Kingdom,210,2322.59,6
17115.0,United Kingdom,184,1923.99,4
17116.0,United Kingdom,284,389.78,1
17121.0,United Kingdom,38,314.74,1
17122.0,United Kingdom,24,432.18,3
17123.0,United Kingdom,75,631.87,2
17126.0,United Kingdom,17,1065.69,4
17127.0,United Kingdom,64,1155.0300000000002,5
17129.0,United Kingdom,156,31.85,1
17132.0,United Kingdom,88,1272.8,2
17133.0,United Kingdom,110,9730.09,5
17134.0,United Kingdom,78,212.1,1
17135.0,United Kingdom,7,814.4300000000001,4
17136.0,United Kingdom,298,231.68,1
17137.0,United Kingdom,52,1133.63,6
17138.0,United Kingdom,25,4036.77,6
17139.0,United Kingdom,25,8915.99,13
17141.0,United Kingdom,54,754.33,4
17142.0,United Kingdom,40,704.75,3
17143.0,United Kingdom,53,924.11,2
17145.0,United Kingdom,148,3120.91,4
17146.0,United Kingdom,71,5110.46,10
17147.0,United Kingdom,88,1485.36,5
17149.0,United Kingdom,87,143.10000000000002,1
17150.0,United Kingdom,12,1375.65,6
17151.0,United Kingdom,371,231.90000000000003,1
17152.0,United Kingdom,61,327.0,1
17155.0,United Kingdom,163,640.76,5
17156.0,United Kingdom,127,591.87,1
17157.0,United Kingdom,116,4832.900000000001,17
17158.0,United Kingdom,183,713.03,2
17159.0,United Kingdom,113,560.71,2
17160.0,United Kingdom,10,6691.13,11
17161.0,United Kingdom,80,856.01,1
17163.0,United Kingdom,81,406.68,2
17165.0,United Kingdom,17,1635.64,5
17167.0,United Kingdom,15,867.11,3
17168.0,United Kingdom,134,400.2,1
17169.0,United Kingdom,214,320.95,1
17170.0,United Kingdom,10,178.68,2
17171.0,United Kingdom,297,159.68,1
17172.0,United Kingdom,66,638.81,2
17176.0,United Kingdom,162,596.1899999999999,2
17177.0,United Kingdom,141,119.5,1
17178.0,United Kingdom,367,436.71000000000004,1
17179.0,United Kingdom,18,795.47,3
17180.0,United Kingdom,58,1460.95,7
17181.0,United Kingdom,9,225.45000000000002,2
17182.0,United Kingdom,58,321.3,2
17184.0,United Kingdom,205,198.41000000000003,2
17185.0,United Kingdom,227,229.46,3
17187.0,United Kingdom,162,263.76,1
17188.0,United Kingdom,82,2118.7000000000003,6
17189.0,United Kingdom,196,573.23,3
17190.0,United Kingdom,39,1298.3,5
17191.0,United Kingdom,4,2740.92,11
17192.0,United Kingdom,172,77.83,1
17193.0,United Kingdom,22,610.74,2
17194.0,United Kingdom,166,549.88,1
17195.0,United Kingdom,291,562.98,1
17196.0,United Kingdom,63,352.9,1
17198.0,United Kingdom,1,521.66,2
17199.0,United Kingdom,218,145.12,1
17200.0,United Kingdom,23,356.71,4
17201.0,United Kingdom,159,899.41,3
17202.0,United Kingdom,56,160.65,1
17203.0,United Kingdom,24,2012.03,4
17204.0,United Kingdom,10,3940.13,5
17205.0,United Kingdom,52,615.27,2
17207.0,United Kingdom,288,303.21999999999997,1
17208.0,United Kingdom,31,115.35,1
17209.0,United Kingdom,285,611.6,3
17210.0,United Kingdom,28,253.37,1
17211.0,United Kingdom,5,1729.43,6
17212.0,United Kingdom,94,567.56,2
17213.0,United Kingdom,2,2401.07,7
17215.0,United Kingdom,100,186.15,1
17216.0,United Kingdom,190,65.05,1
17217.0,United Kingdom,255,104.5,1
17218.0,United Kingdom,4,2231.96,9
17219.0,United Kingdom,52,144.9,1
17220.0,United Kingdom,53,1283.5,7
17221.0,United Kingdom,227,643.39,3
17222.0,United Kingdom,113,1250.8600000000001,5
17223.0,United Kingdom,4,446.74,2
17224.0,United Kingdom,137,100.86000000000001,1
17225.0,United Kingdom,217,131.15,1
17226.0,United Kingdom,80,506.63,2
17227.0,United Kingdom,4,1082.71,7
17228.0,United Kingdom,3,1271.15,7
17230.0,United Kingdom,199,6286.54,10
17231.0,United Kingdom,25,4022.72,15
17233.0,United Kingdom,84,369.98,2
17235.0,United Kingdom,8,1354.82,7
17236.0,United Kingdom,46,1013.13,6
17237.0,United Kingdom,11,687.39,2
17238.0,United Kingdom,7,4038.45,17
17239.0,United Kingdom,23,806.95,3
17240.0,United Kingdom,232,130.60000000000002,1
17241.0,United Kingdom,21,2744.14,12
17242.0,United Kingdom,92,1754.24,3
17243.0,United Kingdom,5,12213.01,44
17244.0,United Kingdom,19,871.14,4
17245.0,United Kingdom,325,200.18,1
17246.0,United Kingdom,182,38.92,2
17248.0,United Kingdom,117,227.51000000000002,1
17249.0,United Kingdom,64,68.03,1
17251.0,United Kingdom,18,529.15,2
17254.0,United Kingdom,37,198.29,1
17255.0,United Kingdom,26,500.72,2
17256.0,United Kingdom,117,258.93,3
17257.0,United Kingdom,72,192.73,2
17258.0,United Kingdom,32,417.3,2
17259.0,United Kingdom,4,1285.97,5
17260.0,United Kingdom,47,120.95,1
17261.0,United Kingdom,145,230.44,1
17262.0,United Kingdom,2,1504.26,7
17264.0,United Kingdom,60,279.59,1
17266.0,United Kingdom,135,207.09,2
17268.0,United Kingdom,81,970.25,7
17269.0,United Kingdom,21,537.46,1
17270.0,United Kingdom,105,604.4,2
17271.0,United Kingdom,372,210.39,1
17273.0,United Kingdom,60,141.12,1
17274.0,United Kingdom,31,465.4,1
17275.0,United Kingdom,19,114.52,1
17276.0,United Kingdom,38,508.39,1
17278.0,United Kingdom,201,25.2,1
17280.0,United Kingdom,74,118.86,1
17281.0,United Kingdom,10,797.85,6
17282.0,United Kingdom,92,636.25,2
17283.0,United Kingdom,14,188.46,1
17284.0,United Kingdom,25,1140.58,2
17285.0,United Kingdom,264,428.34,2
17286.0,United Kingdom,36,241.56,2
17287.0,United Kingdom,3,3047.85,16
17288.0,United Kingdom,26,1080.25,4
17289.0,United Kingdom,12,1134.98,6
17290.0,United Kingdom,17,976.2,6
17292.0,United Kingdom,108,271.75,2
17293.0,United Kingdom,30,1899.1200000000001,8
17294.0,United Kingdom,305,467.79,2
17296.0,United Kingdom,366,338.13,1
17298.0,United Kingdom,10,459.14,3
17299.0,United Kingdom,75,346.97,2
17300.0,United Kingdom,26,393.64,2
17301.0,United Kingdom,260,132.8,1
17304.0,United Kingdom,170,111.5,1
17305.0,United Kingdom,284,2135.46,1
17306.0,United Kingdom,29,1151.04,2
17307.0,United Kingdom,31,3999.8900000000003,11
17308.0,United Kingdom,29,4511.76,2
17309.0,United Kingdom,17,247.84,2
17310.0,United Kingdom,23,1025.1,2
17311.0,United Kingdom,28,2181.71,4
17314.0,United Kingdom,29,2376.51,9
17315.0,United Kingdom,11,3358.34,5
17316.0,United Kingdom,56,124.45,1
17318.0,United Kingdom,361,164.28,1
17319.0,United Kingdom,305,29.099999999999998,1
17320.0,United Kingdom,4,1695.15,4
17321.0,United Kingdom,30,1040.32,4
17322.0,United Kingdom,12,922.59,5
17323.0,United Kingdom,43,644.52,5
17324.0,United Kingdom,2,1311.64,9
17325.0,United Kingdom,46,512.77,2
17326.0,United Kingdom,44,321.95,2
17327.0,United Kingdom,45,152.35,2
17328.0,United Kingdom,309,104.7,1
17329.0,United Kingdom,367,481.32,3
17330.0,United Kingdom,180,59.900000000000006,2
17332.0,United Kingdom,164,838.27,5
17334.0,United Kingdom,42,328.13,1
17335.0,United Kingdom,19,508.0,2
17336.0,United Kingdom,108,81.12,1
17338.0,United Kingdom,11,5498.64,9
17339.0,United Kingdom,1,119.0,2
17340.0,United Kingdom,2,10051.53,8
17341.0,United Kingdom,2,1108.47,3
17342.0,United Kingdom,15,1227.54,4
17343.0,United Kingdom,12,1066.3,5
17344.0,United Kingdom,364,307.54,1
17345.0,United Kingdom,11,1066.94,6
17346.0,United Kingdom,9,2646.44,12
17348.0,United Kingdom,73,1316.89,4
17349.0,United Kingdom,16,741.5,4
17350.0,United Kingdom,30,619.971,3
17351.0,United Kingdom,63,1401.08,9
17352.0,United Kingdom,332,36.25,1
17353.0,United Kingdom,127,1502.0,2
17354.0,United Kingdom,64,1750.3999999999999,3
17355.0,United Kingdom,22,285.11,1
17356.0,United Kingdom,190,768.25,4
17358.0,United Kingdom,12,500.2,3
17359.0,United Kingdom,284,156.6,1
17360.0,United Kingdom,21,645.59,3
17361.0,United Kingdom,312,392.44,2
17362.0,United Kingdom,36,711.8100000000001,5
17363.0,United Kingdom,31,940.86,3
17364.0,United Kingdom,12,7589.24,17
17365.0,United Kingdom,22,3423.42,7
17366.0,United Kingdom,68,1096.24,2
17368.0,United Kingdom,11,913.47,6
17369.0,United Kingdom,91,979.2,1
17371.0,United Kingdom,259,238.66,3
17372.0,United Kingdom,17,3034.88,20
17373.0,United Kingdom,54,520.58,3
17374.0,United Kingdom,31,231.34,1
17375.0,United Kingdom,67,260.45,1
17376.0,United Kingdom,40,250.44,2
17377.0,United Kingdom,1,14218.49,60
17378.0,United Kingdom,10,10.95,1
17380.0,United Kingdom,70,645.0,3
17381.0,United Kingdom,4,19726.76,12
17382.0,United Kingdom,71,836.88,7
17383.0,United Kingdom,89,110.7,1
17384.0,United Kingdom,103,171.15,1
17386.0,United Kingdom,21,126.35000000000001,1
17388.0,United Kingdom,56,1432.01,7
17389.0,United Kingdom,10,25391.0,27
17390.0,United Kingdom,56,149.3,1
17392.0,United Kingdom,86,168.65,1
17393.0,United Kingdom,46,381.15000000000003,2
17395.0,United Kingdom,144,97.5,1
17396.0,United Kingdom,7,1476.3,7
17397.0,United Kingdom,52,536.77,1
17400.0,United Kingdom,217,2547.09,3
17401.0,United Kingdom,177,114.85,1
17402.0,United Kingdom,5,2462.33,12
17403.0,United Kingdom,86,118.95,1
17404.0,Sweden,45,15874.300000000001,8
17406.0,United Kingdom,2,2704.63,11
17407.0,United Kingdom,47,552.9,1
17408.0,United Kingdom,136,283.44,2
17409.0,United Kingdom,57,7021.66,8
17411.0,United Kingdom,22,646.44,2
17412.0,United Kingdom,8,3159.46,10
17413.0,United Kingdom,40,560.14,2
17414.0,United Kingdom,59,1471.52,4
17416.0,United Kingdom,29,10405.03,15
17417.0,United Kingdom,184,164.18,1
17418.0,United Kingdom,23,206.6,1
17419.0,United Kingdom,3,2273.95,8
17420.0,United Kingdom,9,485.6,4
17421.0,United Kingdom,22,1059.41,3
17422.0,United Kingdom,17,1615.39,5
17423.0,United Kingdom,29,420.54,1
17426.0,United Kingdom,88,3040.51,7
17428.0,United Kingdom,4,14562.91,18
17429.0,United Kingdom,32,832.54,2
17430.0,United Kingdom,1,469.40999999999997,3
17432.0,United Kingdom,21,1385.6299999999999,7
17433.0,United Kingdom,21,266.8,1
17435.0,United Kingdom,47,331.35,1
17436.0,United Kingdom,44,317.76,3
17437.0,United Kingdom,165,373.17,1
17438.0,United Kingdom,80,1034.32,4
17439.0,United Kingdom,291,325.74,1
17440.0,United Kingdom,185,137.16,1
17441.0,United Kingdom,368,293.35,1
17442.0,United Kingdom,17,2371.7400000000002,9
17448.0,United Kingdom,133,14556.970000000001,46
17449.0,United Kingdom,23,2430.29,6
17450.0,United Kingdom,3,52422.3,7
17454.0,United Kingdom,98,1030.41,6
17456.0,United Kingdom,1,975.5600000000001,2
17457.0,United Kingdom,15,4247.11,9
17458.0,United Kingdom,17,213.08,1
17460.0,United Kingdom,8,1605.8400000000001,12
17463.0,United Kingdom,196,661.5,2
17464.0,United Kingdom,158,710.98,2
17465.0,United Kingdom,61,2542.79,7
17467.0,United Kingdom,31,102.6,1
17468.0,United Kingdom,11,57.8,1
17469.0,United Kingdom,36,3180.28,12
17470.0,United Kingdom,3,1679.8,7
17471.0,United Kingdom,110,321.65000000000003,1
17472.0,United Kingdom,264,224.81,1
17473.0,United Kingdom,44,607.0,2
17474.0,United Kingdom,235,1047.0,1
17476.0,United Kingdom,31,489.86,2
17477.0,United Kingdom,248,1144.3,2
17478.0,United Kingdom,44,1272.8000000000002,2
17479.0,United Kingdom,268,389.26000000000005,1
17480.0,United Kingdom,80,390.21,1
17482.0,United Kingdom,123,778.19,2
17483.0,United Kingdom,50,177.69,1
17484.0,United Kingdom,212,209.57,2
17487.0,United Kingdom,364,160.55,1
17488.0,United Kingdom,277,336.5,1
17490.0,United Kingdom,24,658.1800000000001,2
17491.0,United Kingdom,3,2422.2,8
17492.0,United Kingdom,114,747.85,2
17493.0,United Kingdom,21,100.91,1
17494.0,United Kingdom,137,54.7,1
17495.0,United Kingdom,26,309.16,1
17496.0,United Kingdom,199,1141.84,3
17497.0,United Kingdom,26,287.25,2
17499.0,United Kingdom,197,718.51,1
17504.0,United Kingdom,16,6568.09,9
17505.0,United Kingdom,186,1289.64,3
17508.0,Greece,17,4191.92,7
17510.0,United Kingdom,56,206.08,1
17511.0,United Kingdom,3,84541.17,31
17512.0,United Kingdom,88,2542.83,8
17513.0,United Kingdom,44,645.6,2
17514.0,United Kingdom,305,334.18,1
17515.0,United Kingdom,30,978.4399999999999,5
17516.0,United Kingdom,14,189.47,1
17518.0,United Kingdom,61,329.42,2
17519.0,United Kingdom,4,3265.4500000000003,10
17521.0,United Kingdom,30,554.85,2
17524.0,United Kingdom,74,394.14,2
17525.0,United Kingdom,33,739.2,2
17526.0,United Kingdom,1,2970.14,9
17529.0,United Kingdom,246,1240.25,2
17530.0,United Kingdom,1,756.51,3
17531.0,United Kingdom,163,970.12,2
17532.0,United Kingdom,21,65.34,1
17533.0,United Kingdom,70,34.8,1
17534.0,United Kingdom,87,1445.47,4
17536.0,United Kingdom,56,288.33,2
17539.0,United Kingdom,253,1226.57,4
17540.0,United Kingdom,19,1011.7,4
17541.0,United Kingdom,145,124.46,1
17542.0,United Kingdom,277,170.95,2
17543.0,United Kingdom,185,120.05,1
17544.0,United Kingdom,26,960.69,3
17545.0,United Kingdom,26,802.58,3
17547.0,United Kingdom,11,727.85,2
17548.0,United Kingdom,14,627.96,3
17550.0,United Kingdom,33,2280.48,6
17552.0,United Kingdom,8,2154.88,10
17553.0,United Kingdom,108,2270.0,3
17555.0,United Kingdom,61,574.48,3
17556.0,United Kingdom,15,142.77,1
17557.0,United Kingdom,368,34.0,1
17558.0,United Kingdom,29,259.17,1
17559.0,United Kingdom,148,167.62,1
17560.0,United Kingdom,31,1040.85,4
17561.0,United Kingdom,26,554.72,3
17563.0,United Kingdom,214,392.38,2
17565.0,United Kingdom,222,131.83,1
17567.0,United Kingdom,8,1024.55,2
17568.0,United Kingdom,269,382.79,1
17570.0,United Kingdom,17,100.0,1
17571.0,United Kingdom,178,205.23999999999998,1
17572.0,United Kingdom,9,496.26000000000005,7
17575.0,United Kingdom,303,171.7,1
17576.0,United Kingdom,1,5434.13,23
17577.0,United Kingdom,281,348.75,2
17578.0,United Kingdom,110,903.87,6
17579.0,United Kingdom,214,304.38,1
17580.0,United Kingdom,12,329.55,2
17581.0,United Kingdom,8,7712.71,20
17582.0,United Kingdom,82,1275.43,4
17583.0,United Kingdom,196,135.95,1
17584.0,United Kingdom,103,4067.12,4
17585.0,United Kingdom,81,960.23,3
17586.0,United Kingdom,255,167.4,1
17587.0,United Kingdom,264,181.66,1
17588.0,United Kingdom,32,1699.35,4
17589.0,United Kingdom,21,11645.7,14
17591.0,United Kingdom,3,550.7,2
17592.0,United Kingdom,374,148.3,1
17593.0,United Kingdom,45,4168.46,6
17594.0,United Kingdom,85,1504.7,2
17596.0,United Kingdom,4,2092.74,7
17597.0,United Kingdom,54,1439.72,4
17598.0,United Kingdom,17,409.98,1
17599.0,United Kingdom,113,52.05,1
17601.0,United Kingdom,16,305.46999999999997,1
17602.0,United Kingdom,108,2348.16,8
17603.0,United Kingdom,253,1398.76,3
17604.0,United Kingdom,58,636.57,4
17605.0,United Kingdom,226,160.75,1
17606.0,United Kingdom,373,87.30000000000001,1
17607.0,United Kingdom,12,333.81,1
17608.0,United Kingdom,85,305.11,2
17609.0,United Kingdom,38,782.12,6
17610.0,United Kingdom,176,1529.49,5
17611.0,United Kingdom,57,4387.76,13
17612.0,United Kingdom,15,3346.41,12
17615.0,United Kingdom,23,403.6,3
17616.0,United Kingdom,3,489.59999999999997,2
17617.0,United Kingdom,194,395.33,1
17618.0,United Kingdom,19,3101.66,8
17621.0,United Kingdom,40,1795.22,3
17622.0,United Kingdom,233,1130.21,2
17623.0,United Kingdom,45,1856.6200000000001,6
17624.0,United Kingdom,73,725.15,2
17625.0,United Kingdom,82,4020.8,4
17626.0,United Kingdom,238,254.0,1
17627.0,United Kingdom,114,296.36,1
17629.0,United Kingdom,24,641.4,2
17631.0,United Kingdom,10,470.16,4
17633.0,United Kingdom,15,732.55,3
17635.0,United Kingdom,60,1265.58,3
17638.0,United Kingdom,283,842.4000000000001,2
17639.0,United Kingdom,23,506.67,5
17640.0,United Kingdom,15,2547.28,5
17642.0,United Kingdom,65,1112.2,3
17643.0,United Kingdom,9,439.7,2
17644.0,United Kingdom,30,3132.96,9
17646.0,United Kingdom,1,3141.4,10
17647.0,United Kingdom,305,198.6,2
17648.0,United Kingdom,21,418.87,1
17649.0,United Kingdom,105,710.4,2
17651.0,United Kingdom,134,1758.52,6
17655.0,United Kingdom,2,1013.54,3
17657.0,United Kingdom,66,126.0,1
17659.0,United Kingdom,8,835.33,3
17660.0,United Kingdom,373,163.47,1
17662.0,United Kingdom,297,412.92,2
17663.0,United Kingdom,53,3372.92,10
17664.0,United Kingdom,110,561.59,2
17665.0,United Kingdom,129,563.1,1
17666.0,United Kingdom,113,1319.6399999999999,3
17667.0,United Kingdom,71,1895.19,4
17669.0,United Kingdom,98,2735.63,3
17671.0,United Kingdom,1,830.63,2
17672.0,United Kingdom,53,2600.46,5
17673.0,United Kingdom,11,2604.46,7
17674.0,United Kingdom,4,300.66,1
17675.0,United Kingdom,3,17885.32,40
17676.0,United Kingdom,2,1378.16,5
17677.0,United Kingdom,2,20329.68,28
17678.0,United Kingdom,239,301.65,1
17679.0,United Kingdom,157,1585.5,5
17680.0,United Kingdom,19,313.05,2
17681.0,United Kingdom,233,731.2,5
17682.0,United Kingdom,4,1982.45,6
17683.0,United Kingdom,21,819.01,3
17685.0,United Kingdom,8,2751.64,6
17686.0,United Kingdom,59,2557.35,2
17687.0,United Kingdom,56,432.68,1
17688.0,United Kingdom,29,304.2,1
17689.0,United Kingdom,24,317.08,2
17690.0,United Kingdom,2,2690.15,8
17691.0,United Kingdom,4,489.65000000000003,3
17692.0,United Kingdom,32,2234.86,8
17694.0,United Kingdom,147,1412.85,2
17695.0,United Kingdom,30,980.6999999999999,3
17696.0,United Kingdom,18,5393.88,19
17699.0,United Kingdom,112,442.0,2
17700.0,United Kingdom,17,4145.33,10
17702.0,United Kingdom,19,1319.67,2
17703.0,United Kingdom,54,296.1,1
17705.0,United Kingdom,91,260.38,2
17706.0,United Kingdom,2,10245.49,17
17707.0,United Kingdom,12,456.9,6
17708.0,United Kingdom,38,620.85,2
17709.0,United Kingdom,106,533.5600000000001,4
17710.0,United Kingdom,59,293.5,1
17713.0,United Kingdom,18,1198.09,4
17714.0,United Kingdom,60,1257.18,4
17715.0,United Kingdom,228,163.2,1
17716.0,United Kingdom,32,10300.98,13
17717.0,United Kingdom,57,376.92,1
17718.0,United Kingdom,280,299.83,1
17720.0,United Kingdom,3,1572.97,7
17721.0,United Kingdom,295,307.21000000000004,1
17722.0,United Kingdom,2,2006.32,2
17723.0,United Kingdom,11,102.0,1
17726.0,United Kingdom,31,1092.06,7
17728.0,United Kingdom,40,1362.75,2
17729.0,United Kingdom,232,438.65000000000003,1
17730.0,United Kingdom,18,2475.32,7
17731.0,United Kingdom,257,468.88,2
17732.0,United Kingdom,8,2166.42,8
17734.0,United Kingdom,161,741.69,3
17735.0,United Kingdom,3,4134.91,8
17738.0,United Kingdom,31,2304.51,9
17739.0,United Kingdom,10,4939.24,11
17740.0,United Kingdom,25,426.90000000000003,6
17741.0,United Kingdom,42,101.1,2
17742.0,United Kingdom,64,1743.3700000000001,9
17743.0,United Kingdom,84,229.2,1
17744.0,United Kingdom,16,326.74,1
17745.0,United Kingdom,113,600.34,2
17746.0,United Kingdom,107,793.9300000000001,3
17748.0,United Kingdom,163,358.15,1
17749.0,United Kingdom,182,351.66,1
17751.0,United Kingdom,57,157.85999999999999,1
17753.0,United Kingdom,100,390.56,4
17754.0,United Kingdom,10,2805.27,8
17756.0,United Kingdom,11,733.7,3
17757.0,United Kingdom,4,3817.16,28
17758.0,United Kingdom,63,1555.83,4
17759.0,United Kingdom,29,441.92,2
17760.0,United Kingdom,9,631.34,5
17762.0,United Kingdom,92,129.75,1
17763.0,United Kingdom,289,71.15,3
17764.0,United Kingdom,38,804.82,3
17765.0,United Kingdom,84,158.92,1
17766.0,United Kingdom,17,299.61,2
17767.0,United Kingdom,46,141.85,1
17768.0,United Kingdom,23,1236.33,4
17769.0,United Kingdom,19,3105.1,7
17771.0,United Kingdom,72,141.6,2
17772.0,United Kingdom,28,202.0,1
17773.0,United Kingdom,150,585.27,2
17774.0,United Kingdom,33,2102.64,5
17776.0,United Kingdom,22,338.56,2
17778.0,United Kingdom,297,197.70000000000002,1
17780.0,United Kingdom,303,352.91,3
17782.0,United Kingdom,18,679.02,2
17783.0,United Kingdom,148,96.44,1
17784.0,United Kingdom,186,112.86,1
17785.0,United Kingdom,81,271.44,2
17787.0,United Kingdom,7,736.28,1
17789.0,United Kingdom,297,171.25,1
17790.0,United Kingdom,14,818.0600000000001,6
17792.0,United Kingdom,103,370.05,2
17794.0,United Kingdom,322,147.3,2
17796.0,United Kingdom,5,664.09,4
17797.0,United Kingdom,31,1205.44,5
17798.0,United Kingdom,217,183.09,1
17799.0,United Kingdom,25,3285.96,10
17801.0,United Kingdom,87,798.33,3
17802.0,United Kingdom,8,3768.08,8
17803.0,United Kingdom,28,184.66,1
17804.0,United Kingdom,12,385.23,3
17805.0,United Kingdom,246,414.72,1
17807.0,United Kingdom,31,437.87,3
17808.0,United Kingdom,184,262.64,4
17809.0,United Kingdom,7,5925.4800000000005,11
17810.0,United Kingdom,304,374.81,2
17811.0,United Kingdom,10,1772.07,8
17812.0,United Kingdom,4,433.73,4
17814.0,United Kingdom,11,1617.32,2
17815.0,United Kingdom,29,591.96,1
17816.0,United Kingdom,1,75.75999999999999,3
17817.0,United Kingdom,14,420.17,3
17818.0,United Kingdom,373,130.18,1
17819.0,United Kingdom,7,2907.65,6
17820.0,United Kingdom,10,183.56,1
17821.0,United Kingdom,42,334.62,1
17822.0,United Kingdom,56,2188.5,5
17823.0,United Kingdom,57,494.25,2
17825.0,United Kingdom,234,731.96,4
17826.0,United Kingdom,10,134.59,1
17827.0,United Kingdom,257,392.59,1
17829.0,United Arab Emirates,45,3867.5,4
17833.0,United Kingdom,359,342.36,1
17834.0,United Kingdom,50,730.47,2
17838.0,United Kingdom,1,3943.6000000000004,10
17840.0,United Kingdom,79,185.72,1
17841.0,United Kingdom,1,29892.5,91
17842.0,United Kingdom,238,430.69,1
17843.0,United Kingdom,47,120.75,1
17845.0,United Kingdom,191,598.19,4
17847.0,United Kingdom,151,129.69,2
17848.0,United Kingdom,53,2749.7,21
17849.0,United Kingdom,116,457.96000000000004,4
17850.0,United Kingdom,8,51208.87,155
17851.0,United Kingdom,58,1563.34,6
17852.0,United Kingdom,24,548.87,3
17853.0,United Kingdom,43,1608.19,3
17854.0,United Kingdom,98,760.1899999999999,4
17855.0,United Kingdom,8,208.97,1
17857.0,United Kingdom,1,1803.2,2
17858.0,United Kingdom,5,7641.99,19
17860.0,United Kingdom,4,762.74,4
17861.0,United Kingdom,21,3026.89,10
17862.0,United Kingdom,21,948.1899999999999,3
17863.0,United Kingdom,5,2585.2,7
17864.0,United Kingdom,21,326.82,2
17865.0,United Kingdom,11,15848.07,26
17866.0,United Kingdom,120,805.3000000000001,2
17867.0,United Kingdom,46,424.18,9
17868.0,United Kingdom,22,234.65,1
17869.0,United Kingdom,4,607.98,3
17870.0,United Kingdom,2,1213.8,2
17871.0,United Kingdom,33,963.09,4
17872.0,United Kingdom,17,235.87,1
17873.0,United Kingdom,9,4656.72,14
17875.0,United Kingdom,324,167.1,1
17876.0,United Kingdom,35,3424.02,3
17878.0,United Kingdom,31,1032.88,2
17880.0,United Kingdom,275,366.0,2
17882.0,United Kingdom,15,313.46,2
17883.0,United Kingdom,175,324.08,3
17884.0,United Kingdom,4,2355.44,18
17886.0,United Kingdom,73,708.77,3
17888.0,United Kingdom,10,1094.39,17
17889.0,United Kingdom,10,571.0,5
17894.0,United Kingdom,2,1333.57,11
17897.0,United Kingdom,3,2018.4,8
17898.0,United Kingdom,88,147.12,2
17901.0,United Kingdom,157,149.7,2
17902.0,United Kingdom,182,216.4,1
17903.0,United Kingdom,30,381.09000000000003,1
17905.0,United Kingdom,9,1583.28,10
17907.0,United Kingdom,276,291.76,1
17908.0,United Kingdom,9,1168.26,5
17909.0,United Kingdom,373,132.55,1
17910.0,United Kingdom,362,261.7,1
17912.0,United Kingdom,11,64.49,1
17913.0,United Kingdom,36,3068.04,12
17915.0,United Kingdom,187,242.13,1
17916.0,United Kingdom,264,43.87,2
17918.0,United Kingdom,136,396.39,3
17919.0,United Kingdom,74,536.28,1
17920.0,United Kingdom,4,20312.36,39
17921.0,United Kingdom,15,1596.98,6
17922.0,United Kingdom,179,170.4,1
17923.0,United Kingdom,163,289.5,2
17924.0,United Kingdom,9,574.2,2
17925.0,United Kingdom,8,244.08,1
17926.0,United Kingdom,80,638.2,3
17927.0,United Kingdom,357,294.0,1
17928.0,United Kingdom,207,128.7,1
17929.0,United Kingdom,23,2239.1,8
17930.0,United Kingdom,29,2534.7400000000002,8
17931.0,United Kingdom,33,3028.93,12
17933.0,United Kingdom,268,114.69,1
17934.0,United Kingdom,42,344.90000000000003,1
17935.0,United Kingdom,36,540.35,5
17938.0,United Kingdom,56,144.29,1
17940.0,United Kingdom,81,26286.75,6
17941.0,United Kingdom,226,1128.72,3
17944.0,United Kingdom,59,75.41,1
17945.0,United Kingdom,332,360.35,3
17949.0,United Kingdom,7,60117.6,74
17950.0,United Kingdom,1,950.61,6
17951.0,United Kingdom,9,627.5400000000001,2
17952.0,United Kingdom,14,819.61,4
17953.0,United Kingdom,176,160.82,1
17954.0,United Kingdom,3,1633.33,9
17955.0,United Kingdom,291,392.6,2
17958.0,United Kingdom,364,465.41999999999996,1
17959.0,United Kingdom,228,140.75,1
17960.0,United Kingdom,158,61.300000000000004,2
17961.0,United Kingdom,8,1699.1,62
17962.0,United Kingdom,185,584.59,3
17963.0,United Kingdom,107,651.51,4
17964.0,United Kingdom,8,261.76,1
17965.0,United Kingdom,1,4618.41,17
17966.0,United Kingdom,227,875.99,5
17967.0,United Kingdom,7,234.22,2
17968.0,United Kingdom,9,610.69,4
17969.0,United Kingdom,138,2141.7400000000002,18
17971.0,United Kingdom,184,161.94,1
17974.0,United Kingdom,17,1117.27,3
17975.0,United Kingdom,2,2540.02,12
17976.0,United Kingdom,8,353.19,1
17977.0,United Kingdom,36,1277.49,1
17978.0,United Kingdom,1,1160.84,4
17980.0,United Kingdom,29,221.97,1
17981.0,United Kingdom,46,239.12,1
17982.0,United Kingdom,316,138.18,1
17983.0,United Kingdom,31,171.71,1
17984.0,United Kingdom,28,1038.59,4
17987.0,United Kingdom,12,805.0699999999999,4
17988.0,United Kingdom,123,288.42,7
17989.0,United Kingdom,15,228.83,1
17990.0,United Kingdom,16,896.7700000000001,3
17991.0,United Kingdom,227,227.2,1
17992.0,United Kingdom,25,254.13,1
17993.0,United Kingdom,253,235.19,1
17994.0,United Kingdom,24,1634.83,7
17995.0,United Kingdom,18,419.38,2
17996.0,United Kingdom,15,482.33,3
17998.0,United Kingdom,16,639.24,3
17999.0,United Kingdom,2,348.84,2
18000.0,United Kingdom,200,124.25,1
18001.0,United Kingdom,85,536.61,4
18002.0,United Kingdom,11,249.92,4
18003.0,United Kingdom,12,358.61,1
18006.0,United Kingdom,17,553.1800000000001,3
18007.0,United Kingdom,28,220.32,1
18008.0,United Kingdom,51,17670.94,14
18009.0,United Kingdom,178,1898.49,7
18011.0,United Kingdom,9,424.24,2
18012.0,United Kingdom,359,115.3,1
18016.0,United Kingdom,46,476.90000000000003,2
18017.0,United Kingdom,67,165.0,1
18018.0,United Kingdom,35,175.85,2
18020.0,United Kingdom,179,190.48000000000002,1
18021.0,United Kingdom,145,227.06,2
18022.0,United Kingdom,21,983.6800000000001,4
18025.0,United Kingdom,15,1177.72,6
18026.0,United Kingdom,136,2074.07,2
18028.0,United Kingdom,219,192.05,1
18029.0,United Kingdom,278,433.77,1
18031.0,United Kingdom,14,462.1,1
18034.0,United Kingdom,11,370.82,1
18035.0,United Kingdom,21,546.34,2
18036.0,United Kingdom,21,1158.02,8
18037.0,United Kingdom,57,97.39999999999999,9
18038.0,United Kingdom,192,149.41,1
18039.0,United Kingdom,10,579.17,4
18041.0,United Kingdom,1,4568.99,20
18042.0,United Kingdom,177,116.10000000000001,1
18043.0,United Kingdom,2,316.46,1
18044.0,United Kingdom,23,1417.01,8
18046.0,United Kingdom,285,189.63,1
18047.0,United Kingdom,17,342.69,2
18048.0,United Kingdom,129,229.44,1
18049.0,United Kingdom,73,556.52,2
18050.0,United Kingdom,29,337.66,1
18051.0,United Kingdom,270,2282.28,7
18052.0,United Kingdom,200,10877.18,1
18053.0,United Kingdom,161,271.05,2
18054.0,United Kingdom,28,176.5,1
18055.0,United Kingdom,3,4411.38,6
18056.0,United Kingdom,254,190.95,1
18057.0,United Kingdom,29,1203.56,3
18058.0,United Kingdom,177,603.9,2
18060.0,United Kingdom,44,1185.46,2
18061.0,United Kingdom,2,4369.56,19
18062.0,United Kingdom,22,912.15,3
18063.0,United Kingdom,26,186.60000000000002,2
18064.0,United Kingdom,82,3681.03,9
18065.0,United Kingdom,24,3473.8,15
18066.0,United Kingdom,22,1122.4,2
18069.0,United Kingdom,19,2503.89,6
18070.0,United Kingdom,305,314.1,1
18071.0,United Kingdom,1,975.63,5
18074.0,United Kingdom,9,1019.44,2
18075.0,United Kingdom,10,3171.54,10
18076.0,United Kingdom,16,151.49,1
18077.0,United Kingdom,2,1705.55,8
18078.0,United Kingdom,61,508.47,2
18079.0,United Kingdom,127,590.78,1
18083.0,United Kingdom,33,470.73,1
18084.0,United Kingdom,19,722.45,2
18085.0,United Kingdom,9,955.8000000000001,3
18087.0,United Kingdom,15,10705.8,15
18089.0,United Kingdom,82,428.45,1
18090.0,United Kingdom,57,349.4,1
18091.0,United Kingdom,229,360.85,1
18092.0,United Kingdom,1,7111.18,8
18093.0,United Kingdom,80,2346.19,4
18094.0,United Kingdom,82,3374.22,6
18095.0,United Kingdom,63,1723.04,3
18096.0,United Kingdom,78,894.13,3
18097.0,United Kingdom,21,1965.52,5
18098.0,United Kingdom,32,550.84,1
18100.0,United Kingdom,186,451.56,1
18101.0,United Kingdom,10,405.51,3
18102.0,United Kingdom,1,349164.35,89
18103.0,United Kingdom,185,105.8,1
18106.0,United Kingdom,112,1030.76,5
18107.0,United Kingdom,78,167.13,1
18108.0,United Kingdom,232,577.8100000000001,2
18109.0,United Kingdom,5,1840.99,13
18110.0,United Kingdom,47,199.13,1
18111.0,United Kingdom,225,405.85,1
18112.0,United Kingdom,54,423.27,2
18113.0,United Kingdom,4,76.32000000000001,1
18115.0,United Kingdom,333,9.700000000000001,1
18116.0,United Kingdom,12,736.27,5
18118.0,United Kingdom,5,1079.4,4
18119.0,United Kingdom,3,181.12,1
18123.0,United Kingdom,149,95.15,1
18124.0,United Kingdom,108,111.53,1
18127.0,United Kingdom,39,212.8,1
18128.0,United Kingdom,173,420.04,1
18131.0,United Kingdom,267,222.95999999999998,1
18132.0,United Kingdom,140,226.9,1
18134.0,United Kingdom,234,445.0,2
18135.0,United Kingdom,28,567.71,5
18136.0,United Kingdom,45,847.03,2
18137.0,United Kingdom,187,145.99,2
18140.0,West Indies,109,536.41,1
18141.0,United Kingdom,37,882.47,2
18144.0,United Kingdom,9,2169.25,8
18145.0,United Kingdom,18,2756.2400000000002,7
18148.0,United Kingdom,282,114.10000000000001,1
18149.0,United Kingdom,40,1012.63,4
18151.0,United Kingdom,56,1226.09,4
18152.0,United Kingdom,282,426.69,1
18153.0,United Kingdom,295,246.22,1
18154.0,United Kingdom,24,533.41,3
18156.0,United Kingdom,5,206.23000000000002,1
18157.0,United Kingdom,207,215.35,1
18160.0,United Kingdom,22,365.82,1
18161.0,United Kingdom,15,184.41,1
18162.0,United Kingdom,368,379.15999999999997,1
18163.0,United Kingdom,220,728.84,1
18166.0,United Kingdom,259,175.5,1
18168.0,United Kingdom,8,2600.33,11
18170.0,United Kingdom,10,1897.69,6
18171.0,United Kingdom,106,1206.0,4
18172.0,United Kingdom,23,9918.16,32
18173.0,United Kingdom,248,589.52,1
18174.0,United Kingdom,239,58.5,1
18175.0,United Kingdom,311,176.10000000000002,1
18177.0,United Kingdom,196,875.45,3
18178.0,United Kingdom,38,4512.93,7
18179.0,United Kingdom,158,754.38,2
18181.0,United Kingdom,36,823.14,4
18182.0,United Kingdom,99,291.13,1
18186.0,United Kingdom,358,329.58000000000004,1
18187.0,United Kingdom,267,724.89,1
18188.0,United Kingdom,66,1279.55,3
18189.0,United Kingdom,261,313.49,1
18190.0,United Kingdom,239,461.16,3
18191.0,United Kingdom,113,321.6,1
18193.0,United Kingdom,16,963.59,2
18194.0,United Kingdom,74,3188.2,5
18195.0,United Kingdom,23,101.16,1
18196.0,United Kingdom,107,775.18,2
18197.0,United Kingdom,211,230.1,1
18199.0,United Kingdom,319,344.75,1
18201.0,United Kingdom,358,447.53000000000003,1
18203.0,United Kingdom,17,344.0,3
18206.0,United Kingdom,189,314.65999999999997,1
18207.0,United Kingdom,135,544.47,1
18208.0,United Kingdom,201,360.08,1
18210.0,United Kingdom,18,147.45,1
18212.0,United Kingdom,313,298.3,1
18214.0,United Kingdom,166,1780.34,4
18215.0,United Kingdom,73,1948.15,4
18217.0,United Kingdom,149,323.29,2
18218.0,United Kingdom,232,479.91999999999996,2
18219.0,United Kingdom,4,1493.1200000000001,8
18220.0,United Kingdom,30,1616.48,5
18221.0,United Kingdom,26,383.33,1
18223.0,United Kingdom,23,7516.31,12
18225.0,United Kingdom,1,7545.14,15
18226.0,United Kingdom,14,6650.83,15
18227.0,United Kingdom,120,295.0,1
18229.0,United Kingdom,2,3526.81,10
18230.0,United Kingdom,14,1480.8600000000001,2
18231.0,United Kingdom,42,4797.7,23
18234.0,United Kingdom,187,179.6,1
18236.0,United Kingdom,24,913.11,6
18238.0,United Kingdom,151,270.92,1
18239.0,United Kingdom,8,588.75,2
18241.0,United Kingdom,51,913.9,4
18242.0,United Kingdom,81,1372.72,4
18243.0,United Kingdom,50,515.78,1
18244.0,United Kingdom,66,568.64,2
18245.0,United Kingdom,15,3757.92,13
18246.0,United Kingdom,245,162.72,1
18247.0,United Kingdom,50,839.73,3
18251.0,United Kingdom,81,21964.14,8
18252.0,United Kingdom,184,1015.42,5
18253.0,United Kingdom,278,317.88,1
18254.0,United Kingdom,217,267.9,1
18255.0,United Kingdom,92,199.85,1
18256.0,United Kingdom,23,110.69999999999999,1
18257.0,United Kingdom,82,2262.52,4
18258.0,United Kingdom,100,2059.67,6
18259.0,United Kingdom,2,1979.6000000000001,5
18260.0,United Kingdom,10,7318.91,17
18262.0,United Kingdom,29,428.06,2
18264.0,United Kingdom,134,603.25,1
18266.0,United Kingdom,70,251.1,1
18267.0,United Kingdom,308,269.37,1
18268.0,United Kingdom,227,1464.73,5
18269.0,United Kingdom,2,168.60000000000002,1
18270.0,United Kingdom,68,161.4,1
18271.0,United Kingdom,245,680.85,2
18272.0,United Kingdom,184,1307.4,3
18273.0,United Kingdom,226,153.0,1
18275.0,United Kingdom,214,741.85,2
18276.0,United Kingdom,28,1320.66,5
18277.0,United Kingdom,33,1069.67,4
18278.0,United Kingdom,40,240.3,1
18279.0,United Kingdom,155,231.34,1
18280.0,United Kingdom,30,307.55,1
18281.0,United Kingdom,213,120.32,1
18283.0,United Kingdom,18,641.77,6
18284.0,United Kingdom,67,461.68,1
18285.0,United Kingdom,296,427.0,1
18286.0,United Kingdom,112,1296.43,2
18287.0,United Kingdom,18,2345.71,4
