Customer ID,Country,Recency,Monetary,Frequency,Is_Outlier,Segment,Cluster
12357.0,Switzerland,24,12079.99,2,True,Champions,-1
12380.0,Belgium,101,6951.49,7,True,Champions,-1
12409.0,Switzerland,56,12346.62,4,True,Champions,-1
12415.0,Australia,11,19543.84,7,True,Champions,-1
12422.0,Australia,30,4428.24,14,True,Champions,-1
12431.0,Belgium,9,4370.52,13,True,Champions,-1
12433.0,Norway,2,7205.39,5,True,Champions,-1
12435.0,Denmark,32,6096.04,4,True,Champions,-1
12437.0,France,31,7731.99,21,True,Champions,-1
12454.0,Spain,31,13151.44,4,True,Champions,-1
12471.0,Germany,10,20139.74,49,True,Champions,-1
12472.0,Germany,5,11308.48,13,True,Champions,-1
12474.0,Germany,14,5048.66,13,True,Champions,-1
12476.0,Germany,32,7298.99,12,True,Champions,-1
12477.0,Germany,35,7056.63,3,True,Champions,-1
12481.0,Germany,1,6765.07,6,True,Champions,-1
12482.0,Sweden,212,23691.4,29,True,Champions,-1
12490.0,France,14,4405.71,11,True,Champions,-1
12497.0,Germany,36,5205.400000000001,2,True,Champions,-1
12510.0,Spain,95,4195.45,7,True,Champions,-1
12524.0,Germany,24,6640.39,9,True,Champions,-1
12539.0,Spain,86,5646.400000000001,3,True,Champions,-1
12540.0,Spain,14,8854.25,16,True,Champions,-1
12557.0,Spain,7,6725.18,4,True,Champions,-1
12567.0,France,3,4308.58,7,True,Champions,-1
12583.0,France,9,7166.06,13,True,Champions,-1
12589.0,France,57,4048.98,6,True,Champions,-1
12621.0,Germany,1,11086.14,16,True,Champions,-1
12643.0,France,21,5005.78,6,True,Champions,-1
12647.0,Germany,3,14201.53,27,True,Champions,-1
12668.0,Germany,14,7637.53,6,True,Champions,-1
12678.0,France,11,16652.72,9,True,Champions,-1
12681.0,France,3,17080.74,24,True,Champions,-1
12682.0,France,1,11745.69,23,True,Champions,-1
12683.0,France,1,4220.21,8,True,Champions,-1
12705.0,Germany,19,4893.81,5,True,Champions,-1
12709.0,Germany,2,21356.82,20,True,Champions,-1
12714.0,France,24,9384.85,7,True,Champions,-1
12731.0,France,78,6879.8,5,True,Champions,-1
12744.0,Singapore,95,4037.77,4,True,Champions,-1
12747.0,United Kingdom,5,5080.53,16,True,Champions,-1
12748.0,United Kingdom,1,22879.66,144,True,Champions,-1
12755.0,Japan,1,5218.71,10,True,Champions,-1
12758.0,Portugal,95,7111.650000000001,5,True,Champions,-1
12823.0,United Kingdom,30,4742.0,13,True,Champions,-1
12835.0,United Kingdom,63,6043.31,41,True,Champions,-1
12836.0,United Kingdom,25,3972.76,11,True,Champions,-1
12839.0,United Kingdom,3,4480.31,13,True,Champions,-1
12843.0,United Kingdom,18,4886.15,22,True,Champions,-1
12867.0,United Kingdom,33,3876.47,6,True,Champions,-1
12913.0,United Kingdom,4,4217.23,9,True,Champions,-1
12918.0,United Kingdom,262,10953.5,1,True,Champions,-1
12921.0,United Kingdom,2,19333.95,39,True,Champions,-1
12931.0,United Kingdom,16,50291.38,42,True,Champions,-1
12939.0,United Kingdom,15,13683.0,12,True,Champions,-1
12949.0,United Kingdom,18,11359.48,14,True,Champions,-1
12957.0,United Kingdom,177,4689.43,5,True,Champions,-1
12971.0,United Kingdom,2,4782.88,33,True,Champions,-1
12980.0,United Kingdom,22,8870.880000000001,12,True,Champions,-1
12989.0,United Kingdom,60,6627.64,18,True,Champions,-1
13001.0,United Kingdom,40,14353.28,20,True,Champions,-1
13004.0,United Kingdom,22,5994.94,18,True,Champions,-1
13013.0,United Kingdom,7,7814.83,18,True,Champions,-1
13027.0,United Kingdom,21,10423.2,13,True,Champions,-1
13044.0,United Kingdom,128,4293.43,10,True,Champions,-1
13047.0,United Kingdom,9,5557.62,17,True,Champions,-1
13050.0,United Kingdom,2,6507.67,19,True,Champions,-1
13069.0,United Kingdom,5,5247.01,16,True,Champions,-1
13078.0,United Kingdom,2,16904.51,32,True,Champions,-1
13081.0,United Kingdom,7,30867.77,19,True,Champions,-1
13089.0,United Kingdom,4,57912.03,109,True,Champions,-1
13090.0,United Kingdom,1,5192.27,13,True,Champions,-1
13093.0,United Kingdom,9,47111.18,48,True,Champions,-1
13097.0,United Kingdom,24,7378.8,18,True,Champions,-1
13102.0,United Kingdom,1,5272.83,14,True,Champions,-1
13113.0,United Kingdom,2,6379.7699999999995,14,True,Champions,-1
13137.0,United Kingdom,22,4062.29,8,True,Champions,-1
13141.0,United Kingdom,21,5279.83,12,True,Champions,-1
13148.0,United Kingdom,25,4914.6900000000005,14,True,Champions,-1
13157.0,United Kingdom,45,3946.14,5,True,Champions,-1
13162.0,United Kingdom,16,7587.2,12,True,Champions,-1
13174.0,United Kingdom,5,6677.81,10,True,Champions,-1
13178.0,United Kingdom,33,8333.72,10,True,Champions,-1
13199.0,United Kingdom,2,6615.77,30,True,Champions,-1
13206.0,United Kingdom,36,8377.32,13,True,Champions,-1
13225.0,United Kingdom,57,9796.23,9,True,Champions,-1
13267.0,United Kingdom,2,5236.77,18,True,Champions,-1
13316.0,United Kingdom,28,7213.84,6,True,Champions,-1
13317.0,United Kingdom,21,4212.411,13,True,Champions,-1
13319.0,United Kingdom,1,11236.95,34,True,Champions,-1
13327.0,United Kingdom,1,6251.71,14,True,Champions,-1
13329.0,United Kingdom,2,4323.97,7,True,Champions,-1
13340.0,United Kingdom,53,11364.08,5,True,Champions,-1
13373.0,United Kingdom,51,4274.94,3,True,Champions,-1
13381.0,United Kingdom,15,4585.06,6,True,Champions,-1
13394.0,United Kingdom,15,4101.68,11,True,Champions,-1
13408.0,United Kingdom,7,23616.422,46,True,Champions,-1
13418.0,United Kingdom,8,6106.17,15,True,Champions,-1
13426.0,United Kingdom,18,4526.06,12,True,Champions,-1
13446.0,United Kingdom,66,3881.89,11,True,Champions,-1
13448.0,United Kingdom,9,5701.5,9,True,Champions,-1
13451.0,United Kingdom,17,4214.77,6,True,Champions,-1
13468.0,United Kingdom,4,7685.54,38,True,Champions,-1
13488.0,United Kingdom,3,6619.57,11,True,Champions,-1
13542.0,United Kingdom,12,4006.17,17,True,Champions,-1
13555.0,United Kingdom,14,4849.91,9,True,Champions,-1
13564.0,United Kingdom,4,15500.53,35,True,Champions,-1
13576.0,United Kingdom,9,4834.4,11,True,Champions,-1
13590.0,United Kingdom,11,4367.67,12,True,Champions,-1
13599.0,United Kingdom,2,5013.96,14,True,Champions,-1
13615.0,United Kingdom,35,5854.84,7,True,Champions,-1
13629.0,United Kingdom,49,5578.5,8,True,Champions,-1
13668.0,United Kingdom,19,6726.35,14,True,Champions,-1
13680.0,United Kingdom,107,7713.25,8,True,Champions,-1
13687.0,United Kingdom,74,11880.84,1,True,Champions,-1
13694.0,United Kingdom,9,131443.19,94,True,Champions,-1
13715.0,United Kingdom,8,7403.95,13,True,Champions,-1
13734.0,United Kingdom,144,6701.640000000001,4,True,Champions,-1
13735.0,United Kingdom,12,6927.9800000000005,9,True,Champions,-1
13756.0,United Kingdom,3,4017.9800000000005,10,True,Champions,-1
13758.0,United Kingdom,2,6226.43,10,True,Champions,-1
13767.0,United Kingdom,5,18320.170000000002,39,True,Champions,-1
13777.0,United Kingdom,2,30501.260000000002,37,True,Champions,-1
13798.0,United Kingdom,8,38683.02,54,True,Champions,-1
13802.0,United Kingdom,10,21659.69,16,True,Champions,-1
13831.0,United Kingdom,5,4820.59,13,True,Champions,-1
13854.0,United Kingdom,1,4144.44,15,True,Champions,-1
13869.0,United Kingdom,17,5006.62,6,True,Champions,-1
13881.0,United Kingdom,11,28019.58,23,True,Champions,-1
13883.0,United Kingdom,39,3885.54,10,True,Champions,-1
13902.0,Denmark,268,34095.26,5,True,Champions,-1
13931.0,United Kingdom,28,4019.85,9,True,Champions,-1
13935.0,United Kingdom,232,6116.92,3,True,Champions,-1
13941.0,United Kingdom,8,6009.34,11,True,Champions,-1
13952.0,United Kingdom,16,9572.45,12,True,Champions,-1
13958.0,United Kingdom,15,4709.2300000000005,8,True,Champions,-1
13969.0,United Kingdom,1,4311.93,18,True,Champions,-1
13983.0,United Kingdom,2,4505.02,10,True,Champions,-1
13999.0,United Kingdom,10,5600.45,17,True,Champions,-1
14016.0,EIRE,32,7062.2,7,True,Champions,-1
14025.0,United Kingdom,100,4057.9,8,True,Champions,-1
14028.0,United Kingdom,186,10396.5,3,True,Champions,-1
14030.0,United Kingdom,2,5902.2,14,True,Champions,-1
14031.0,United Kingdom,1,23712.31,27,True,Champions,-1
14040.0,United Kingdom,22,9030.65,23,True,Champions,-1
14045.0,United Kingdom,9,9653.28,13,True,Champions,-1
14049.0,United Kingdom,23,7557.31,9,True,Champions,-1
14051.0,United Kingdom,2,6823.610000000001,15,True,Champions,-1
14062.0,United Kingdom,10,15139.35,12,True,Champions,-1
14063.0,United Kingdom,74,22710.2,9,True,Champions,-1
14081.0,United Kingdom,5,4435.58,9,True,Champions,-1
14085.0,United Kingdom,4,5656.43,16,True,Champions,-1
14088.0,United Kingdom,42,13544.99,3,True,Champions,-1
14091.0,United Kingdom,290,9530.08,2,True,Champions,-1
14101.0,United Kingdom,24,3985.14,7,True,Champions,-1
14105.0,United Kingdom,44,4722.6,4,True,Champions,-1
14110.0,United Kingdom,71,7304.8,21,True,Champions,-1
14113.0,United Kingdom,11,5252.1900000000005,12,True,Champions,-1
14134.0,United Kingdom,18,11123.35,15,True,Champions,-1
14135.0,United Kingdom,3,4953.61,11,True,Champions,-1
14145.0,United Kingdom,95,3857.85,3,True,Champions,-1
14146.0,United Kingdom,19,5259.3,7,True,Champions,-1
14154.0,United Kingdom,17,5115.08,6,True,Champions,-1
14156.0,EIRE,7,196566.74,102,True,Champions,-1
14160.0,United Kingdom,246,8421.47,7,True,Champions,-1
14175.0,United Kingdom,54,4456.58,5,True,Champions,-1
14194.0,United Kingdom,28,7321.070000000001,15,True,Champions,-1
14210.0,United Kingdom,7,3955.6800000000003,11,True,Champions,-1
14243.0,United Kingdom,1,4842.28,8,True,Champions,-1
14249.0,United Kingdom,46,5625.461,12,True,Champions,-1
14258.0,United Kingdom,31,19381.36,16,True,Champions,-1
14277.0,France,47,13009.61,6,True,Champions,-1
14282.0,United Kingdom,3,4120.32,11,True,Champions,-1
14286.0,United Kingdom,40,3851.01,4,True,Champions,-1
14291.0,United Kingdom,16,4020.85,12,True,Champions,-1
14292.0,United Kingdom,46,4354.32,7,True,Champions,-1
14298.0,United Kingdom,11,39667.19,38,True,Champions,-1
14299.0,United Kingdom,1,10533.87,19,True,Champions,-1
14329.0,United Kingdom,11,4912.38,8,True,Champions,-1
14395.0,United Kingdom,8,4700.3,12,True,Champions,-1
14415.0,United Kingdom,15,6191.32,10,True,Champions,-1
14422.0,United Kingdom,10,6007.88,13,True,Champions,-1
14426.0,United Kingdom,39,7246.27,7,True,Champions,-1
14439.0,Greece,79,6781.8,4,True,Champions,-1
14440.0,United Kingdom,1,4281.05,9,True,Champions,-1
14461.0,United Kingdom,18,4610.44,10,True,Champions,-1
14505.0,United Kingdom,40,6096.2,11,True,Champions,-1
14525.0,United Kingdom,64,3908.44,8,True,Champions,-1
14527.0,United Kingdom,1,19283.48,69,True,Champions,-1
14543.0,United Kingdom,16,11276.44,23,True,Champions,-1
14560.0,United Kingdom,15,3876.2599999999998,22,True,Champions,-1
14606.0,United Kingdom,2,18704.41,102,True,Champions,-1
14607.0,United Kingdom,103,7568.13,8,True,Champions,-1
14646.0,Netherlands,10,248396.5,78,True,Champions,-1
14648.0,United Kingdom,52,4546.86,15,True,Champions,-1
14667.0,United Kingdom,1,12685.94,31,True,Champions,-1
14676.0,United Kingdom,30,5808.55,6,True,Champions,-1
14680.0,United Kingdom,7,28658.66,43,True,Champions,-1
14685.0,United Kingdom,212,4619.79,8,True,Champions,-1
14709.0,United Kingdom,15,3965.29,12,True,Champions,-1
14733.0,United Kingdom,3,6599.06,4,True,Champions,-1
14735.0,United Kingdom,24,6174.47,24,True,Champions,-1
14739.0,United Kingdom,3,8385.22,19,True,Champions,-1
14755.0,United Kingdom,17,4962.27,14,True,Champions,-1
14766.0,United Kingdom,2,4082.76,6,True,Champions,-1
14769.0,United Kingdom,26,5097.13,9,True,Champions,-1
14828.0,United Kingdom,24,7699.7,10,True,Champions,-1
14841.0,United Kingdom,10,3867.2400000000002,8,True,Champions,-1
14849.0,United Kingdom,9,7832.91,21,True,Champions,-1
14855.0,United Kingdom,110,5874.65,5,True,Champions,-1
14866.0,United Kingdom,2,6460.32,8,True,Champions,-1
14895.0,United Kingdom,19,13980.83,18,True,Champions,-1
14911.0,EIRE,1,152147.57,205,True,Champions,-1
14918.0,United Kingdom,40,4345.66,7,True,Champions,-1
14936.0,Channel Islands,26,4273.79,4,True,Champions,-1
14944.0,United Kingdom,25,3884.42,7,True,Champions,-1
14952.0,United Kingdom,32,9529.86,21,True,Champions,-1
14961.0,United Kingdom,15,9365.47,13,True,Champions,-1
15005.0,United Kingdom,2,7789.63,29,True,Champions,-1
15023.0,United Kingdom,5,5367.92,10,True,Champions,-1
15032.0,United Kingdom,2,8821.55,7,True,Champions,-1
15034.0,United Kingdom,22,4004.79,6,True,Champions,-1
15039.0,United Kingdom,4,20116.99,47,True,Champions,-1
15044.0,United Kingdom,15,8504.1,18,True,Champions,-1
15061.0,United Kingdom,3,83284.38,86,True,Champions,-1
15078.0,United Kingdom,4,8018.77,23,True,Champions,-1
15093.0,United Kingdom,8,9729.09,18,True,Champions,-1
15125.0,United Kingdom,115,5496.39,9,True,Champions,-1
15144.0,United Kingdom,15,5579.87,12,True,Champions,-1
15179.0,United Kingdom,28,5284.97,8,True,Champions,-1
15194.0,United Kingdom,4,4811.16,14,True,Champions,-1
15202.0,United Kingdom,56,6001.49,3,True,Champions,-1
15218.0,United Kingdom,25,5759.68,11,True,Champions,-1
15251.0,United Kingdom,50,9839.55,10,True,Champions,-1
15260.0,United Kingdom,8,7377.46,20,True,Champions,-1
15270.0,United Kingdom,36,6145.37,14,True,Champions,-1
15281.0,United Kingdom,14,6211.42,7,True,Champions,-1
15291.0,United Kingdom,9,9178.26,26,True,Champions,-1
15296.0,United Kingdom,56,6669.97,6,True,Champions,-1
15298.0,United Kingdom,2,4659.47,12,True,Champions,-1
15311.0,United Kingdom,1,56003.26,121,True,Champions,-1
15321.0,United Kingdom,73,3961.42,9,True,Champions,-1
15332.0,Lithuania,2,4892.68,6,True,Champions,-1
15358.0,United Kingdom,1,8703.21,22,True,Champions,-1
15369.0,United Kingdom,128,6251.26,11,True,Champions,-1
15372.0,United Kingdom,86,4009.66,7,True,Champions,-1
15382.0,United Kingdom,10,7777.84,6,True,Champions,-1
15413.0,United Kingdom,327,6798.72,5,True,Champions,-1
15465.0,United Kingdom,5,5301.03,15,True,Champions,-1
15480.0,Malta,101,5373.5,4,True,Champions,-1
15497.0,United Kingdom,18,7395.19,7,True,Champions,-1
15498.0,United Kingdom,2,12723.18,19,True,Champions,-1
15513.0,United Kingdom,1,12992.33,18,True,Champions,-1
15521.0,United Kingdom,36,4106.49,8,True,Champions,-1
15523.0,United Kingdom,24,16947.98,15,True,Champions,-1
15544.0,United Kingdom,8,4615.72,12,True,Champions,-1
15547.0,United Kingdom,12,5199.55,12,True,Champions,-1
15555.0,United Kingdom,1,7307.18,22,True,Champions,-1
15570.0,United Kingdom,5,5145.52,14,True,Champions,-1
15581.0,United Kingdom,2,4114.62,26,True,Champions,-1
15601.0,United Kingdom,8,8183.56,17,True,Champions,-1
15615.0,United Kingdom,26,10974.23,24,True,Champions,-1
15622.0,United Kingdom,63,4143.05,8,True,Champions,-1
15633.0,United Kingdom,145,4352.46,13,True,Champions,-1
15640.0,United Kingdom,8,11441.92,15,True,Champions,-1
15674.0,United Kingdom,53,4501.63,8,True,Champions,-1
15694.0,United Kingdom,1,4331.41,12,True,Champions,-1
15719.0,United Kingdom,17,5177.45,18,True,Champions,-1
15727.0,United Kingdom,23,4266.55,8,True,Champions,-1
15738.0,United Kingdom,8,8560.55,26,True,Champions,-1
15750.0,United Kingdom,2,4331.711,12,True,Champions,-1
15760.0,Norway,266,13916.34,2,True,Champions,-1
15768.0,United Kingdom,112,14979.26,31,True,Champions,-1
15769.0,United Kingdom,7,32451.6,21,True,Champions,-1
15805.0,United Kingdom,21,4660.75,13,True,Champions,-1
15808.0,United Kingdom,5,14674.960000000001,18,True,Champions,-1
15823.0,United Kingdom,8,3882.17,3,True,Champions,-1
15838.0,United Kingdom,3,40519.92,16,True,Champions,-1
15856.0,United Kingdom,1,17832.77,26,True,Champions,-1
15867.0,United Kingdom,5,5251.31,17,True,Champions,-1
15874.0,United Kingdom,23,6878.88,14,True,Champions,-1
15898.0,United Kingdom,3,4207.43,22,True,Champions,-1
15950.0,United Kingdom,11,5415.2,6,True,Champions,-1
15955.0,United Kingdom,8,4242.1,9,True,Champions,-1
15980.0,United Kingdom,126,4194.82,4,True,Champions,-1
15981.0,United Kingdom,37,5954.29,13,True,Champions,-1
15984.0,United Kingdom,4,5921.65,21,True,Champions,-1
15998.0,United Kingdom,29,5218.37,11,True,Champions,-1
16008.0,United Kingdom,18,4905.35,12,True,Champions,-1
16013.0,United Kingdom,7,20315.84,39,True,Champions,-1
16019.0,United Kingdom,17,13679.61,18,True,Champions,-1
16029.0,United Kingdom,8,41184.3,47,True,Champions,-1
16103.0,United Kingdom,25,4762.07,16,True,Champions,-1
16118.0,United Kingdom,288,4376.25,1,True,Champions,-1
16125.0,United Kingdom,3,4298.3,14,True,Champions,-1
16126.0,United Kingdom,15,8359.03,11,True,Champions,-1
16131.0,United Kingdom,11,6450.88,6,True,Champions,-1
16133.0,United Kingdom,12,8403.22,23,True,Champions,-1
16161.0,United Kingdom,4,7256.24,25,True,Champions,-1
16168.0,United Kingdom,5,6848.87,40,True,Champions,-1
16170.0,United Kingdom,31,4983.95,14,True,Champions,-1
16180.0,United Kingdom,114,5995.69,5,True,Champions,-1
16186.0,United Kingdom,8,5019.17,15,True,Champions,-1
16191.0,United Kingdom,11,10507.5,11,True,Champions,-1
16200.0,United Kingdom,18,4562.83,10,True,Champions,-1
16210.0,United Kingdom,4,17403.21,19,True,Champions,-1
16242.0,United Kingdom,17,3871.19,7,True,Champions,-1
16258.0,United Kingdom,23,6739.01,10,True,Champions,-1
16279.0,United Kingdom,21,4195.5,6,True,Champions,-1
16320.0,Unspecified,89,4590.53,4,True,Champions,-1
16327.0,United Kingdom,5,6887.12,11,True,Champions,-1
16422.0,United Kingdom,5,28967.07,59,True,Champions,-1
16456.0,United Kingdom,9,4704.54,9,True,Champions,-1
16525.0,United Kingdom,2,11555.19,23,True,Champions,-1
16546.0,United Kingdom,8,4819.32,4,True,Champions,-1
16549.0,United Kingdom,33,9027.55,24,True,Champions,-1
16550.0,United Kingdom,4,7136.16,14,True,Champions,-1
16553.0,United Kingdom,32,10924.19,21,True,Champions,-1
16556.0,United Kingdom,11,4698.79,10,True,Champions,-1
16558.0,United Kingdom,2,5535.02,19,True,Champions,-1
16652.0,United Kingdom,40,10776.42,9,True,Champions,-1
16656.0,United Kingdom,56,8207.37,15,True,Champions,-1
16670.0,United Kingdom,29,3934.25,9,True,Champions,-1
16684.0,United Kingdom,15,80489.21,27,True,Champions,-1
16700.0,United Kingdom,2,4091.16,13,True,Champions,-1
16701.0,United Kingdom,59,4518.43,13,True,Champions,-1
16705.0,United Kingdom,36,29480.061,22,True,Champions,-1
16709.0,United Kingdom,15,6057.59,9,True,Champions,-1
16710.0,United Kingdom,4,3866.05,13,True,Champions,-1
16713.0,United Kingdom,2,7637.56,18,True,Champions,-1
16722.0,United Kingdom,2,4258.27,11,True,Champions,-1
16735.0,United Kingdom,29,3970.0,9,True,Champions,-1
16746.0,United Kingdom,19,11368.74,24,True,Champions,-1
16749.0,United Kingdom,227,4387.08,2,True,Champions,-1
16754.0,United Kingdom,8,65500.07,29,True,Champions,-1
16779.0,United Kingdom,2,22638.52,32,True,Champions,-1
16782.0,United Kingdom,1,8158.51,26,True,Champions,-1
16814.0,United Kingdom,5,5990.610000000001,16,True,Champions,-1
16839.0,United Kingdom,5,5716.14,11,True,Champions,-1
16843.0,United Kingdom,58,9374.86,19,True,Champions,-1
16858.0,United Kingdom,4,4292.59,10,True,Champions,-1
16873.0,United Kingdom,65,7493.77,6,True,Champions,-1
16923.0,United Kingdom,11,6130.75,13,True,Champions,-1
16938.0,United Kingdom,17,4306.8,5,True,Champions,-1
16945.0,United Kingdom,29,4202.66,14,True,Champions,-1
16954.0,United Kingdom,15,3996.7999999999997,11,True,Champions,-1
16984.0,United Kingdom,40,6273.45,7,True,Champions,-1
16985.0,United Kingdom,12,5459.04,13,True,Champions,-1
16992.0,United Kingdom,23,3862.19,8,True,Champions,-1
17017.0,United Kingdom,1,5416.35,13,True,Champions,-1
17044.0,United Kingdom,10,11013.82,11,True,Champions,-1
17049.0,United Kingdom,11,4287.5,10,True,Champions,-1
17068.0,United Kingdom,4,4608.94,27,True,Champions,-1
17085.0,United Kingdom,12,6324.76,23,True,Champions,-1
17091.0,United Kingdom,3,3983.34,11,True,Champions,-1
17107.0,United Kingdom,33,5259.99,4,True,Champions,-1
17133.0,United Kingdom,110,9730.09,5,True,Champions,-1
17138.0,United Kingdom,25,4036.77,6,True,Champions,-1
17139.0,United Kingdom,25,8915.99,13,True,Champions,-1
17146.0,United Kingdom,71,5110.46,10,True,Champions,-1
17157.0,United Kingdom,116,4832.900000000001,17,True,Champions,-1
17160.0,United Kingdom,10,6691.13,11,True,Champions,-1
17204.0,United Kingdom,10,3940.13,5,True,Champions,-1
17230.0,United Kingdom,199,6286.54,10,True,Champions,-1
17231.0,United Kingdom,25,4022.72,15,True,Champions,-1
17238.0,United Kingdom,7,4038.45,17,True,Champions,-1
17243.0,United Kingdom,5,12213.01,44,True,Champions,-1
17307.0,United Kingdom,31,3999.8900000000003,11,True,Champions,-1
17308.0,United Kingdom,29,4511.76,2,True,Champions,-1
17338.0,United Kingdom,11,5498.64,9,True,Champions,-1
17340.0,United Kingdom,2,10051.53,8,True,Champions,-1
17364.0,United Kingdom,12,7589.24,17,True,Champions,-1
17377.0,United Kingdom,1,14218.49,60,True,Champions,-1
17381.0,United Kingdom,4,19726.76,12,True,Champions,-1
17389.0,United Kingdom,10,25391.0,27,True,Champions,-1
17404.0,Sweden,45,15874.300000000001,8,True,Champions,-1
17409.0,United Kingdom,57,7021.66,8,True,Champions,-1
17416.0,United Kingdom,29,10405.03,15,True,Champions,-1
17428.0,United Kingdom,4,14562.91,18,True,Champions,-1
17448.0,United Kingdom,133,14556.970000000001,46,True,Champions,-1
17450.0,United Kingdom,3,52422.3,7,True,Champions,-1
17457.0,United Kingdom,15,4247.11,9,True,Champions,-1
17504.0,United Kingdom,16,6568.09,9,True,Champions,-1
17508.0,Greece,17,4191.92,7,True,Champions,-1
17511.0,United Kingdom,3,84541.17,31,True,Champions,-1
17576.0,United Kingdom,1,5434.13,23,True,Champions,-1
17581.0,United Kingdom,8,7712.71,20,True,Champions,-1
17584.0,United Kingdom,103,4067.12,4,True,Champions,-1
17589.0,United Kingdom,21,11645.7,14,True,Champions,-1
17593.0,United Kingdom,45,4168.46,6,True,Champions,-1
17611.0,United Kingdom,57,4387.76,13,True,Champions,-1
17625.0,United Kingdom,82,4020.8,4,True,Champions,-1
17675.0,United Kingdom,3,17885.32,40,True,Champions,-1
17677.0,United Kingdom,2,20329.68,28,True,Champions,-1
17696.0,United Kingdom,18,5393.88,19,True,Champions,-1
17700.0,United Kingdom,17,4145.33,10,True,Champions,-1
17706.0,United Kingdom,2,10245.49,17,True,Champions,-1
17716.0,United Kingdom,32,10300.98,13,True,Champions,-1
17735.0,United Kingdom,3,4134.91,8,True,Champions,-1
17739.0,United Kingdom,10,4939.24,11,True,Champions,-1
17809.0,United Kingdom,7,5925.4800000000005,11,True,Champions,-1
17829.0,United Arab Emirates,45,3867.5,4,True,Champions,-1
17838.0,United Kingdom,1,3943.6000000000004,10,True,Champions,-1
17841.0,United Kingdom,1,29892.5,91,True,Champions,-1
17850.0,United Kingdom,8,51208.87,155,True,Champions,-1
17858.0,United Kingdom,5,7641.99,19,True,Champions,-1
17865.0,United Kingdom,11,15848.07,26,True,Champions,-1
17873.0,United Kingdom,9,4656.72,14,True,Champions,-1
17920.0,United Kingdom,4,20312.36,39,True,Champions,-1
17940.0,United Kingdom,81,26286.75,6,True,Champions,-1
17949.0,United Kingdom,7,60117.6,74,True,Champions,-1
17965.0,United Kingdom,1,4618.41,17,True,Champions,-1
18008.0,United Kingdom,51,17670.94,14,True,Champions,-1
18041.0,United Kingdom,1,4568.99,20,True,Champions,-1
18052.0,United Kingdom,200,10877.18,1,True,Champions,-1
18055.0,United Kingdom,3,4411.38,6,True,Champions,-1
18061.0,United Kingdom,2,4369.56,19,True,Champions,-1
18087.0,United Kingdom,15,10705.8,15,True,Champions,-1
18092.0,United Kingdom,1,7111.18,8,True,Champions,-1
18102.0,United Kingdom,1,349164.35,89,True,Champions,-1
18172.0,United Kingdom,23,9918.16,32,True,Champions,-1
18178.0,United Kingdom,38,4512.93,7,True,Champions,-1
18223.0,United Kingdom,23,7516.31,12,True,Champions,-1
18225.0,United Kingdom,1,7545.14,15,True,Champions,-1
18226.0,United Kingdom,14,6650.83,15,True,Champions,-1
18231.0,United Kingdom,42,4797.7,23,True,Champions,-1
18251.0,United Kingdom,81,21964.14,8,True,Champions,-1
18260.0,United Kingdom,10,7318.91,17,True,Champions,-1
12346.0,United Kingdom,165,372.86,11,False,High-Potential,3
12347.0,Iceland,3,1323.32,2,False,Promising,0
12348.0,Finland,74,222.15999999999997,1,False,At Risk,1
12349.0,Italy,43,2671.14,3,False,High-Potential,3
12351.0,Unspecified,11,300.93,1,False,Promising,0
12352.0,Norway,11,343.8,2,False,Promising,0
12353.0,Bahrain,44,317.76,1,False,Promising,0
12355.0,Bahrain,203,488.21000000000004,1,False,At Risk,1
12356.0,Portugal,16,3562.25,3,False,Loyalists,2
12358.0,Austria,11,2719.01,3,False,Loyalists,2
12359.0,Cyprus,61,2563.36,6,False,Loyalists,2
12360.0,Austria,15,1590.83,5,False,Loyalists,2
12361.0,Belgium,98,321.35,3,False,High-Potential,3
12362.0,Belgium,374,130.0,1,False,At Risk,1
12366.0,Cyprus,269,500.24,1,False,At Risk,1
12368.0,Cyprus,264,917.7,1,False,At Risk,1
12369.0,Austria,49,1791.15,3,False,High-Potential,3
12370.0,Austria,260,774.62,3,False,High-Potential,3
12371.0,Switzerland,45,2179.42,3,False,High-Potential,3
12373.0,Austria,260,763.0500000000001,2,False,High-Potential,3
12374.0,Austria,57,2246.29,3,False,High-Potential,3
12376.0,Switzerland,25,503.15,2,False,Promising,0
12377.0,Switzerland,17,1798.2,2,False,High-Potential,3
12378.0,Switzerland,198,1407.7,1,False,High-Potential,3
12379.0,Belgium,58,767.98,2,False,High-Potential,3
12385.0,Belgium,15,1938.4,1,False,Promising,0
12386.0,Australia,2,258.90000000000003,1,False,Promising,0
12387.0,Australia,51,143.94,1,False,At Risk,1
12388.0,Australia,81,1120.45,2,False,High-Potential,3
12389.0,Australia,38,1433.33,3,False,High-Potential,3
12391.0,Cyprus,100,2312.53,5,False,High-Potential,3
12392.0,Australia,227,234.75000000000003,1,False,At Risk,1
12393.0,Australia,18,816.85,2,False,Promising,0
12395.0,Belgium,7,2048.64,4,False,Loyalists,2
12396.0,RSA,310,931.4300000000001,1,False,At Risk,1
12399.0,Belgium,21,853.65,3,False,High-Potential,3
12400.0,Australia,50,205.25,1,False,Promising,0
12402.0,Belgium,28,1031.3,5,False,Loyalists,2
12403.0,Denmark,157,591.6600000000001,1,False,At Risk,1
12404.0,Finland,318,63.24,1,False,At Risk,1
12406.0,Denmark,35,2975.06,3,False,High-Potential,3
12408.0,Belgium,21,1452.22,3,False,High-Potential,3
12410.0,Switzerland,138,320.38,1,False,At Risk,1
12411.0,Australia,45,346.9,1,False,Promising,0
12412.0,Denmark,38,1370.05,3,False,High-Potential,3
12413.0,Spain,38,241.35,1,False,Promising,0
12414.0,Austria,99,390.0,3,False,High-Potential,3
12416.0,Australia,292,202.56,1,False,At Risk,1
12417.0,Belgium,46,3167.81,11,False,Loyalists,2
12418.0,Switzerland,49,1352.62,3,False,High-Potential,3
12419.0,Spain,21,503.01,2,False,Promising,0
12421.0,Spain,51,291.56,2,False,Promising,0
12423.0,Denmark,23,763.08,2,False,Promising,0
12424.0,Australia,58,1579.07,2,False,High-Potential,3
12425.0,Portugal,84,964.21,1,False,High-Potential,3
12426.0,Germany,298,762.48,1,False,At Risk,1
12427.0,Germany,7,303.5,1,False,Promising,0
12429.0,Denmark,1,3735.51,5,False,Loyalists,2
12434.0,Australia,17,297.29,1,False,Promising,0
12439.0,Cyprus,318,1158.18,2,False,High-Potential,3
12440.0,Austria,98,859.2,2,False,High-Potential,3
12441.0,France,2,173.55,1,False,Promising,0
12443.0,Norway,368,485.31,1,False,At Risk,1
12445.0,Spain,56,301.58000000000004,1,False,Promising,0
12449.0,Denmark,46,768.6,2,False,High-Potential,3
12450.0,Spain,35,490.32,3,False,Promising,0
12451.0,Switzerland,99,3634.36,3,False,High-Potential,3
12455.0,Cyprus,81,3413.09,4,False,High-Potential,3
12457.0,Switzerland,71,632.6800000000001,1,False,Promising,0
12458.0,Switzerland,63,830.09,2,False,High-Potential,3
12459.0,Spain,241,454.36,1,False,At Risk,1
12460.0,Belgium,92,326.65,1,False,At Risk,1
12466.0,France,318,56.73,1,False,At Risk,1
12467.0,USA,59,132.8,1,False,At Risk,1
12468.0,Germany,162,2941.2,3,False,High-Potential,3
12469.0,Thailand,158,3070.54,2,False,High-Potential,3
12470.0,Unspecified,325,211.95,1,False,At Risk,1
12475.0,Germany,45,426.26,1,False,Promising,0
12480.0,Germany,35,2183.2200000000003,3,False,High-Potential,3
12483.0,Sweden,14,2635.6,11,False,Loyalists,2
12484.0,Spain,119,1828.43,6,False,High-Potential,3
12485.0,Sweden,165,708.1,1,False,At Risk,1
12486.0,Sweden,67,1037.28,1,False,High-Potential,3
12487.0,Sweden,366,285.3,1,False,At Risk,1
12492.0,Germany,39,452.0,1,False,Promising,0
12494.0,France,1,626.77,3,False,Loyalists,2
12495.0,Sweden,276,357.4,1,False,At Risk,1
12496.0,Spain,256,54.09,2,False,At Risk,1
12499.0,Germany,196,393.72,1,False,At Risk,1
12500.0,Germany,71,1697.39,8,False,Loyalists,2
12503.0,Spain,220,1126.0,1,False,High-Potential,3
12504.0,Germany,53,297.0,2,False,Promising,0
12505.0,Italy,44,955.2,1,False,Promising,0
12507.0,Spain,220,539.25,1,False,At Risk,1
12511.0,Greece,64,3084.02,1,False,High-Potential,3
12514.0,Italy,277,580.08,1,False,At Risk,1
12516.0,Germany,66,1336.56,2,False,High-Potential,3
12519.0,Germany,112,385.70000000000005,1,False,At Risk,1
12523.0,France,10,2582.38,12,False,Loyalists,2
12525.0,France,134,973.73,3,False,High-Potential,3
12527.0,Germany,130,386.8,2,False,At Risk,1
12529.0,France,164,316.48,1,False,At Risk,1
12530.0,Germany,51,2096.98,5,False,High-Potential,3
12531.0,Germany,322,1807.98,1,False,High-Potential,3
12533.0,Germany,263,1367.89,2,False,High-Potential,3
12537.0,Sweden,44,732.94,1,False,Promising,0
12538.0,Spain,14,276.5,1,False,Promising,0
12542.0,Spain,120,481.88,2,False,High-Potential,3
12543.0,Spain,84,980.25,1,False,High-Potential,3
12547.0,Spain,136,175.78,1,False,At Risk,1
12549.0,USA,211,1575.68,6,False,High-Potential,3
12553.0,France,21,916.47,2,False,Promising,0
12554.0,Spain,84,468.5,1,False,At Risk,1
12555.0,Spain,318,129.23,1,False,At Risk,1
12562.0,France,21,1185.18,2,False,Promising,0
12563.0,Italy,44,249.24,1,False,Promising,0
12568.0,Germany,280,70.0,1,False,At Risk,1
12570.0,Spain,318,77.52,1,False,At Risk,1
12573.0,France,17,556.87,4,False,Loyalists,2
12575.0,France,93,622.82,2,False,High-Potential,3
12576.0,Poland,28,826.89,3,False,High-Potential,3
12577.0,France,17,995.9499999999999,5,False,Loyalists,2
12578.0,Italy,21,1847.94,2,False,High-Potential,3
12580.0,Germany,212,637.2,1,False,At Risk,1
12582.0,Finland,58,1469.04,2,False,High-Potential,3
12586.0,Italy,10,1865.73,3,False,Loyalists,2
12588.0,Finland,35,743.88,3,False,High-Potential,3
12591.0,Italy,26,899.3,2,False,Promising,0
12592.0,Germany,155,2145.06,3,False,High-Potential,3
12594.0,Italy,14,1751.89,5,False,Loyalists,2
12595.0,Germany,140,299.02,1,False,At Risk,1
12598.0,France,99,1511.01,3,False,High-Potential,3
12599.0,France,17,1264.14,6,False,Loyalists,2
12600.0,Germany,7,2444.88,12,False,Loyalists,2
12601.0,Germany,40,104.2,1,False,At Risk,1
12605.0,Germany,12,1232.95,4,False,Loyalists,2
12606.0,Spain,318,21.0,1,False,At Risk,1
12608.0,United Kingdom,40,415.79,1,False,Promising,0
12609.0,Germany,10,2309.01,6,False,Loyalists,2
12613.0,Germany,24,3490.69,5,False,Loyalists,2
12615.0,France,49,3449.79,4,False,High-Potential,3
12616.0,France,24,417.8,1,False,Promising,0
12619.0,Germany,196,140.14,1,False,At Risk,1
12623.0,Germany,52,3442.7400000000002,6,False,Loyalists,2
12625.0,Germany,145,2481.06,2,False,High-Potential,3
12629.0,Sweden,21,1558.22,2,False,High-Potential,3
12631.0,Finland,92,2841.07,5,False,High-Potential,3
12632.0,Germany,156,804.88,2,False,High-Potential,3
12633.0,Germany,18,3514.18,3,False,Loyalists,2
12634.0,USA,171,490.0,2,False,At Risk,1
12635.0,Germany,28,1241.23,2,False,High-Potential,3
12636.0,USA,374,141.0,1,False,At Risk,1
12637.0,France,14,2318.41,4,False,Loyalists,2
12638.0,Sweden,275,249.8,1,False,At Risk,1
12639.0,Sweden,70,826.27,2,False,High-Potential,3
12644.0,Germany,66,1440.58,3,False,High-Potential,3
12645.0,Germany,45,1764.12,4,False,High-Potential,3
12648.0,Germany,73,793.95,3,False,High-Potential,3
12649.0,Germany,18,1671.14,5,False,Loyalists,2
12651.0,France,14,263.75,3,False,Promising,0
12652.0,Germany,70,97.05000000000001,1,False,At Risk,1
12653.0,Israel,162,1950.98,1,False,High-Potential,3
12655.0,France,59,261.35,1,False,At Risk,1
12656.0,France,61,2356.66,3,False,High-Potential,3
12661.0,Sweden,72,162.0,1,False,At Risk,1
12662.0,Germany,9,3138.2400000000002,10,False,Loyalists,2
12663.0,Germany,260,239.4,2,False,At Risk,1
12664.0,Finland,150,1188.16,2,False,High-Potential,3
12665.0,Germany,53,250.6,2,False,Promising,0
12666.0,Israel,30,1248.42,1,False,Promising,0
12670.0,France,21,764.24,2,False,Promising,0
12671.0,Germany,242,2622.481,1,False,High-Potential,3
12672.0,France,231,211.15,1,False,At Risk,1
12673.0,Germany,37,619.5,1,False,Promising,0
12675.0,Italy,189,958.5,2,False,High-Potential,3
12676.0,Sweden,44,1511.7,5,False,High-Potential,3
12677.0,France,191,395.1,2,False,At Risk,1
12686.0,France,7,89.14,1,False,Promising,0
12687.0,Sweden,116,2138.91,2,False,High-Potential,3
12691.0,France,56,134.6,1,False,At Risk,1
12692.0,France,273,110.95,1,False,At Risk,1
12693.0,Germany,32,847.11,3,False,High-Potential,3
12694.0,France,57,973.68,1,False,Promising,0
12695.0,France,164,825.02,3,False,High-Potential,3
12696.0,Finland,70,851.91,2,False,High-Potential,3
12698.0,Germany,226,339.75,1,False,At Risk,1
12699.0,Germany,53,638.11,1,False,Promising,0
12701.0,Germany,165,1648.7,4,False,High-Potential,3
12703.0,Germany,269,722.98,3,False,High-Potential,3
12708.0,Germany,4,2601.19,9,False,Loyalists,2
12711.0,Germany,247,1339.05,2,False,High-Potential,3
12712.0,Germany,1,2797.53,10,False,Loyalists,2
12717.0,Greece,226,277.93,1,False,At Risk,1
12720.0,Germany,5,2478.94,6,False,Loyalists,2
12721.0,France,21,1356.95,2,False,High-Potential,3
12724.0,France,19,1286.11,3,False,High-Potential,3
12725.0,Italy,7,2266.76,4,False,Loyalists,2
12726.0,France,23,1405.5,4,False,Loyalists,2
12727.0,France,78,1698.8300000000002,3,False,High-Potential,3
12728.0,France,19,233.84,1,False,Promising,0
12730.0,Germany,157,829.25,1,False,At Risk,1
12733.0,USA,25,2040.92,3,False,High-Potential,3
12734.0,France,10,529.25,2,False,Promising,0
12737.0,France,134,3710.5,2,False,High-Potential,3
12738.0,Germany,8,155.35,1,False,Promising,0
12739.0,United Arab Emirates,21,1713.69,2,False,High-Potential,3
12741.0,USA,165,406.07,2,False,At Risk,1
12742.0,United Arab Emirates,261,1201.52,1,False,High-Potential,3
12745.0,EIRE,122,925.41,3,False,High-Potential,3
12746.0,United Kingdom,176,254.55,1,False,At Risk,1
12749.0,United Kingdom,35,2806.48,4,False,Loyalists,2
12751.0,Brazil,80,268.27,1,False,At Risk,1
12759.0,Netherlands,22,3489.3,5,False,Loyalists,2
12760.0,Netherlands,91,347.8,1,False,At Risk,1
12761.0,Netherlands,93,782.95,2,False,High-Potential,3
12763.0,Japan,5,320.08,1,False,Promising,0
12765.0,Netherlands,108,1404.58,6,False,High-Potential,3
12766.0,Portugal,2,3078.65,3,False,Loyalists,2
12767.0,Korea,11,949.82,1,False,Promising,0
12768.0,Korea,86,168.69,1,False,At Risk,1
12770.0,Japan,92,1895.0,1,False,High-Potential,3
12771.0,Portugal,121,282.3,1,False,At Risk,1
12773.0,Portugal,200,124.25,1,False,At Risk,1
12774.0,Netherlands,171,98.7,1,False,At Risk,1
12775.0,Netherlands,24,300.08000000000004,2,False,Promising,0
12776.0,Portugal,303,55.5,1,False,At Risk,1
12777.0,United Kingdom,93,519.45,1,False,At Risk,1
12778.0,Netherlands,32,953.4499999999999,3,False,High-Potential,3
12779.0,Poland,7,2740.91,7,False,Loyalists,2
12780.0,Netherlands,234,337.4,1,False,At Risk,1
12782.0,Portugal,10,2287.32,6,False,Loyalists,2
12784.0,Portugal,165,1230.33,1,False,High-Potential,3
12785.0,Portugal,171,788.45,2,False,High-Potential,3
12786.0,Netherlands,245,728.5000000000001,1,False,At Risk,1
12787.0,Netherlands,49,398.52,1,False,Promising,0
12788.0,Netherlands,99,444.90000000000003,4,False,High-Potential,3
12789.0,Netherlands,148,181.5,2,False,At Risk,1
12790.0,Netherlands,46,266.93,1,False,Promising,0
12791.0,Netherlands,9,863.51,6,False,Loyalists,2
12792.0,Portugal,170,426.47,1,False,At Risk,1
12793.0,Portugal,7,471.85,2,False,Promising,0
12796.0,Netherlands,264,381.0,1,False,At Risk,1
12797.0,Portugal,1,552.08,2,False,Promising,0
12798.0,Japan,57,1533.89,1,False,High-Potential,3
12799.0,Japan,165,219.35,1,False,At Risk,1
12800.0,Portugal,106,584.25,3,False,High-Potential,3
12801.0,Sweden,136,1071.82,1,False,High-Potential,3
12802.0,Netherlands,78,1988.84,6,False,High-Potential,3
12803.0,Netherlands,29,1092.81,1,False,Promising,0
12804.0,Netherlands,101,327.02,2,False,At Risk,1
12805.0,Netherlands,17,1434.95,4,False,Loyalists,2
12806.0,Netherlands,71,2878.96,4,False,High-Potential,3
12807.0,Sweden,19,330.35,1,False,Promising,0
12808.0,Portugal,4,422.45,3,False,Promising,0
12809.0,Portugal,201,1266.63,2,False,High-Potential,3
12810.0,Japan,170,534.99,2,False,High-Potential,3
12811.0,Portugal,14,519.0500000000001,2,False,Promising,0
12813.0,Netherlands,137,1687.8,3,False,High-Potential,3
12817.0,Austria,35,524.94,2,False,Promising,0
12819.0,United Kingdom,94,540.52,1,False,At Risk,1
12820.0,United Kingdom,33,1747.18,7,False,Loyalists,2
12821.0,United Kingdom,247,128.08,1,False,At Risk,1
12825.0,United Kingdom,157,518.63,2,False,High-Potential,3
12826.0,United Kingdom,1,1481.03,6,False,Loyalists,2
12829.0,United Kingdom,186,92.3,1,False,At Risk,1
12831.0,United Kingdom,99,236.06,2,False,At Risk,1
12837.0,United Kingdom,205,554.31,1,False,At Risk,1
12838.0,United Kingdom,9,2715.35,9,False,Loyalists,2
12840.0,United Kingdom,73,1315.2,3,False,High-Potential,3
12841.0,United Kingdom,5,3518.33,17,False,Loyalists,2
12842.0,United Kingdom,40,799.0,2,False,High-Potential,3
12844.0,United Kingdom,78,322.64,2,False,At Risk,1
12846.0,United Kingdom,318,15.58,1,False,At Risk,1
12847.0,United Kingdom,23,765.36,1,False,Promising,0
12848.0,United Kingdom,311,208.0,1,False,At Risk,1
12849.0,United Kingdom,17,2039.67,4,False,Loyalists,2
12850.0,United Kingdom,81,330.0,1,False,At Risk,1
12851.0,United Kingdom,113,148.95,1,False,At Risk,1
12853.0,United Kingdom,63,1950.4,5,False,High-Potential,3
12854.0,United Kingdom,197,1669.52,4,False,High-Potential,3
12855.0,United Kingdom,8,612.84,4,False,Loyalists,2
12857.0,United Kingdom,72,2581.6,4,False,High-Potential,3
12858.0,United Kingdom,19,177.92,1,False,Promising,0
12859.0,United Kingdom,94,575.1,1,False,At Risk,1
12860.0,United Kingdom,329,55.47,1,False,At Risk,1
12861.0,United Kingdom,255,68.25,1,False,At Risk,1
12862.0,United Kingdom,61,1008.32,2,False,High-Potential,3
12863.0,United Kingdom,15,2271.35,5,False,Loyalists,2
12864.0,United Kingdom,144,152.45,1,False,At Risk,1
12865.0,Austria,14,1755.24,2,False,Promising,0
12866.0,Belgium,110,668.23,2,False,High-Potential,3
12868.0,United Kingdom,9,640.0,3,False,Promising,0
12869.0,United Kingdom,317,337.66999999999996,1,False,At Risk,1
12870.0,United Kingdom,11,1676.95,3,False,Loyalists,2
12871.0,United Kingdom,75,363.38,1,False,At Risk,1
12872.0,United Kingdom,1,3085.52,11,False,Loyalists,2
12873.0,United Kingdom,33,1653.3,2,False,High-Potential,3
12874.0,Belgium,21,948.42,2,False,Promising,0
12875.0,United Kingdom,107,1013.7600000000001,3,False,High-Potential,3
12876.0,Belgium,30,1863.77,2,False,High-Potential,3
12877.0,United Kingdom,37,1419.4,8,False,Loyalists,2
12880.0,United Kingdom,17,640.13,2,False,Promising,0
12887.0,United Kingdom,19,222.4,1,False,Promising,0
12889.0,United Kingdom,17,385.46000000000004,4,False,Promising,0
12890.0,United Kingdom,23,336.8,1,False,Promising,0
12891.0,United Kingdom,94,509.5,8,False,High-Potential,3
12892.0,United Kingdom,32,263.38,1,False,Promising,0
12894.0,United Kingdom,211,157.35,1,False,At Risk,1
12897.0,United Kingdom,17,297.75,2,False,Promising,0
12898.0,United Kingdom,99,310.96,2,False,At Risk,1
12899.0,United Kingdom,49,366.4,1,False,Promising,0
12900.0,United Kingdom,58,340.33000000000004,1,False,Promising,0
12903.0,United Kingdom,64,833.5300000000001,1,False,Promising,0
12905.0,United Kingdom,212,1018.42,2,False,High-Potential,3
12907.0,United Kingdom,31,508.91,2,False,Promising,0
12908.0,United Kingdom,16,1026.0,3,False,Loyalists,2
12909.0,United Kingdom,60,924.52,3,False,High-Potential,3
12910.0,United Kingdom,15,2721.48,5,False,Loyalists,2
12911.0,United Kingdom,187,1680.47,1,False,High-Potential,3
12914.0,United Kingdom,36,223.98,1,False,Promising,0
12915.0,United Kingdom,8,811.1,3,False,Promising,0
12916.0,United Kingdom,78,1647.8700000000001,3,False,High-Potential,3
12917.0,United Kingdom,36,3765.2,5,False,Loyalists,2
12920.0,United Kingdom,207,323.86,3,False,At Risk,1
12923.0,United Kingdom,26,612.9,2,False,Promising,0
12924.0,United Kingdom,29,1535.7,8,False,Loyalists,2
12925.0,United Kingdom,228,35.28,1,False,At Risk,1
12926.0,United Kingdom,47,1548.46,4,False,High-Potential,3
12927.0,United Kingdom,30,197.31,1,False,Promising,0
12928.0,United Kingdom,14,2242.19,7,False,Loyalists,2
12932.0,United Kingdom,175,1698.56,8,False,High-Potential,3
12933.0,United Kingdom,16,1079.5,5,False,Loyalists,2
12934.0,United Kingdom,372,181.65,1,False,At Risk,1
12935.0,United Kingdom,11,2083.16,8,False,Loyalists,2
12937.0,United Kingdom,99,1593.34,5,False,High-Potential,3
12941.0,United Kingdom,360,377.49,1,False,At Risk,1
12942.0,United Kingdom,1,258.75,1,False,Promising,0
12943.0,United Kingdom,194,496.5,2,False,At Risk,1
12945.0,United Kingdom,292,437.16,1,False,At Risk,1
12946.0,United Kingdom,72,324.45,1,False,At Risk,1
12947.0,United Kingdom,9,304.04,1,False,Promising,0
12948.0,United Kingdom,366,252.48,2,False,At Risk,1
12951.0,United Kingdom,22,2149.65,9,False,Loyalists,2
12953.0,United Kingdom,158,498.96,1,False,At Risk,1
12954.0,United Kingdom,274,162.45,1,False,At Risk,1
12956.0,United Kingdom,320,413.82,3,False,High-Potential,3
12958.0,United Kingdom,36,539.49,2,False,Promising,0
12959.0,United Kingdom,120,150.95,1,False,At Risk,1
12960.0,United Kingdom,49,1322.0700000000002,4,False,High-Potential,3
12961.0,United Kingdom,15,211.99,1,False,Promising,0
12963.0,United Kingdom,1,1744.96,5,False,Loyalists,2
12964.0,United Kingdom,73,132.24,1,False,At Risk,1
12967.0,United Kingdom,7,2646.02,2,False,Loyalists,2
12969.0,United Kingdom,238,122.45,1,False,At Risk,1
12970.0,United Kingdom,16,1072.73,6,False,Loyalists,2
12972.0,United Kingdom,49,1161.2,4,False,High-Potential,3
12973.0,United Kingdom,49,385.55,1,False,Promising,0
12974.0,United Kingdom,201,264.15,1,False,At Risk,1
12975.0,United Kingdom,72,2100.09,6,False,High-Potential,3
12976.0,United Kingdom,14,2417.78,7,False,Loyalists,2
12977.0,United Kingdom,137,478.39,3,False,High-Potential,3
12978.0,United Kingdom,21,2502.82,5,False,Loyalists,2
12979.0,United Arab Emirates,365,517.7,1,False,At Risk,1
12982.0,United Kingdom,30,2354.27,7,False,Loyalists,2
12983.0,United Kingdom,234,490.08,1,False,At Risk,1
12986.0,United Kingdom,64,2729.84,10,False,Loyalists,2
12987.0,United Kingdom,56,753.51,3,False,High-Potential,3
12990.0,United Kingdom,53,546.0,4,False,High-Potential,3
12991.0,United Kingdom,25,261.06,1,False,Promising,0
12992.0,United Kingdom,361,93.35,1,False,At Risk,1
12993.0,United Kingdom,81,844.87,4,False,High-Potential,3
12996.0,United Kingdom,11,355.5,1,False,Promising,0
12997.0,United Kingdom,30,884.02,4,False,High-Potential,3
12998.0,United Kingdom,128,920.08,3,False,High-Potential,3
13000.0,United Kingdom,361,497.65,1,False,At Risk,1
13002.0,United Kingdom,52,293.18,2,False,Promising,0
13005.0,United Kingdom,67,485.98,2,False,High-Potential,3
13007.0,United Kingdom,215,175.25,1,False,At Risk,1
13008.0,United Kingdom,33,382.66,2,False,Promising,0
13009.0,United Kingdom,308,234.0,1,False,At Risk,1
13010.0,United Kingdom,10,330.12,2,False,Promising,0
13011.0,United Kingdom,8,50.550000000000004,1,False,Promising,0
13012.0,United Kingdom,65,1310.99,3,False,High-Potential,3
13014.0,United Kingdom,68,1914.8,1,False,High-Potential,3
13015.0,United Kingdom,74,3240.14,6,False,High-Potential,3
13018.0,United Kingdom,49,2485.46,7,False,Loyalists,2
13019.0,United Kingdom,15,1229.95,6,False,Loyalists,2
13020.0,United Kingdom,198,618.96,2,False,High-Potential,3
13021.0,United Kingdom,10,2270.86,8,False,Loyalists,2
13022.0,Belgium,65,65.3,1,False,At Risk,1
13023.0,United Kingdom,164,759.13,1,False,At Risk,1
13024.0,United Kingdom,106,555.87,2,False,High-Potential,3
13025.0,United Kingdom,367,323.39,1,False,At Risk,1
13026.0,United Kingdom,124,757.72,4,False,High-Potential,3
13029.0,United Kingdom,10,679.8,2,False,Promising,0
13030.0,United Kingdom,4,427.74,1,False,Promising,0
13031.0,United Kingdom,43,3419.27,5,False,Loyalists,2
13032.0,United Kingdom,28,1833.3700000000001,7,False,Loyalists,2
13033.0,United Kingdom,65,30.0,1,False,At Risk,1
13034.0,United Kingdom,5,279.91,2,False,Promising,0
13035.0,United Kingdom,67,442.32,1,False,Promising,0
13036.0,United Kingdom,320,307.1,1,False,At Risk,1
13037.0,United Kingdom,35,3033.88,9,False,Loyalists,2
13039.0,United Kingdom,220,1010.73,4,False,High-Potential,3
13041.0,United Kingdom,86,799.13,4,False,High-Potential,3
13042.0,United Kingdom,234,1556.54,3,False,High-Potential,3
13045.0,United Kingdom,37,503.64,2,False,Promising,0
13046.0,United Kingdom,92,319.94,1,False,At Risk,1
13048.0,United Kingdom,72,2248.3,5,False,High-Potential,3
13049.0,United Kingdom,25,751.5600000000001,2,False,Promising,0
13051.0,United Kingdom,214,155.8,2,False,At Risk,1
13052.0,United Kingdom,56,2820.38,6,False,Loyalists,2
13053.0,United Kingdom,257,127.65,1,False,At Risk,1
13055.0,United Kingdom,65,1106.7,1,False,High-Potential,3
13056.0,United Kingdom,187,209.48,1,False,At Risk,1
13057.0,United Kingdom,166,722.09,3,False,High-Potential,3
13059.0,United Kingdom,49,2119.77,9,False,Loyalists,2
13063.0,United Kingdom,116,188.4,1,False,At Risk,1
13064.0,United Kingdom,186,561.25,2,False,High-Potential,3
13065.0,United Kingdom,9,1055.05,5,False,Loyalists,2
13067.0,United Kingdom,45,393.05,2,False,Promising,0
13070.0,United Kingdom,95,522.9,3,False,High-Potential,3
13071.0,United Kingdom,248,129.22,1,False,At Risk,1
13073.0,United Kingdom,47,418.08,2,False,Promising,0
13074.0,United Kingdom,147,1378.74,4,False,High-Potential,3
13076.0,United Kingdom,93,135.4,1,False,At Risk,1
13077.0,United Kingdom,2,2335.4,8,False,Loyalists,2
13079.0,United Kingdom,53,199.08,1,False,At Risk,1
13080.0,United Kingdom,37,222.65,3,False,Promising,0
13082.0,United Kingdom,60,3722.12,12,False,Loyalists,2
13083.0,United Kingdom,61,91.67999999999999,1,False,At Risk,1
13084.0,United Kingdom,127,122.39999999999999,1,False,At Risk,1
13085.0,United Kingdom,315,2017.2,6,False,High-Potential,3
13086.0,United Kingdom,18,439.33000000000004,1,False,Promising,0
13087.0,United Kingdom,362,313.64,1,False,At Risk,1
13088.0,United Kingdom,53,236.11,1,False,Promising,0
13091.0,United Kingdom,365,1976.0,2,False,High-Potential,3
13092.0,United Kingdom,50,1662.45,7,False,Loyalists,2
13094.0,United Kingdom,4,505.80000000000007,2,False,Promising,0
13096.0,United Kingdom,30,419.7000000000001,1,False,Promising,0
13101.0,United Kingdom,134,594.21,3,False,High-Potential,3
13103.0,United Kingdom,73,465.70000000000005,2,False,High-Potential,3
13104.0,United Kingdom,51,610.62,3,False,High-Potential,3
13105.0,United Kingdom,72,72.0,1,False,At Risk,1
13106.0,United Kingdom,49,526.96,1,False,Promising,0
13107.0,United Kingdom,49,3721.45,5,False,Loyalists,2
13108.0,United Kingdom,8,748.46,2,False,Promising,0
13109.0,United Kingdom,187,347.49,1,False,At Risk,1
13110.0,United Kingdom,73,1468.8,5,False,High-Potential,3
13111.0,United Kingdom,354,321.88000000000005,1,False,At Risk,1
13112.0,United Kingdom,177,20.599999999999998,1,False,At Risk,1
13114.0,United Kingdom,366,234.38,1,False,At Risk,1
13115.0,United Kingdom,15,3199.92,6,False,Loyalists,2
13117.0,United Kingdom,1,1658.9,12,False,Loyalists,2
13118.0,United Kingdom,12,1217.6,4,False,Loyalists,2
13119.0,United Kingdom,304,134.9,1,False,At Risk,1
13123.0,United Kingdom,108,506.75,2,False,High-Potential,3
13124.0,United Kingdom,21,916.12,1,False,Promising,0
13125.0,United Kingdom,159,158.57,1,False,At Risk,1
13126.0,United Kingdom,2,1898.61,7,False,Loyalists,2
13128.0,United Kingdom,267,263.5,1,False,At Risk,1
13129.0,United Kingdom,88,233.25,2,False,At Risk,1
13131.0,United Kingdom,54,2240.4700000000003,4,False,High-Potential,3
13133.0,United Kingdom,95,90.65,1,False,At Risk,1
13134.0,United Kingdom,38,681.65,2,False,Promising,0
13135.0,United Kingdom,127,275.45,1,False,At Risk,1
13136.0,United Kingdom,11,3666.9500000000003,8,False,Loyalists,2
13138.0,United Kingdom,8,504.85,2,False,Promising,0
13139.0,United Kingdom,73,3138.04,1,False,High-Potential,3
13140.0,United Kingdom,2,791.96,3,False,Loyalists,2
13143.0,United Kingdom,220,405.1,1,False,At Risk,1
13144.0,United Kingdom,67,24.4,1,False,At Risk,1
13145.0,United Kingdom,8,805.0,4,False,Loyalists,2
13150.0,United Kingdom,120,449.96999999999997,3,False,High-Potential,3
13151.0,United Kingdom,261,1322.8700000000001,2,False,High-Potential,3
13152.0,United Kingdom,53,2146.38,7,False,Loyalists,2
13154.0,United Kingdom,35,1624.84,3,False,High-Potential,3
13155.0,United Kingdom,4,778.4200000000001,3,False,Loyalists,2
13156.0,United Kingdom,21,1586.54,3,False,High-Potential,3
13158.0,United Kingdom,24,307.12,1,False,Promising,0
13161.0,United Kingdom,136,366.13,1,False,At Risk,1
13163.0,United Kingdom,246,17.65,1,False,At Risk,1
13164.0,United Kingdom,205,372.2,2,False,At Risk,1
13165.0,United Kingdom,49,429.68,1,False,Promising,0
13166.0,United Kingdom,50,466.98,1,False,Promising,0
13167.0,United Kingdom,26,333.82,1,False,Promising,0
13168.0,United Kingdom,178,556.12,1,False,At Risk,1
13169.0,United Kingdom,198,127.2,1,False,At Risk,1
13172.0,United Kingdom,36,69.6,1,False,At Risk,1
13173.0,United Kingdom,3,2285.7,10,False,Loyalists,2
13175.0,United Kingdom,218,831.45,2,False,High-Potential,3
13177.0,United Kingdom,66,229.75,1,False,At Risk,1
13179.0,United Kingdom,254,572.3100000000001,1,False,At Risk,1
13180.0,United Kingdom,243,86.10000000000001,1,False,At Risk,1
13181.0,United Kingdom,17,359.69,1,False,Promising,0
13183.0,United Kingdom,30,3078.4,6,False,Loyalists,2
13187.0,United Kingdom,260,130.99,3,False,At Risk,1
13190.0,United Kingdom,180,570.66,3,False,High-Potential,3
13191.0,United Kingdom,294,164.69,1,False,At Risk,1
13192.0,United Kingdom,171,1646.64,4,False,High-Potential,3
13194.0,United Kingdom,57,412.08,1,False,Promising,0
13195.0,United Kingdom,50,172.38,1,False,At Risk,1
13196.0,United Kingdom,79,1271.06,3,False,High-Potential,3
13197.0,United Kingdom,245,373.01000000000005,1,False,At Risk,1
13198.0,United Kingdom,23,1572.99,2,False,High-Potential,3
13201.0,United Kingdom,138,1240.61,4,False,High-Potential,3
13202.0,United Kingdom,30,1580.3,7,False,Loyalists,2
13203.0,United Kingdom,22,1778.79,6,False,Loyalists,2
13204.0,United Kingdom,367,966.6600000000001,1,False,At Risk,1
13205.0,United Kingdom,79,2803.2,1,False,High-Potential,3
13207.0,United Kingdom,87,285.6,2,False,At Risk,1
13208.0,United Kingdom,85,764.6,3,False,High-Potential,3
13209.0,United Kingdom,150,2617.9,5,False,High-Potential,3
13211.0,United Kingdom,17,1531.9,7,False,Loyalists,2
13213.0,United Kingdom,19,2330.94,6,False,Loyalists,2
13214.0,United Kingdom,53,3264.23,7,False,Loyalists,2
13215.0,United Kingdom,38,81.6,1,False,At Risk,1
13217.0,United Kingdom,291,132.5,1,False,At Risk,1
13219.0,United Kingdom,254,76.23,1,False,At Risk,1
13220.0,United Kingdom,211,516.8,1,False,At Risk,1
13222.0,United Kingdom,213,88.5,1,False,At Risk,1
13223.0,United Kingdom,59,805.92,4,False,High-Potential,3
13226.0,United Kingdom,29,204.25,1,False,Promising,0
13230.0,United Kingdom,1,3553.81,17,False,Loyalists,2
13233.0,United Kingdom,56,571.34,2,False,High-Potential,3
13234.0,United Kingdom,308,356.95,2,False,At Risk,1
13237.0,United Kingdom,23,643.0,1,False,Promising,0
13238.0,United Kingdom,66,305.9,2,False,Promising,0
13239.0,United Kingdom,73,1265.1299999999999,4,False,High-Potential,3
13240.0,United Kingdom,1,1074.8700000000001,5,False,Loyalists,2
13241.0,United Kingdom,47,115.58,1,False,At Risk,1
13242.0,United Kingdom,87,429.0,4,False,High-Potential,3
13243.0,United Kingdom,85,677.97,4,False,High-Potential,3
13245.0,United Kingdom,68,558.72,1,False,Promising,0
13246.0,United Kingdom,29,1400.13,5,False,Loyalists,2
13249.0,United Kingdom,37,897.52,6,False,Loyalists,2
13250.0,United Kingdom,96,256.04,2,False,At Risk,1
13251.0,United Kingdom,38,252.68,1,False,Promising,0
13252.0,United Kingdom,30,399.3,2,False,Promising,0
13253.0,United Kingdom,66,1920.71,2,False,High-Potential,3
13254.0,United Kingdom,12,51.41,1,False,Promising,0
13255.0,United Kingdom,9,504.95,2,False,Promising,0
13257.0,United Kingdom,72,149.75,1,False,At Risk,1
13258.0,United Kingdom,15,336.59999999999997,2,False,Promising,0
13259.0,United Kingdom,33,1141.06,8,False,Loyalists,2
13262.0,United Kingdom,25,373.16,2,False,Promising,0
13263.0,United Kingdom,29,1250.6200000000001,4,False,High-Potential,3
13264.0,United Kingdom,78,722.5600000000001,1,False,Promising,0
13266.0,United Kingdom,49,2300.78,7,False,Loyalists,2
13269.0,United Kingdom,5,3545.47,14,False,Loyalists,2
13270.0,United Kingdom,2,590.0,1,False,Promising,0
13274.0,United Kingdom,45,360.85,1,False,Promising,0
13275.0,United Kingdom,19,241.66,2,False,Promising,0
13276.0,United Kingdom,33,1348.33,3,False,High-Potential,3
13277.0,United Kingdom,16,264.9,3,False,Promising,0
13278.0,United Kingdom,35,893.12,3,False,High-Potential,3
13280.0,United Kingdom,15,1507.77,4,False,Loyalists,2
13281.0,United Kingdom,75,350.85,1,False,At Risk,1
13282.0,United Kingdom,42,181.05,1,False,Promising,0
13283.0,United Kingdom,203,279.7,2,False,At Risk,1
13285.0,United Kingdom,236,655.47,2,False,High-Potential,3
13286.0,United Kingdom,236,734.91,1,False,At Risk,1
13287.0,United Kingdom,239,781.59,3,False,High-Potential,3
13288.0,United Kingdom,79,927.61,5,False,High-Potential,3
13289.0,United Kingdom,359,307.95,1,False,At Risk,1
13290.0,United Kingdom,74,208.63,1,False,At Risk,1
13291.0,United Kingdom,50,2959.73,10,False,Loyalists,2
13292.0,United Kingdom,51,415.57,3,False,High-Potential,3
13293.0,United Kingdom,28,1192.94,6,False,Loyalists,2
13294.0,United Kingdom,282,815.79,1,False,At Risk,1
13295.0,United Kingdom,12,900.77,3,False,Promising,0
13296.0,United Kingdom,59,705.11,5,False,High-Potential,3
13297.0,United Kingdom,21,2278.77,3,False,Loyalists,2
13299.0,United Kingdom,59,1076.2,2,False,High-Potential,3
13300.0,United Kingdom,24,913.62,2,False,Promising,0
13302.0,United Kingdom,162,95.45,1,False,At Risk,1
13303.0,United Kingdom,36,61.72,1,False,At Risk,1
13304.0,United Kingdom,91,917.57,3,False,High-Potential,3
13305.0,United Kingdom,8,1753.85,7,False,Loyalists,2
13306.0,United Kingdom,66,53.65,1,False,At Risk,1
13307.0,United Kingdom,123,258.34,2,False,At Risk,1
13308.0,United Kingdom,232,284.86,1,False,At Risk,1
13309.0,United Kingdom,28,249.58,1,False,Promising,0
13310.0,United Kingdom,16,409.17,2,False,Promising,0
13312.0,United Kingdom,87,124.75,1,False,At Risk,1
13313.0,United Kingdom,115,1890.0,7,False,High-Potential,3
13315.0,United Kingdom,325,310.26000000000005,1,False,At Risk,1
13320.0,United Kingdom,70,679.4,2,False,High-Potential,3
13324.0,United Kingdom,64,3391.52,8,False,Loyalists,2
13326.0,United Kingdom,68,281.76,1,False,At Risk,1
13330.0,United Kingdom,91,1665.25,3,False,High-Potential,3
13331.0,United Kingdom,37,262.4,1,False,Promising,0
13333.0,United Kingdom,47,1015.74,3,False,High-Potential,3
13334.0,United Kingdom,172,2726.93,2,False,High-Potential,3
13337.0,United Kingdom,182,1575.26,1,False,High-Potential,3
13338.0,United Kingdom,177,1958.6,3,False,High-Potential,3
13346.0,United Kingdom,98,299.4,6,False,High-Potential,3
13357.0,United Kingdom,130,3228.41,4,False,High-Potential,3
13359.0,United Kingdom,39,603.75,1,False,Promising,0
13360.0,United Kingdom,67,1553.65,4,False,High-Potential,3
13361.0,United Kingdom,108,1450.5,2,False,High-Potential,3
13362.0,United Kingdom,14,2303.33,3,False,Loyalists,2
13363.0,United Kingdom,45,731.36,1,False,Promising,0
13367.0,United Kingdom,67,510.2,1,False,Promising,0
13368.0,United Kingdom,50,498.1,2,False,Promising,0
13369.0,United Kingdom,1,308.28000000000003,1,False,Promising,0
13370.0,United Kingdom,7,754.87,1,False,Promising,0
13371.0,United Kingdom,141,2297.66,2,False,High-Potential,3
13374.0,United Kingdom,50,422.8,2,False,Promising,0
13375.0,United Kingdom,80,1013.58,1,False,High-Potential,3
13377.0,United Kingdom,32,1552.88,2,False,High-Potential,3
13380.0,United Kingdom,68,62.4,1,False,At Risk,1
13382.0,United Kingdom,64,1164.5900000000001,4,False,High-Potential,3
13383.0,United Kingdom,179,305.28000000000003,1,False,At Risk,1
13384.0,United Kingdom,26,2528.9,4,False,Loyalists,2
13386.0,United Kingdom,50,835.46,2,False,High-Potential,3
13387.0,United Kingdom,53,189.44,1,False,At Risk,1
13388.0,United Kingdom,239,508.55,1,False,At Risk,1
13392.0,United Kingdom,313,91.14,1,False,At Risk,1
13393.0,United Kingdom,219,1131.45,4,False,High-Potential,3
13395.0,United Kingdom,36,872.51,2,False,High-Potential,3
13397.0,United Kingdom,73,1647.74,5,False,High-Potential,3
13398.0,United Kingdom,84,213.0,1,False,At Risk,1
13399.0,United Kingdom,100,275.4,3,False,At Risk,1
13400.0,United Kingdom,218,310.83,1,False,At Risk,1
13402.0,United Kingdom,8,913.9,3,False,Loyalists,2
13403.0,United Kingdom,23,154.5,2,False,Promising,0
13405.0,United Kingdom,117,641.36,3,False,High-Potential,3
13406.0,United Kingdom,63,568.92,2,False,High-Potential,3
13407.0,United Kingdom,214,2244.7,3,False,High-Potential,3
13410.0,United Kingdom,29,1198.9,4,False,High-Potential,3
13412.0,United Kingdom,256,487.35,1,False,At Risk,1
13413.0,United Kingdom,275,429.44,6,False,High-Potential,3
13414.0,United Kingdom,99,1103.64,3,False,High-Potential,3
13415.0,United Kingdom,108,800.67,4,False,High-Potential,3
13416.0,United Kingdom,372,228.3,1,False,At Risk,1
13417.0,United Kingdom,183,1028.66,4,False,High-Potential,3
13421.0,United Kingdom,42,2252.04,6,False,Loyalists,2
13423.0,United Kingdom,64,217.03,1,False,At Risk,1
13424.0,United Kingdom,85,572.77,1,False,At Risk,1
13425.0,United Kingdom,144,1779.42,2,False,High-Potential,3
13427.0,United Kingdom,113,423.93,3,False,High-Potential,3
13428.0,United Kingdom,150,281.51,2,False,At Risk,1
13431.0,United Kingdom,42,2047.14,6,False,Loyalists,2
13432.0,United Kingdom,207,439.1,2,False,At Risk,1
13433.0,United Kingdom,137,658.32,4,False,High-Potential,3
13434.0,United Kingdom,21,1132.6200000000001,3,False,High-Potential,3
13435.0,United Kingdom,12,665.34,2,False,Promising,0
13438.0,United Kingdom,183,46.5,1,False,At Risk,1
13439.0,United Kingdom,24,702.9,2,False,Promising,0
13440.0,United Kingdom,59,1295.25,7,False,Loyalists,2
13441.0,United Kingdom,67,424.26,1,False,Promising,0
13442.0,United Kingdom,303,419.87,3,False,High-Potential,3
13443.0,United Kingdom,84,1280.16,6,False,High-Potential,3
13444.0,United Kingdom,10,631.68,2,False,Promising,0
13445.0,United Kingdom,262,241.89999999999998,1,False,At Risk,1
13450.0,United Kingdom,10,2076.32,7,False,Loyalists,2
13452.0,United Kingdom,108,139.8,1,False,At Risk,1
13453.0,United Kingdom,38,424.71,1,False,Promising,0
13454.0,United Kingdom,277,219.87,1,False,At Risk,1
13455.0,United Kingdom,2,1847.5900000000001,5,False,Loyalists,2
13457.0,United Kingdom,324,148.22,2,False,At Risk,1
13458.0,United Kingdom,15,2312.7000000000003,2,False,High-Potential,3
13459.0,United Kingdom,260,1160.41,2,False,High-Potential,3
13461.0,United Kingdom,43,2715.0,3,False,High-Potential,3
13462.0,United Kingdom,46,1002.35,4,False,High-Potential,3
13464.0,United Kingdom,30,2422.96,5,False,Loyalists,2
13465.0,United Kingdom,82,931.12,2,False,High-Potential,3
13466.0,United Kingdom,44,705.45,4,False,High-Potential,3
13469.0,United Kingdom,289,82.4,1,False,At Risk,1
13472.0,United Kingdom,99,592.24,2,False,High-Potential,3
13473.0,United Kingdom,210,2235.12,6,False,High-Potential,3
13474.0,United Kingdom,79,434.2,2,False,High-Potential,3
13476.0,United Kingdom,42,823.0,3,False,High-Potential,3
13477.0,United Kingdom,91,1379.5900000000001,5,False,High-Potential,3
13478.0,United Kingdom,105,2215.78,5,False,High-Potential,3
13479.0,United Kingdom,88,550.42,2,False,High-Potential,3
13480.0,United Kingdom,52,627.82,2,False,High-Potential,3
13481.0,United Kingdom,10,2026.28,6,False,Loyalists,2
13482.0,United Kingdom,263,151.45,1,False,At Risk,1
13484.0,United Kingdom,19,476.92,2,False,Promising,0
13485.0,United Kingdom,12,2564.98,10,False,Loyalists,2
13487.0,United Kingdom,141,271.47,2,False,At Risk,1
13490.0,United Kingdom,290,154.25,1,False,At Risk,1
13491.0,United Kingdom,8,3350.7400000000002,18,False,Loyalists,2
13495.0,United Kingdom,4,3329.39,6,False,Loyalists,2
13497.0,United Kingdom,4,972.2800000000001,5,False,Loyalists,2
13498.0,United Kingdom,366,327.38,1,False,At Risk,1
13500.0,United Kingdom,37,299.53,1,False,Promising,0
13501.0,Switzerland,122,1544.79,2,False,High-Potential,3
13502.0,United Kingdom,51,488.5,2,False,Promising,0
13503.0,United Kingdom,115,1688.54,5,False,High-Potential,3
13506.0,United Kingdom,5,1180.68,4,False,Loyalists,2
13508.0,United Kingdom,278,176.07999999999998,1,False,At Risk,1
13509.0,United Kingdom,143,135.0,1,False,At Risk,1
13510.0,United Kingdom,11,2766.73,7,False,Loyalists,2
13511.0,United Kingdom,312,282.76,1,False,At Risk,1
13512.0,United Kingdom,23,462.18,3,False,Promising,0
13513.0,United Kingdom,77,619.49,2,False,High-Potential,3
13514.0,United Kingdom,64,663.7,3,False,High-Potential,3
13515.0,United Kingdom,85,374.7,2,False,At Risk,1
13516.0,United Kingdom,53,295.85,1,False,Promising,0
13519.0,United Kingdom,78,220.46,1,False,At Risk,1
13520.0,Switzerland,7,3285.05,6,False,Loyalists,2
13523.0,United Kingdom,2,1136.64,2,False,Promising,0
13526.0,United Kingdom,374,1182.0,2,False,High-Potential,3
13527.0,United Kingdom,54,2396.23,5,False,High-Potential,3
13530.0,United Kingdom,270,402.98,1,False,At Risk,1
13531.0,United Kingdom,2,1254.72,5,False,Loyalists,2
13534.0,United Kingdom,15,1850.82,10,False,Loyalists,2
13535.0,United Kingdom,38,89.5,1,False,At Risk,1
13537.0,United Kingdom,61,717.85,2,False,High-Potential,3
13538.0,United Kingdom,32,1831.88,5,False,Loyalists,2
13539.0,United Kingdom,56,938.02,4,False,High-Potential,3
13540.0,United Kingdom,103,632.39,3,False,High-Potential,3
13541.0,United Kingdom,63,785.25,2,False,High-Potential,3
13543.0,United Kingdom,270,1439.61,2,False,High-Potential,3
13544.0,United Kingdom,47,537.59,4,False,High-Potential,3
13545.0,United Kingdom,26,374.64,2,False,Promising,0
13546.0,United Kingdom,18,465.15,2,False,Promising,0
13547.0,United Kingdom,44,175.53,1,False,Promising,0
13548.0,United Kingdom,107,226.57999999999998,1,False,At Risk,1
13549.0,United Kingdom,23,87.6,1,False,Promising,0
13550.0,United Kingdom,19,349.51,1,False,Promising,0
13551.0,United Kingdom,302,152.39999999999998,1,False,At Risk,1
13552.0,United Kingdom,64,3238.85,10,False,Loyalists,2
13553.0,United Kingdom,310,517.8,1,False,At Risk,1
13554.0,United Kingdom,16,1638.28,7,False,Loyalists,2
13556.0,United Kingdom,65,200.82,2,False,At Risk,1
13557.0,United Kingdom,51,2448.2,11,False,Loyalists,2
13559.0,United Kingdom,148,990.0,2,False,High-Potential,3
13561.0,United Kingdom,33,1678.86,10,False,Loyalists,2
13562.0,United Kingdom,37,3038.85,5,False,Loyalists,2
13565.0,United Kingdom,47,174.57999999999998,1,False,Promising,0
13566.0,United Kingdom,70,833.41,3,False,High-Potential,3
13567.0,United Kingdom,64,1083.69,4,False,High-Potential,3
13569.0,United Kingdom,3,520.03,3,False,Promising,0
13571.0,United Kingdom,18,2454.2200000000003,14,False,Loyalists,2
13573.0,United Kingdom,15,622.07,4,False,Loyalists,2
13574.0,United Kingdom,47,421.25,1,False,Promising,0
13577.0,United Kingdom,18,1801.68,7,False,Loyalists,2
13578.0,United Kingdom,45,147.66,1,False,At Risk,1
13579.0,United Kingdom,5,1072.0,4,False,Loyalists,2
13580.0,United Kingdom,42,107.75,1,False,At Risk,1
13581.0,United Kingdom,50,162.53,1,False,At Risk,1
13582.0,United Kingdom,25,241.68,2,False,Promising,0
13583.0,United Kingdom,315,664.001,1,False,At Risk,1
13584.0,United Kingdom,134,250.05,2,False,At Risk,1
13585.0,United Kingdom,166,684.54,3,False,High-Potential,3
13586.0,United Kingdom,177,131.53,1,False,At Risk,1
13587.0,United Kingdom,85,961.1,3,False,High-Potential,3
13589.0,United Kingdom,85,741.09,4,False,High-Potential,3
13591.0,United Kingdom,71,976.81,4,False,High-Potential,3
13593.0,United Kingdom,23,3486.61,9,False,Loyalists,2
13594.0,United Kingdom,121,136.35000000000002,1,False,At Risk,1
13595.0,United Kingdom,152,818.22,3,False,High-Potential,3
13597.0,United Kingdom,36,396.71,2,False,Promising,0
13598.0,United Kingdom,131,609.42,4,False,High-Potential,3
13600.0,United Kingdom,270,298.9,1,False,At Risk,1
13601.0,United Kingdom,28,491.82,2,False,Promising,0
13602.0,United Kingdom,17,596.28,3,False,Promising,0
13604.0,United Kingdom,294,717.62,1,False,At Risk,1
13605.0,United Kingdom,23,522.67,2,False,Promising,0
13607.0,United Kingdom,38,400.3,1,False,Promising,0
13608.0,United Kingdom,176,236.2,1,False,At Risk,1
13609.0,United Kingdom,229,167.35,1,False,At Risk,1
13610.0,United Kingdom,23,1044.0,7,False,Loyalists,2
13611.0,United Kingdom,10,2147.73,7,False,Loyalists,2
13612.0,United Kingdom,268,818.29,1,False,At Risk,1
13613.0,United Kingdom,88,1039.8500000000001,5,False,High-Potential,3
13614.0,United Kingdom,29,748.73,2,False,Promising,0
13616.0,United Kingdom,204,288.1,2,False,At Risk,1
13617.0,United Kingdom,44,734.57,5,False,High-Potential,3
13619.0,United Kingdom,180,231.69,2,False,At Risk,1
13620.0,United Kingdom,164,112.34,1,False,At Risk,1
13622.0,United Kingdom,332,658.95,1,False,At Risk,1
13623.0,United Kingdom,16,1818.71,5,False,Loyalists,2
13624.0,United Kingdom,24,462.08,1,False,Promising,0
13625.0,United Kingdom,232,301.26,1,False,At Risk,1
13626.0,United Kingdom,15,449.81,1,False,Promising,0
13627.0,United Kingdom,124,607.43,2,False,High-Potential,3
13628.0,United Kingdom,312,310.14,1,False,At Risk,1
13632.0,United Kingdom,30,1526.88,3,False,High-Potential,3
13634.0,United Kingdom,10,3498.31,11,False,Loyalists,2
13635.0,United Kingdom,78,1928.13,3,False,High-Potential,3
13639.0,United Kingdom,72,312.93,1,False,At Risk,1
13640.0,United Kingdom,247,405.0,1,False,At Risk,1
13641.0,United Kingdom,276,1016.47,5,False,High-Potential,3
13642.0,United Kingdom,68,159.92,3,False,At Risk,1
13643.0,United Kingdom,18,1637.33,7,False,Loyalists,2
13646.0,United Kingdom,35,326.25,2,False,Promising,0
13647.0,United Kingdom,130,1393.56,4,False,High-Potential,3
13648.0,United Kingdom,36,1764.02,8,False,Loyalists,2
13649.0,United Kingdom,2,1332.28,5,False,Loyalists,2
13650.0,United Kingdom,10,1451.66,4,False,Loyalists,2
13651.0,United Kingdom,17,132.65,1,False,Promising,0
13652.0,United Kingdom,4,1475.77,3,False,Loyalists,2
13653.0,United Kingdom,123,152.2,1,False,At Risk,1
13654.0,United Kingdom,16,3600.67,5,False,Loyalists,2
13655.0,United Kingdom,10,1347.54,4,False,Loyalists,2
13656.0,United Kingdom,135,699.2,2,False,High-Potential,3
13658.0,United Kingdom,19,3386.33,4,False,Loyalists,2
13659.0,United Kingdom,52,3321.68,10,False,Loyalists,2
13660.0,United Kingdom,36,314.59,1,False,Promising,0
13661.0,United Kingdom,239,325.24,1,False,At Risk,1
13662.0,United Kingdom,21,1352.35,8,False,Loyalists,2
13663.0,United Kingdom,16,1858.04,4,False,Loyalists,2
13665.0,United Kingdom,22,1711.66,3,False,High-Potential,3
13666.0,United Kingdom,56,43.25,2,False,At Risk,1
13669.0,United Kingdom,43,195.0,1,False,Promising,0
13671.0,United Kingdom,30,194.95,1,False,Promising,0
13672.0,United Kingdom,366,233.53,1,False,At Risk,1
13674.0,United Kingdom,68,240.68,1,False,At Risk,1
13676.0,United Kingdom,175,243.9,2,False,At Risk,1
13677.0,United Kingdom,40,556.1899999999999,2,False,Promising,0
13679.0,United Kingdom,129,281.26,3,False,At Risk,1
13683.0,United Kingdom,93,258.6,1,False,At Risk,1
13684.0,United Kingdom,26,529.75,3,False,Promising,0
13686.0,United Kingdom,16,337.04,2,False,Promising,0
13688.0,United Kingdom,271,375.5,1,False,At Risk,1
13689.0,United Kingdom,80,349.5,1,False,At Risk,1
13691.0,United Kingdom,32,212.78,1,False,Promising,0
13692.0,United Kingdom,44,1626.08,2,False,High-Potential,3
13693.0,United Kingdom,10,2011.8200000000002,9,False,Loyalists,2
13695.0,United Kingdom,213,266.6,1,False,At Risk,1
13696.0,United Kingdom,57,2020.4,3,False,High-Potential,3
13698.0,United Kingdom,232,465.53000000000003,2,False,At Risk,1
13699.0,United Kingdom,186,455.57,1,False,At Risk,1
13700.0,United Kingdom,53,348.34,3,False,Promising,0
13701.0,United Kingdom,82,161.0,1,False,At Risk,1
13702.0,United Kingdom,81,135.18,1,False,At Risk,1
13703.0,United Kingdom,51,326.06,1,False,Promising,0
13705.0,United Kingdom,9,1323.47,5,False,Loyalists,2
13706.0,United Kingdom,262,300.38,1,False,At Risk,1
13707.0,United Kingdom,65,2559.45,3,False,High-Potential,3
13709.0,United Kingdom,82,1263.7,5,False,High-Potential,3
13710.0,United Kingdom,59,329.04,2,False,Promising,0
13711.0,United Kingdom,42,1540.2,7,False,Loyalists,2
13712.0,United Kingdom,246,537.58,1,False,At Risk,1
13713.0,United Kingdom,44,743.26,3,False,High-Potential,3
13714.0,United Kingdom,101,161.35,1,False,At Risk,1
13717.0,United Kingdom,93,318.29,2,False,At Risk,1
13719.0,United Kingdom,29,1773.57,6,False,Loyalists,2
13721.0,United Kingdom,31,217.39999999999998,1,False,Promising,0
13722.0,United Kingdom,56,3260.0,7,False,Loyalists,2
13723.0,United Kingdom,28,1009.35,5,False,Loyalists,2
13724.0,United Kingdom,273,213.01,1,False,At Risk,1
13727.0,United Kingdom,247,746.57,6,False,High-Potential,3
13728.0,United Kingdom,23,1839.03,10,False,Loyalists,2
13729.0,United Kingdom,71,724.73,3,False,High-Potential,3
13733.0,United Kingdom,46,487.03000000000003,2,False,Promising,0
13736.0,United Kingdom,61,2034.31,5,False,High-Potential,3
13738.0,United Kingdom,32,440.93,1,False,Promising,0
13739.0,United Kingdom,163,75.3,1,False,At Risk,1
13740.0,United Kingdom,51,1247.02,4,False,High-Potential,3
13745.0,United Kingdom,182,477.32,1,False,At Risk,1
13746.0,United Kingdom,49,176.69,1,False,At Risk,1
13747.0,United Kingdom,9,169.8,2,False,Promising,0
13748.0,United Kingdom,9,1320.1,5,False,Loyalists,2
13750.0,United Kingdom,16,1954.92,6,False,Loyalists,2
13752.0,United Kingdom,163,404.45000000000005,1,False,At Risk,1
13753.0,United Kingdom,234,1353.31,3,False,High-Potential,3
13754.0,United Kingdom,73,164.45,1,False,At Risk,1
13757.0,United Kingdom,310,195.55,1,False,At Risk,1
13760.0,United Kingdom,40,1076.85,3,False,High-Potential,3
13761.0,United Kingdom,138,881.52,4,False,High-Potential,3
13762.0,United Kingdom,229,2165.76,4,False,High-Potential,3
13763.0,United Kingdom,53,3502.48,2,False,High-Potential,3
13764.0,United Kingdom,205,1431.5,3,False,High-Potential,3
13765.0,United Kingdom,289,352.821,1,False,At Risk,1
13766.0,United Kingdom,131,190.35,1,False,At Risk,1
13768.0,United Kingdom,362,875.97,2,False,High-Potential,3
13769.0,United Kingdom,3,3003.9100000000003,11,False,Loyalists,2
13770.0,United Kingdom,58,785.37,4,False,High-Potential,3
13771.0,United Kingdom,169,3094.37,5,False,High-Potential,3
13772.0,United Kingdom,36,1982.09,5,False,Loyalists,2
13773.0,United Kingdom,32,301.54,2,False,Promising,0
13775.0,United Kingdom,226,1049.66,1,False,High-Potential,3
13776.0,United Kingdom,64,623.98,2,False,High-Potential,3
13778.0,United Kingdom,127,945.79,3,False,High-Potential,3
13779.0,United Kingdom,151,161.13,1,False,At Risk,1
13780.0,United Kingdom,43,375.81,1,False,Promising,0
13781.0,United Kingdom,228,650.99,2,False,High-Potential,3
13782.0,United Kingdom,89,881.72,7,False,High-Potential,3
13783.0,United Kingdom,123,1542.09,4,False,High-Potential,3
13784.0,United Kingdom,70,447.44,3,False,High-Potential,3
13785.0,United Kingdom,64,542.49,4,False,High-Potential,3
13786.0,United Kingdom,3,3128.54,6,False,Loyalists,2
13787.0,United Kingdom,94,913.46,4,False,High-Potential,3
13788.0,United Kingdom,141,3.75,1,False,At Risk,1
13789.0,United Kingdom,24,239.46,1,False,Promising,0
13792.0,United Kingdom,58,188.4,1,False,At Risk,1
13793.0,United Kingdom,282,96.0,1,False,At Risk,1
13794.0,United Kingdom,182,126.03,1,False,At Risk,1
13795.0,United Kingdom,24,836.3,4,False,High-Potential,3
13796.0,United Kingdom,135,289.7,1,False,At Risk,1
13797.0,United Kingdom,72,1179.45,3,False,High-Potential,3
13799.0,United Kingdom,80,2114.71,7,False,High-Potential,3
13800.0,United Kingdom,66,1121.24,2,False,High-Potential,3
13803.0,United Kingdom,67,1061.84,2,False,High-Potential,3
13804.0,United Kingdom,71,572.73,2,False,High-Potential,3
13807.0,United Kingdom,3,422.2,3,False,Promising,0
13809.0,Cyprus,30,524.65,2,False,Promising,0
13813.0,Germany,163,1398.6100000000001,4,False,High-Potential,3
13814.0,Germany,163,678.2,1,False,At Risk,1
13815.0,Germany,42,3448.38,4,False,High-Potential,3
13818.0,United Kingdom,65,61.28,1,False,At Risk,1
13819.0,United Kingdom,305,1502.0,3,False,High-Potential,3
13820.0,United Kingdom,54,660.65,3,False,High-Potential,3
13821.0,United Kingdom,29,1025.09,4,False,High-Potential,3
13823.0,United Kingdom,16,2445.79,5,False,Loyalists,2
13824.0,United Kingdom,15,1615.82,7,False,Loyalists,2
13825.0,United Kingdom,257,255.59,2,False,At Risk,1
13829.0,United Kingdom,57,102.0,1,False,At Risk,1
13830.0,United Kingdom,217,156.85000000000002,1,False,At Risk,1
13832.0,United Kingdom,58,561.49,1,False,Promising,0
13833.0,United Kingdom,40,316.56,1,False,Promising,0
13834.0,United Kingdom,212,324.19,2,False,At Risk,1
13835.0,United Kingdom,155,260.7,3,False,At Risk,1
13836.0,United Kingdom,35,620.37,2,False,Promising,0
13838.0,United Kingdom,5,1274.3600000000001,7,False,Loyalists,2
13839.0,United Kingdom,122,139.95000000000002,1,False,At Risk,1
13840.0,United Kingdom,52,651.4,1,False,Promising,0
13842.0,United Kingdom,2,2244.29,10,False,Loyalists,2
13843.0,United Kingdom,17,319.75,1,False,Promising,0
13846.0,United Kingdom,35,442.73,1,False,Promising,0
13847.0,United Kingdom,355,310.72,1,False,At Risk,1
13848.0,United Kingdom,2,2080.0,6,False,Loyalists,2
13849.0,United Kingdom,33,1931.35,3,False,High-Potential,3
13851.0,United Kingdom,15,1955.0,5,False,Loyalists,2
13852.0,United Kingdom,246,187.35000000000002,1,False,At Risk,1
13855.0,United Kingdom,136,1310.3400000000001,4,False,High-Potential,3
13856.0,United Kingdom,99,753.53,8,False,High-Potential,3
13857.0,United Kingdom,29,1001.01,6,False,Loyalists,2
13859.0,United Kingdom,165,314.7,1,False,At Risk,1
13861.0,United Kingdom,65,273.26,2,False,Promising,0
13862.0,United Kingdom,25,346.73,1,False,Promising,0
13863.0,United Kingdom,101,933.77,3,False,High-Potential,3
13864.0,United Kingdom,22,662.4000000000001,1,False,Promising,0
13870.0,United Kingdom,23,2941.14,7,False,Loyalists,2
13871.0,United Kingdom,64,1482.6000000000001,4,False,High-Potential,3
13872.0,United Kingdom,163,919.57,3,False,High-Potential,3
13873.0,United Kingdom,19,649.32,5,False,Loyalists,2
13874.0,United Kingdom,140,1508.7,6,False,High-Potential,3
13875.0,United Kingdom,23,3027.58,9,False,Loyalists,2
13877.0,United Kingdom,106,332.44,2,False,At Risk,1
13878.0,United Kingdom,183,1191.53,3,False,High-Potential,3
13879.0,United Kingdom,281,395.5,1,False,At Risk,1
13880.0,United Kingdom,3,1171.89,5,False,Loyalists,2
13884.0,United Kingdom,12,1100.88,5,False,Loyalists,2
13888.0,United Kingdom,40,1563.42,5,False,Loyalists,2
13889.0,United Kingdom,18,1574.3300000000002,5,False,Loyalists,2
13890.0,United Kingdom,10,1043.57,4,False,Loyalists,2
13891.0,United Kingdom,14,863.56,3,False,Promising,0
13892.0,United Kingdom,113,634.68,2,False,High-Potential,3
13895.0,United Kingdom,151,1415.45,2,False,High-Potential,3
13896.0,United Kingdom,261,388.55,1,False,At Risk,1
13897.0,United Kingdom,74,849.5600000000001,2,False,High-Potential,3
13898.0,United Kingdom,47,530.47,1,False,Promising,0
13900.0,United Kingdom,25,869.64,3,False,High-Potential,3
13901.0,United Kingdom,10,2809.14,10,False,Loyalists,2
13903.0,United Kingdom,36,165.45000000000002,1,False,Promising,0
13905.0,United Kingdom,368,312.65,1,False,At Risk,1
13906.0,United Kingdom,45,42.0,1,False,At Risk,1
13907.0,United Kingdom,327,136.8,1,False,At Risk,1
13909.0,United Kingdom,59,286.6,2,False,Promising,0
13911.0,United Kingdom,15,1654.08,11,False,Loyalists,2
13912.0,United Kingdom,59,124.95,1,False,At Risk,1
13913.0,United Kingdom,142,42.22,1,False,At Risk,1
13915.0,United Kingdom,30,70.80000000000001,1,False,Promising,0
13916.0,United Kingdom,99,1275.81,4,False,High-Potential,3
13919.0,Denmark,60,975.87,2,False,High-Potential,3
13920.0,United Kingdom,67,1774.68,4,False,High-Potential,3
13921.0,United Kingdom,38,730.7,4,False,High-Potential,3
13922.0,United Kingdom,73,692.95,2,False,High-Potential,3
13927.0,United Kingdom,73,359.27,1,False,At Risk,1
13929.0,United Kingdom,52,2651.45,9,False,Loyalists,2
13936.0,United Kingdom,18,563.08,2,False,Promising,0
13937.0,United Kingdom,38,721.28,1,False,Promising,0
13939.0,United Kingdom,67,992.41,4,False,High-Potential,3
13942.0,United Kingdom,170,320.0,1,False,At Risk,1
13943.0,United Kingdom,213,246.54000000000002,1,False,At Risk,1
13944.0,United Kingdom,289,200.43,1,False,At Risk,1
13945.0,United Kingdom,30,854.1500000000001,2,False,Promising,0
13946.0,United Kingdom,12,1314.66,3,False,Loyalists,2
13948.0,United Kingdom,47,446.76,3,False,High-Potential,3
13953.0,United Kingdom,45,3125.0,5,False,Loyalists,2
13955.0,United Kingdom,11,222.21,1,False,Promising,0
13957.0,United Kingdom,53,458.25,3,False,High-Potential,3
13959.0,United Kingdom,35,477.98,3,False,Promising,0
13961.0,United Kingdom,28,538.4,1,False,Promising,0
13962.0,United Kingdom,71,193.25,1,False,At Risk,1
13963.0,United Kingdom,3,2347.33,14,False,Loyalists,2
13964.0,United Kingdom,23,438.9,2,False,Promising,0
13965.0,United Kingdom,112,996.61,3,False,High-Potential,3
13966.0,United Kingdom,71,390.86,1,False,At Risk,1
13967.0,United Kingdom,32,85.6,1,False,Promising,0
13968.0,United Kingdom,59,123.66,1,False,At Risk,1
13970.0,United Kingdom,22,846.55,2,False,Promising,0
13971.0,United Kingdom,59,1909.31,6,False,Loyalists,2
13974.0,United Kingdom,218,264.13,1,False,At Risk,1
13975.0,United Kingdom,29,2832.56,6,False,Loyalists,2
13976.0,United Kingdom,142,834.38,3,False,High-Potential,3
13977.0,United Kingdom,47,519.8100000000001,1,False,Promising,0
13979.0,United Kingdom,29,2546.36,6,False,Loyalists,2
13980.0,United Kingdom,75,599.78,4,False,High-Potential,3
13981.0,United Kingdom,51,331.14,1,False,Promising,0
13982.0,United Kingdom,1,2573.7799999999997,6,False,Loyalists,2
13984.0,United Kingdom,2,1128.09,8,False,Loyalists,2
13985.0,United Kingdom,10,2960.73,7,False,Loyalists,2
13987.0,United Kingdom,15,682.54,2,False,Promising,0
13988.0,United Kingdom,19,609.84,2,False,Promising,0
13989.0,United Kingdom,100,759.98,3,False,High-Potential,3
13992.0,United Kingdom,16,142.7,2,False,Promising,0
13993.0,United Kingdom,15,3309.35,10,False,Loyalists,2
13995.0,United Kingdom,15,2508.32,9,False,Loyalists,2
13996.0,United Kingdom,22,895.76,2,False,Promising,0
13997.0,United Kingdom,155,382.31,3,False,High-Potential,3
13998.0,United Kingdom,82,566.7,3,False,High-Potential,3
14000.0,United Kingdom,50,1410.68,4,False,High-Potential,3
14001.0,United Kingdom,9,2487.01,7,False,Loyalists,2
14003.0,United Kingdom,368,209.41,1,False,At Risk,1
14004.0,United Kingdom,29,1675.81,4,False,Loyalists,2
14006.0,United Kingdom,164,1234.48,4,False,High-Potential,3
14007.0,United Kingdom,148,79.48,1,False,At Risk,1
14008.0,United Kingdom,68,509.04,1,False,Promising,0
14009.0,United Kingdom,98,404.29999999999995,1,False,At Risk,1
14010.0,United Kingdom,201,445.15,2,False,At Risk,1
14011.0,United Kingdom,116,457.82,2,False,High-Potential,3
14013.0,United Kingdom,16,611.55,2,False,Promising,0
14014.0,United Kingdom,12,1443.03,2,False,Promising,0
14017.0,United Kingdom,207,229.75,1,False,At Risk,1
14018.0,United Kingdom,281,367.15,1,False,At Risk,1
14020.0,United Kingdom,112,606.21,2,False,High-Potential,3
14021.0,United Kingdom,10,1084.68,4,False,Loyalists,2
14022.0,United Kingdom,122,352.15000000000003,1,False,At Risk,1
14024.0,United Kingdom,26,318.04,1,False,Promising,0
14026.0,United Kingdom,106,713.11,2,False,High-Potential,3
14032.0,United Kingdom,2,1874.68,6,False,Loyalists,2
14033.0,United Kingdom,191,109.44,1,False,At Risk,1
14035.0,United Kingdom,42,1428.7,4,False,High-Potential,3
14037.0,United Kingdom,114,689.75,4,False,High-Potential,3
14038.0,United Kingdom,33,1509.5,2,False,High-Potential,3
14039.0,United Kingdom,211,115.08000000000001,1,False,At Risk,1
14042.0,United Kingdom,361,431.98,1,False,At Risk,1
14043.0,United Kingdom,127,304.25,2,False,At Risk,1
14044.0,United Kingdom,54,2470.28,6,False,Loyalists,2
14047.0,United Kingdom,8,2946.42,10,False,Loyalists,2
14048.0,United Kingdom,18,338.76,2,False,Promising,0
14052.0,United Kingdom,26,255.45,1,False,Promising,0
14053.0,United Kingdom,33,312.05,2,False,Promising,0
14055.0,United Kingdom,213,795.3199999999999,2,False,High-Potential,3
14057.0,United Kingdom,17,2190.88,5,False,Loyalists,2
14058.0,United Kingdom,98,469.19,2,False,High-Potential,3
14060.0,United Kingdom,2,3378.66,13,False,Loyalists,2
14061.0,United Kingdom,143,917.4300000000001,3,False,High-Potential,3
14064.0,United Kingdom,66,1978.68,10,False,Loyalists,2
14065.0,United Kingdom,25,891.02,3,False,High-Potential,3
14068.0,United Kingdom,239,1262.52,3,False,High-Potential,3
14069.0,United Kingdom,150,230.06,2,False,At Risk,1
14070.0,United Kingdom,320,326.55,1,False,At Risk,1
14072.0,United Kingdom,302,390.85,1,False,At Risk,1
14074.0,United Kingdom,259,219.4,1,False,At Risk,1
14075.0,United Kingdom,39,792.61,3,False,High-Potential,3
14077.0,United Kingdom,31,115.66,1,False,Promising,0
14078.0,United Kingdom,9,643.26,4,False,Loyalists,2
14079.0,United Kingdom,318,243.63,1,False,At Risk,1
14080.0,United Kingdom,49,1070.08,4,False,High-Potential,3
14082.0,United Kingdom,28,231.10999999999999,1,False,Promising,0
14083.0,United Kingdom,7,388.83,3,False,Promising,0
14084.0,United Kingdom,148,150.5,1,False,At Risk,1
14086.0,United Kingdom,98,39.95,1,False,At Risk,1
14087.0,United Kingdom,40,651.8,2,False,Promising,0
14092.0,United Kingdom,10,3152.54,10,False,Loyalists,2
14094.0,United Kingdom,75,335.22,1,False,At Risk,1
14095.0,United Kingdom,358,2.95,1,False,At Risk,1
14097.0,United Kingdom,117,422.86,2,False,At Risk,1
14099.0,United Kingdom,11,2661.54,9,False,Loyalists,2
14103.0,United Kingdom,301,0.0,1,False,At Risk,1
14104.0,United Kingdom,25,555.37,3,False,Promising,0
14106.0,United Kingdom,373,214.8,1,False,At Risk,1
14107.0,United Kingdom,84,2174.07,4,False,High-Potential,3
14108.0,United Kingdom,367,447.05,2,False,At Risk,1
14112.0,United Kingdom,87,2919.44,6,False,High-Potential,3
14114.0,United Kingdom,31,977.5600000000001,5,False,Loyalists,2
14115.0,United Kingdom,137,622.67,2,False,High-Potential,3
14118.0,United Kingdom,64,458.45,1,False,Promising,0
14119.0,United Kingdom,11,183.37,2,False,Promising,0
14122.0,United Kingdom,42,362.42,3,False,Promising,0
14123.0,United Kingdom,369,436.18,1,False,At Risk,1
14126.0,United Kingdom,80,466.33000000000004,1,False,At Risk,1
14127.0,United Kingdom,16,1190.3700000000001,3,False,Loyalists,2
14128.0,United Kingdom,187,286.71,1,False,At Risk,1
14129.0,United Kingdom,35,1467.48,4,False,High-Potential,3
14130.0,United Kingdom,11,1398.81,3,False,Loyalists,2
14131.0,United Kingdom,284,187.87,1,False,At Risk,1
14133.0,United Kingdom,369,305.5,1,False,At Risk,1
14136.0,United Kingdom,36,1570.81,5,False,Loyalists,2
14137.0,United Kingdom,331,332.7,1,False,At Risk,1
14139.0,United Kingdom,126,670.98,3,False,High-Potential,3
14142.0,United Kingdom,9,671.34,2,False,Promising,0
14144.0,United Kingdom,122,30.6,1,False,At Risk,1
14147.0,United Kingdom,24,2106.8,7,False,Loyalists,2
14148.0,United Kingdom,50,309.09000000000003,1,False,Promising,0
14151.0,United Kingdom,309,679.45,2,False,High-Potential,3
14152.0,United Kingdom,23,1376.05,5,False,Loyalists,2
14153.0,United Kingdom,119,233.39999999999998,1,False,At Risk,1
14157.0,United Kingdom,25,569.9,3,False,Promising,0
14159.0,United Kingdom,15,3245.0,9,False,Loyalists,2
14161.0,United Kingdom,5,2208.36,5,False,Loyalists,2
14163.0,United Kingdom,98,148.71,1,False,At Risk,1
14166.0,United Kingdom,141,256.85,2,False,At Risk,1
14167.0,United Kingdom,100,721.65,4,False,High-Potential,3
14168.0,United Kingdom,56,370.45,2,False,Promising,0
14169.0,United Kingdom,66,624.4300000000001,2,False,High-Potential,3
14170.0,United Kingdom,11,597.33,3,False,Promising,0
14171.0,United Kingdom,366,135.0,1,False,At Risk,1
14172.0,United Kingdom,241,402.72,3,False,High-Potential,3
14173.0,United Kingdom,277,135.16,2,False,At Risk,1
14176.0,United Kingdom,3,339.11,2,False,Promising,0
14177.0,United Kingdom,17,1669.93,9,False,Loyalists,2
14180.0,United Kingdom,8,1570.73,9,False,Loyalists,2
14181.0,United Kingdom,46,310.55,2,False,Promising,0
14182.0,United Kingdom,79,678.77,4,False,High-Potential,3
14183.0,United Kingdom,47,286.29,2,False,Promising,0
14186.0,United Kingdom,63,1550.63,5,False,High-Potential,3
14187.0,United Kingdom,109,123.5,1,False,At Risk,1
14189.0,United Kingdom,4,1160.31,2,False,Promising,0
14190.0,United Kingdom,302,79.9,1,False,At Risk,1
14191.0,United Kingdom,30,132.9,2,False,Promising,0
14192.0,United Kingdom,24,293.74,1,False,Promising,0
14193.0,United Kingdom,32,356.8,1,False,Promising,0
14195.0,United Kingdom,75,1603.6,4,False,High-Potential,3
14197.0,United Kingdom,46,390.05,1,False,Promising,0
14198.0,United Kingdom,36,868.33,5,False,High-Potential,3
14199.0,United Kingdom,59,906.3,3,False,High-Potential,3
14200.0,United Kingdom,253,379.2,1,False,At Risk,1
14201.0,United Kingdom,45,446.1,3,False,High-Potential,3
14202.0,United Kingdom,17,847.76,3,False,Promising,0
14203.0,United Kingdom,33,339.34,1,False,Promising,0
14204.0,United Kingdom,58,901.9300000000001,3,False,High-Potential,3
14205.0,United Kingdom,30,1947.5,7,False,Loyalists,2
14206.0,United Kingdom,24,856.85,2,False,Promising,0
14207.0,United Kingdom,323,157.8,1,False,At Risk,1
14208.0,United Kingdom,187,415.31,1,False,At Risk,1
14209.0,United Kingdom,21,2919.84,9,False,Loyalists,2
14211.0,United Kingdom,47,2161.19,9,False,Loyalists,2
14212.0,United Kingdom,81,1119.66,1,False,High-Potential,3
14213.0,United Kingdom,40,1192.2,1,False,Promising,0
14215.0,United Kingdom,4,1626.6100000000001,4,False,Loyalists,2
14216.0,United Kingdom,50,310.74,1,False,Promising,0
14217.0,United Kingdom,2,1411.91,7,False,Loyalists,2
14219.0,United Kingdom,45,543.89,2,False,Promising,0
14220.0,United Kingdom,203,882.5999999999999,2,False,High-Potential,3
14221.0,United Kingdom,85,3084.69,8,False,Loyalists,2
14224.0,United Kingdom,26,847.78,5,False,Loyalists,2
14225.0,United Kingdom,70,2037.02,4,False,High-Potential,3
14226.0,United Kingdom,77,770.34,1,False,Promising,0
14227.0,United Kingdom,50,3017.75,5,False,Loyalists,2
14228.0,United Kingdom,73,745.5,3,False,High-Potential,3
14229.0,United Kingdom,39,1046.84,4,False,High-Potential,3
14230.0,United Kingdom,71,979.8000000000001,3,False,High-Potential,3
14231.0,United Kingdom,86,309.91,1,False,At Risk,1
14233.0,United Kingdom,101,1441.55,3,False,High-Potential,3
14235.0,United Kingdom,134,1573.13,4,False,High-Potential,3
14236.0,United Kingdom,8,1253.78,4,False,Loyalists,2
14237.0,United Kingdom,9,471.14,2,False,Promising,0
14238.0,United Kingdom,298,287.38,2,False,At Risk,1
14239.0,United Kingdom,67,1882.3200000000002,10,False,Loyalists,2
14240.0,United Kingdom,59,357.15000000000003,1,False,Promising,0
14241.0,United Kingdom,332,120.0,1,False,At Risk,1
14244.0,United Kingdom,296,366.41999999999996,1,False,At Risk,1
14247.0,United Kingdom,40,635.89,4,False,High-Potential,3
14248.0,United Kingdom,95,730.37,2,False,High-Potential,3
14252.0,United Kingdom,17,350.99,1,False,Promising,0
14253.0,United Kingdom,129,363.40000000000003,2,False,At Risk,1
14254.0,United Kingdom,68,601.03,1,False,Promising,0
14255.0,United Kingdom,182,1000.63,1,False,High-Potential,3
14256.0,United Kingdom,127,1504.93,3,False,High-Potential,3
14257.0,United Kingdom,16,2854.73,4,False,Loyalists,2
14260.0,United Kingdom,107,824.28,3,False,High-Potential,3
14263.0,United Kingdom,59,322.93,1,False,Promising,0
14264.0,United Kingdom,15,1183.39,4,False,Loyalists,2
14265.0,Unspecified,100,843.1700000000001,2,False,High-Potential,3
14266.0,United Kingdom,64,40.56,1,False,At Risk,1
14268.0,United Kingdom,106,354.85,1,False,At Risk,1
14269.0,United Kingdom,75,295.73,1,False,At Risk,1
14271.0,United Kingdom,45,106.81,1,False,At Risk,1
14272.0,United Kingdom,198,482.85,2,False,At Risk,1
14274.0,United Kingdom,322,256.6,1,False,At Risk,1
14275.0,United Kingdom,31,1189.3799999999999,6,False,Loyalists,2
14276.0,United Kingdom,43,982.9399999999999,4,False,High-Potential,3
14278.0,United Kingdom,45,205.83,1,False,Promising,0
14279.0,United Kingdom,156,191.86,2,False,At Risk,1
14281.0,United Kingdom,44,245.15,1,False,Promising,0
14283.0,United Kingdom,99,628.44,4,False,High-Potential,3
14284.0,United Kingdom,289,704.4,1,False,At Risk,1
14285.0,United Kingdom,149,1374.41,4,False,High-Potential,3
14290.0,United Kingdom,49,2201.91,3,False,High-Potential,3
14293.0,United Kingdom,4,2221.37,6,False,Loyalists,2
14294.0,United Kingdom,43,375.34000000000003,1,False,Promising,0
14295.0,United Kingdom,74,2196.71,4,False,High-Potential,3
14296.0,United Kingdom,57,456.4,2,False,Promising,0
14301.0,United Kingdom,52,1352.04,3,False,High-Potential,3
14302.0,United Kingdom,66,742.9000000000001,3,False,High-Potential,3
14303.0,United Kingdom,43,277.94,2,False,Promising,0
14304.0,United Kingdom,15,1341.56,2,False,Promising,0
14306.0,United Kingdom,14,1058.0800000000002,4,False,Loyalists,2
14307.0,United Kingdom,9,2075.31,5,False,Loyalists,2
14308.0,United Kingdom,185,1147.02,2,False,High-Potential,3
14309.0,United Kingdom,49,1428.28,2,False,High-Potential,3
14310.0,United Kingdom,68,492.1,1,False,Promising,0
14311.0,United Kingdom,203,206.19,1,False,At Risk,1
14312.0,United Kingdom,14,1478.7,5,False,Loyalists,2
14314.0,United Kingdom,66,109.8,1,False,At Risk,1
14315.0,United Kingdom,200,716.69,2,False,High-Potential,3
14316.0,United Kingdom,58,1370.34,5,False,High-Potential,3
14318.0,United Kingdom,96,158.02,1,False,At Risk,1
14319.0,United Kingdom,60,494.85,1,False,Promising,0
14320.0,United Kingdom,182,868.96,3,False,High-Potential,3
14321.0,United Kingdom,67,687.3100000000001,2,False,High-Potential,3
14322.0,United Kingdom,65,474.1,4,False,High-Potential,3
14324.0,United Kingdom,45,701.61,2,False,High-Potential,3
14325.0,United Kingdom,205,245.48000000000002,1,False,At Risk,1
14326.0,United Kingdom,99,757.13,2,False,High-Potential,3
14327.0,United Kingdom,18,1583.28,5,False,Loyalists,2
14328.0,United Kingdom,74,445.05,1,False,At Risk,1
14330.0,United Kingdom,259,200.63,1,False,At Risk,1
14332.0,United Kingdom,17,1077.2,2,False,Promising,0
14334.0,United Kingdom,61,1766.27,4,False,High-Potential,3
14338.0,United Kingdom,172,339.88,1,False,At Risk,1
14339.0,United Kingdom,64,310.75,1,False,At Risk,1
14341.0,United Kingdom,56,2285.04,10,False,Loyalists,2
14342.0,United Kingdom,68,249.88,2,False,At Risk,1
14343.0,United Kingdom,57,1088.91,4,False,High-Potential,3
14344.0,United Kingdom,3,2443.77,14,False,Loyalists,2
14346.0,United Kingdom,61,1294.17,3,False,High-Potential,3
14347.0,United Kingdom,372,82.60000000000001,1,False,At Risk,1
14350.0,United Kingdom,16,689.1,2,False,Promising,0
14353.0,United Kingdom,46,285.9,2,False,Promising,0
14355.0,United Kingdom,1,840.0500000000001,3,False,Loyalists,2
14358.0,United Kingdom,25,400.06,2,False,Promising,0
14361.0,United Kingdom,214,214.71,1,False,At Risk,1
14363.0,United Kingdom,38,227.47000000000003,2,False,Promising,0
14365.0,United Kingdom,30,634.68,2,False,Promising,0
14366.0,United Kingdom,161,136.0,1,False,At Risk,1
14369.0,United Kingdom,278,469.13,2,False,At Risk,1
14370.0,United Kingdom,86,1175.78,6,False,High-Potential,3
14372.0,United Kingdom,79,860.08,2,False,High-Potential,3
14374.0,United Kingdom,177,108.0,1,False,At Risk,1
14375.0,United Kingdom,86,875.31,2,False,High-Potential,3
14376.0,United Kingdom,319,215.46,1,False,At Risk,1
14378.0,United Kingdom,257,131.25,1,False,At Risk,1
14379.0,United Kingdom,29,920.8100000000001,2,False,Promising,0
14380.0,United Kingdom,318,48.96,1,False,At Risk,1
14381.0,United Kingdom,87,428.66,1,False,At Risk,1
14382.0,United Kingdom,26,620.73,1,False,Promising,0
14384.0,United Kingdom,136,58.5,1,False,At Risk,1
14388.0,United Kingdom,8,3488.16,9,False,Loyalists,2
14389.0,United Kingdom,60,854.55,3,False,High-Potential,3
14390.0,United Kingdom,8,1747.01,5,False,Loyalists,2
14391.0,United Kingdom,212,135.6,1,False,At Risk,1
14392.0,United Kingdom,68,266.4,1,False,At Risk,1
14394.0,United Kingdom,200,93.8,1,False,At Risk,1
14396.0,United Kingdom,7,1633.94,6,False,Loyalists,2
14398.0,United Kingdom,37,707.79,2,False,Promising,0
14399.0,United Kingdom,30,2113.16,8,False,Loyalists,2
14400.0,United Kingdom,44,1157.77,2,False,High-Potential,3
14401.0,United Kingdom,60,2744.42,9,False,Loyalists,2
14402.0,United Kingdom,288,285.6,1,False,At Risk,1
14403.0,United Kingdom,225,404.7,2,False,At Risk,1
14404.0,United Kingdom,5,1424.79,8,False,Loyalists,2
14405.0,United Kingdom,22,195.0,1,False,Promising,0
14408.0,United Kingdom,107,1503.24,4,False,High-Potential,3
14409.0,United Kingdom,4,1696.64,5,False,Loyalists,2
14410.0,United Kingdom,12,1546.07,2,False,Promising,0
14412.0,United Kingdom,60,656.16,1,False,Promising,0
14413.0,United Kingdom,46,647.67,3,False,High-Potential,3
14414.0,United Kingdom,10,902.35,1,False,Promising,0
14417.0,United Kingdom,23,604.2,1,False,Promising,0
14419.0,United Kingdom,18,202.85,1,False,Promising,0
14420.0,United Kingdom,32,1251.65,3,False,High-Potential,3
14421.0,United Kingdom,148,1656.26,4,False,High-Potential,3
14423.0,United Kingdom,73,651.4100000000001,2,False,High-Potential,3
14425.0,United Kingdom,70,661.39,3,False,High-Potential,3
14427.0,United Kingdom,130,900.1800000000001,2,False,High-Potential,3
14429.0,United Kingdom,39,516.28,1,False,Promising,0
14430.0,United Kingdom,147,1220.9,3,False,High-Potential,3
14431.0,United Kingdom,15,2143.84,3,False,Loyalists,2
14433.0,United Kingdom,101,289.6,1,False,At Risk,1
14435.0,United Kingdom,137,90.42,1,False,At Risk,1
14436.0,United Kingdom,189,182.64,1,False,At Risk,1
14437.0,United Kingdom,1,895.84,5,False,Loyalists,2
14441.0,United Kingdom,10,2898.8,7,False,Loyalists,2
14442.0,Channel Islands,50,3777.2,5,False,Loyalists,2
14443.0,United Kingdom,4,966.27,2,False,Promising,0
14444.0,United Kingdom,92,132.04,1,False,At Risk,1
14445.0,United Kingdom,91,221.65,1,False,At Risk,1
14446.0,United Kingdom,22,201.73,1,False,Promising,0
14447.0,United Kingdom,36,548.5,1,False,Promising,0
14449.0,United Kingdom,8,1575.7,5,False,Loyalists,2
14450.0,United Kingdom,15,645.19,4,False,Loyalists,2
14451.0,United Kingdom,25,2646.18,10,False,Loyalists,2
14452.0,United Kingdom,31,401.15,2,False,Promising,0
14454.0,United Kingdom,12,977.3000000000001,5,False,Loyalists,2
14455.0,United Kingdom,68,628.21,4,False,High-Potential,3
14458.0,United Kingdom,16,237.42,1,False,Promising,0
14459.0,United Kingdom,287,3537.821,1,False,High-Potential,3
14460.0,United Kingdom,32,659.16,6,False,Loyalists,2
14462.0,United Kingdom,68,265.99,1,False,At Risk,1
14463.0,United Kingdom,135,256.95,1,False,At Risk,1
14464.0,United Kingdom,204,111.0,2,False,At Risk,1
14465.0,United Kingdom,64,2887.41,8,False,Loyalists,2
14466.0,United Kingdom,8,2374.5,7,False,Loyalists,2
14467.0,United Kingdom,25,1622.23,8,False,Loyalists,2
14468.0,United Kingdom,369,204.24,1,False,At Risk,1
14469.0,United Kingdom,52,2112.21,4,False,High-Potential,3
14470.0,United Kingdom,66,250.85,1,False,At Risk,1
14471.0,United Kingdom,227,400.95,2,False,At Risk,1
14472.0,United Kingdom,325,291.38,1,False,At Risk,1
14474.0,United Kingdom,215,730.42,1,False,At Risk,1
14475.0,United Kingdom,44,225.3,1,False,Promising,0
14477.0,United Kingdom,72,660.0,3,False,High-Potential,3
14478.0,United Kingdom,18,1276.66,4,False,Loyalists,2
14479.0,United Kingdom,1,982.86,3,False,Loyalists,2
14480.0,United Kingdom,38,1020.47,3,False,High-Potential,3
14481.0,United Kingdom,43,1674.98,3,False,High-Potential,3
14482.0,United Kingdom,15,2289.76,6,False,Loyalists,2
14483.0,United Kingdom,372,120.0,1,False,At Risk,1
14484.0,United Kingdom,37,749.0600000000001,3,False,High-Potential,3
14486.0,United Kingdom,147,175.5,2,False,At Risk,1
14487.0,United Kingdom,4,257.28000000000003,2,False,Promising,0
14489.0,United Kingdom,73,1111.55,3,False,High-Potential,3
14490.0,United Kingdom,42,1273.47,2,False,High-Potential,3
14491.0,United Kingdom,8,127.2,1,False,Promising,0
14492.0,United Kingdom,66,1921.91,7,False,Loyalists,2
14493.0,United Kingdom,26,2746.91,5,False,Loyalists,2
14494.0,United Kingdom,37,261.9,2,False,Promising,0
14495.0,United Kingdom,295,51.0,1,False,At Risk,1
14496.0,United Kingdom,9,2129.42,6,False,Loyalists,2
14497.0,United Kingdom,309,221.69,1,False,At Risk,1
14498.0,United Kingdom,37,1953.95,5,False,Loyalists,2
14499.0,United Kingdom,10,1323.65,4,False,Loyalists,2
14506.0,United Kingdom,5,1278.5,3,False,Loyalists,2
14507.0,United Kingdom,14,1901.25,5,False,Loyalists,2
14508.0,United Kingdom,12,598.52,3,False,Promising,0
14509.0,United Kingdom,170,110.95,1,False,At Risk,1
14510.0,United Kingdom,11,1007.28,3,False,Loyalists,2
14512.0,United Kingdom,19,948.19,5,False,Loyalists,2
14513.0,United Kingdom,72,332.42,3,False,High-Potential,3
14514.0,United Kingdom,72,3543.63,6,False,Loyalists,2
14515.0,United Kingdom,23,1647.17,6,False,Loyalists,2
14516.0,United Kingdom,152,163.92,1,False,At Risk,1
14519.0,United Kingdom,319,206.09,2,False,At Risk,1
14521.0,United Kingdom,127,199.45000000000002,1,False,At Risk,1
14522.0,United Kingdom,231,784.08,4,False,High-Potential,3
14524.0,United Kingdom,45,1066.03,4,False,High-Potential,3
14526.0,United Kingdom,25,262.4,1,False,Promising,0
14530.0,United Kingdom,32,3271.4900000000002,10,False,Loyalists,2
14531.0,United Kingdom,115,376.34,1,False,At Risk,1
14532.0,United Kingdom,47,2926.33,7,False,Loyalists,2
14533.0,United Kingdom,43,1516.65,4,False,High-Potential,3
14534.0,United Kingdom,33,1824.06,8,False,Loyalists,2
14535.0,United Kingdom,31,3166.54,6,False,Loyalists,2
14537.0,United Kingdom,259,285.84,1,False,At Risk,1
14538.0,United Kingdom,166,982.59,3,False,High-Potential,3
14540.0,United Kingdom,15,2799.08,8,False,Loyalists,2
14541.0,United Kingdom,52,1038.03,6,False,High-Potential,3
14544.0,United Kingdom,106,957.98,1,False,High-Potential,3
14545.0,United Kingdom,310,349.25,1,False,At Risk,1
14546.0,United Kingdom,12,2619.81,6,False,Loyalists,2
14548.0,United Kingdom,120,1974.69,7,False,High-Potential,3
14549.0,United Kingdom,56,627.3100000000001,3,False,High-Potential,3
14550.0,United Kingdom,24,587.69,2,False,Promising,0
14551.0,United Kingdom,47,693.8100000000001,5,False,High-Potential,3
14552.0,United Kingdom,16,346.21,2,False,Promising,0
14553.0,United Kingdom,47,982.27,4,False,High-Potential,3
14555.0,United Kingdom,17,1991.49,4,False,Loyalists,2
14556.0,United Kingdom,232,835.34,3,False,High-Potential,3
14558.0,United Kingdom,290,655.5,3,False,High-Potential,3
14559.0,United Kingdom,26,75.6,1,False,Promising,0
14562.0,United Kingdom,26,1654.63,8,False,Loyalists,2
14563.0,United Kingdom,145,679.44,2,False,High-Potential,3
14564.0,Channel Islands,70,2605.62,2,False,High-Potential,3
14565.0,United Kingdom,109,760.1,1,False,At Risk,1
14566.0,Channel Islands,53,2660.0,3,False,High-Potential,3
14568.0,Channel Islands,71,919.7,1,False,Promising,0
14569.0,United Kingdom,88,371.59000000000003,3,False,High-Potential,3
14570.0,United Kingdom,79,395.69,1,False,At Risk,1
14571.0,United Kingdom,61,161.65,1,False,At Risk,1
14572.0,United Kingdom,53,2782.34,4,False,High-Potential,3
14573.0,United Kingdom,8,968.0,5,False,Loyalists,2
14574.0,United Kingdom,368,143.70000000000002,1,False,At Risk,1
14575.0,United Kingdom,124,460.71,1,False,At Risk,1
14576.0,United Kingdom,8,35.400000000000006,1,False,Promising,0
14577.0,United Kingdom,30,514.54,3,False,Promising,0
14579.0,United Kingdom,68,105.56,1,False,At Risk,1
14580.0,United Kingdom,154,14.85,1,False,At Risk,1
14581.0,United Kingdom,180,295.2,1,False,At Risk,1
14583.0,United Kingdom,19,728.48,3,False,Promising,0
14584.0,United Kingdom,57,705.65,4,False,High-Potential,3
14585.0,United Kingdom,18,986.22,4,False,Loyalists,2
14588.0,United Kingdom,214,135.39,1,False,At Risk,1
14589.0,United Kingdom,7,39.75,1,False,Promising,0
14590.0,United Kingdom,60,3006.62,20,False,Loyalists,2
14593.0,United Kingdom,33,3094.02,9,False,Loyalists,2
14594.0,United Kingdom,9,255.0,1,False,Promising,0
14595.0,United Kingdom,89,423.85,2,False,High-Potential,3
14596.0,United Kingdom,262,229.47,1,False,At Risk,1
14597.0,United Kingdom,15,1318.39,4,False,Loyalists,2
14598.0,United Kingdom,205,162.07,1,False,At Risk,1
14599.0,United Kingdom,26,474.54,2,False,Promising,0
14600.0,United Kingdom,29,471.84,1,False,Promising,0
14602.0,United Kingdom,292,205.35999999999999,1,False,At Risk,1
14604.0,United Kingdom,269,143.85999999999999,1,False,At Risk,1
14605.0,United Kingdom,10,937.16,4,False,Loyalists,2
14608.0,United Kingdom,15,1567.79,7,False,Loyalists,2
14609.0,United Kingdom,26,884.64,6,False,Loyalists,2
14610.0,United Kingdom,31,24.35,2,False,At Risk,1
14611.0,United Kingdom,79,604.33,2,False,High-Potential,3
14612.0,United Kingdom,51,877.7,1,False,Promising,0
14613.0,United Kingdom,316,76.32000000000001,1,False,At Risk,1
14614.0,United Kingdom,22,295.13,1,False,Promising,0
14615.0,United Kingdom,30,951.76,5,False,Loyalists,2
14616.0,United Kingdom,21,121.7,2,False,Promising,0
14617.0,United Kingdom,38,190.47,2,False,Promising,0
14618.0,United Kingdom,12,788.88,4,False,Loyalists,2
14619.0,United Kingdom,177,896.8,1,False,At Risk,1
14621.0,United Kingdom,147,1212.21,4,False,High-Potential,3
14623.0,United Kingdom,16,1170.33,5,False,Loyalists,2
14624.0,United Kingdom,51,588.22,4,False,High-Potential,3
14625.0,United Kingdom,10,3598.25,9,False,Loyalists,2
14626.0,United Kingdom,31,2619.65,7,False,Loyalists,2
14627.0,United Kingdom,15,462.75,1,False,Promising,0
14628.0,United Kingdom,78,1326.04,3,False,High-Potential,3
14630.0,United Kingdom,120,338.65,1,False,At Risk,1
14631.0,United Kingdom,22,1018.71,3,False,High-Potential,3
14634.0,United Kingdom,73,2124.46,4,False,High-Potential,3
14635.0,United Kingdom,89,215.22,1,False,At Risk,1
14637.0,United Kingdom,313,106.68,1,False,At Risk,1
14639.0,United Kingdom,44,1994.47,3,False,High-Potential,3
14640.0,United Kingdom,45,1541.98,4,False,High-Potential,3
14643.0,United Kingdom,253,986.08,3,False,High-Potential,3
14644.0,United Kingdom,50,1416.96,5,False,High-Potential,3
14645.0,United Kingdom,270,279.8,1,False,At Risk,1
14647.0,United Kingdom,159,276.75,1,False,At Risk,1
14649.0,United Kingdom,18,2358.02,5,False,Loyalists,2
14650.0,United Kingdom,224,62.5,1,False,At Risk,1
14651.0,United Kingdom,30,1379.52,7,False,Loyalists,2
14653.0,United Kingdom,149,1666.99,5,False,High-Potential,3
14654.0,United Kingdom,374,246.86,1,False,At Risk,1
14655.0,United Kingdom,24,1946.28,3,False,High-Potential,3
14656.0,United Kingdom,51,523.6,3,False,High-Potential,3
14657.0,United Kingdom,65,612.65,2,False,High-Potential,3
14662.0,United Kingdom,63,645.16,3,False,High-Potential,3
14663.0,United Kingdom,66,490.6,2,False,Promising,0
14665.0,United Kingdom,63,913.95,2,False,High-Potential,3
14668.0,United Kingdom,81,111.63,1,False,At Risk,1
14669.0,United Kingdom,269,1973.94,4,False,High-Potential,3
14670.0,United Kingdom,368,190.47,1,False,At Risk,1
14671.0,United Kingdom,185,1127.45,2,False,High-Potential,3
14672.0,United Kingdom,151,347.59,2,False,At Risk,1
14673.0,United Kingdom,3,1674.41,3,False,Loyalists,2
14674.0,United Kingdom,145,173.66,1,False,At Risk,1
14675.0,United Kingdom,24,462.15,1,False,Promising,0
14677.0,United Kingdom,228,184.91,1,False,At Risk,1
14678.0,United Kingdom,215,403.39,1,False,At Risk,1
14679.0,United Kingdom,17,1289.44,3,False,Loyalists,2
14681.0,United Kingdom,23,376.20000000000005,3,False,Promising,0
14682.0,United Kingdom,64,1462.81,4,False,High-Potential,3
14683.0,United Kingdom,224,146.56,1,False,At Risk,1
14684.0,United Kingdom,26,232.27,1,False,Promising,0
14686.0,United Kingdom,50,885.83,5,False,High-Potential,3
14687.0,United Kingdom,36,773.6800000000001,2,False,Promising,0
14688.0,United Kingdom,9,2082.7,8,False,Loyalists,2
14690.0,United Kingdom,28,422.63,2,False,Promising,0
14692.0,United Kingdom,16,1153.54,8,False,Loyalists,2
14693.0,United Kingdom,61,992.46,6,False,High-Potential,3
14694.0,United Kingdom,253,244.31,1,False,At Risk,1
14695.0,United Kingdom,155,1620.07,3,False,High-Potential,3
14696.0,United Kingdom,9,688.95,2,False,Promising,0
14699.0,United Kingdom,71,593.47,3,False,High-Potential,3
14700.0,United Kingdom,51,880.96,2,False,High-Potential,3
14701.0,United Kingdom,78,2012.72,6,False,High-Potential,3
14702.0,United Kingdom,1,3462.08,13,False,Loyalists,2
14704.0,United Kingdom,60,266.66,2,False,Promising,0
14706.0,United Kingdom,254,390.69,1,False,At Risk,1
14707.0,United Kingdom,71,139.2,2,False,At Risk,1
14708.0,United Kingdom,4,1085.91,3,False,Loyalists,2
14710.0,United Kingdom,15,1316.46,9,False,Loyalists,2
14712.0,United Kingdom,54,411.0,1,False,Promising,0
14713.0,United Kingdom,1,2752.51,11,False,Loyalists,2
14714.0,United Kingdom,43,746.05,3,False,High-Potential,3
14715.0,United Kingdom,78,973.0699999999999,4,False,High-Potential,3
14716.0,United Kingdom,80,235.77,1,False,At Risk,1
14717.0,United Kingdom,369,81.3,1,False,At Risk,1
14718.0,United Kingdom,46,226.42,1,False,Promising,0
14721.0,United Kingdom,15,115.77,1,False,Promising,0
14722.0,United Kingdom,113,325.45,2,False,At Risk,1
14723.0,United Kingdom,7,934.76,7,False,Loyalists,2
14724.0,United Kingdom,226,345.25,1,False,At Risk,1
14725.0,United Kingdom,30,597.16,3,False,Promising,0
14726.0,United Kingdom,290,124.75,1,False,At Risk,1
14727.0,United Kingdom,182,199.35,2,False,At Risk,1
14728.0,United Kingdom,49,190.58,1,False,Promising,0
14729.0,United Kingdom,9,593.89,3,False,Promising,0
14732.0,United Kingdom,28,2814.58,11,False,Loyalists,2
14734.0,United Kingdom,61,1056.42,4,False,High-Potential,3
14736.0,United Kingdom,121,401.08,2,False,At Risk,1
14737.0,United Kingdom,36,2389.62,1,False,High-Potential,3
14738.0,United Kingdom,196,507.45,2,False,At Risk,1
14740.0,United Kingdom,45,2712.85,8,False,Loyalists,2
14741.0,United Kingdom,8,497.25,2,False,Promising,0
14742.0,United Kingdom,71,579.85,1,False,Promising,0
14743.0,United Kingdom,228,50.480000000000004,1,False,At Risk,1
14744.0,United Kingdom,2,2785.1,8,False,Loyalists,2
14745.0,United Kingdom,137,1351.55,7,False,High-Potential,3
14746.0,United Kingdom,42,593.5,4,False,High-Potential,3
14748.0,United Kingdom,4,1736.57,7,False,Loyalists,2
14749.0,United Kingdom,115,310.15,1,False,At Risk,1
14750.0,United Kingdom,372,112.03,1,False,At Risk,1
14751.0,United Kingdom,320,126.45,2,False,At Risk,1
14753.0,United Kingdom,96,306.36,1,False,At Risk,1
14754.0,United Kingdom,61,912.4300000000001,4,False,High-Potential,3
14756.0,United Kingdom,18,1914.8,2,False,High-Potential,3
14758.0,United Kingdom,32,1380.91,3,False,High-Potential,3
14761.0,United Kingdom,80,192.02,1,False,At Risk,1
14762.0,United Kingdom,262,117.05,1,False,At Risk,1
14767.0,United Kingdom,110,382.81,1,False,At Risk,1
14770.0,United Kingdom,103,2761.2200000000003,6,False,High-Potential,3
14771.0,United Kingdom,257,594.62,2,False,High-Potential,3
14773.0,United Kingdom,228,140.55,1,False,At Risk,1
14774.0,United Kingdom,164,241.45000000000002,1,False,At Risk,1
14775.0,United Kingdom,8,406.56,1,False,Promising,0
14776.0,United Kingdom,23,1170.0,4,False,Loyalists,2
14777.0,United Kingdom,39,307.56,1,False,Promising,0
14783.0,United Kingdom,295,307.3,1,False,At Risk,1
14784.0,United Kingdom,25,159.94,1,False,Promising,0
14786.0,United Kingdom,186,90.96,1,False,At Risk,1
14787.0,United Kingdom,107,110.65,1,False,At Risk,1
14788.0,United Kingdom,232,476.88,1,False,At Risk,1
14790.0,United Kingdom,10,1781.56,6,False,Loyalists,2
14791.0,United Kingdom,242,303.63,1,False,At Risk,1
14793.0,United Kingdom,171,396.91,1,False,At Risk,1
14794.0,United Kingdom,38,633.99,3,False,High-Potential,3
14796.0,United Kingdom,2,2867.15,11,False,Loyalists,2
14797.0,United Kingdom,143,300.31,1,False,At Risk,1
14798.0,United Kingdom,17,550.5699999999999,5,False,Loyalists,2
14799.0,United Kingdom,373,180.45000000000002,1,False,At Risk,1
14800.0,United Kingdom,5,3434.58,6,False,Loyalists,2
14802.0,United Kingdom,74,1502.98,2,False,High-Potential,3
14805.0,United Kingdom,40,549.99,3,False,High-Potential,3
14806.0,United Kingdom,75,110.04,1,False,At Risk,1
14807.0,United Kingdom,26,519.29,2,False,Promising,0
14809.0,United Kingdom,257,686.76,2,False,High-Potential,3
14810.0,United Kingdom,5,449.14,3,False,Promising,0
14811.0,United Kingdom,23,170.5,1,False,Promising,0
14812.0,United Kingdom,234,185.8,1,False,At Risk,1
14813.0,United Kingdom,5,935.44,4,False,Loyalists,2
14814.0,United Kingdom,217,160.46,1,False,At Risk,1
14817.0,United Kingdom,31,2849.52,5,False,Loyalists,2
14818.0,United Kingdom,94,512.61,3,False,High-Potential,3
14819.0,United Kingdom,130,198.09,2,False,At Risk,1
14820.0,United Kingdom,16,767.47,5,False,Loyalists,2
14821.0,United Kingdom,2,1237.65,7,False,Loyalists,2
14822.0,United Kingdom,121,157.7,1,False,At Risk,1
14824.0,United Kingdom,15,2895.2000000000003,6,False,Loyalists,2
14825.0,United Kingdom,4,2698.17,13,False,Loyalists,2
14826.0,United Kingdom,217,385.2,2,False,At Risk,1
14827.0,United Kingdom,301,0.0,1,False,At Risk,1
14829.0,United Kingdom,8,995.29,4,False,Loyalists,2
14831.0,United Kingdom,316,1676.57,3,False,High-Potential,3
14832.0,United Kingdom,266,322.69,1,False,At Risk,1
14833.0,United Kingdom,134,94.8,1,False,At Risk,1
14834.0,United Kingdom,43,485.86,1,False,Promising,0
14835.0,United Kingdom,164,297.0,2,False,At Risk,1
14837.0,United Kingdom,78,1810.82,5,False,High-Potential,3
14838.0,United Kingdom,59,773.6700000000001,2,False,High-Potential,3
14839.0,United Kingdom,54,915.28,3,False,High-Potential,3
14840.0,United Kingdom,175,299.86,1,False,At Risk,1
14843.0,United Kingdom,72,211.8,1,False,At Risk,1
14844.0,United Kingdom,66,3512.62,6,False,Loyalists,2
14845.0,United Kingdom,235,150.0,1,False,At Risk,1
14846.0,United Kingdom,63,437.4,1,False,Promising,0
14847.0,United Kingdom,43,1039.55,2,False,High-Potential,3
14848.0,United Kingdom,40,310.56,1,False,Promising,0
14850.0,United Kingdom,53,1468.26,6,False,Loyalists,2
14851.0,United Kingdom,266,318.06,1,False,At Risk,1
14852.0,United Kingdom,60,3310.4900000000002,12,False,Loyalists,2
14853.0,United Kingdom,59,901.0699999999999,3,False,High-Potential,3
14854.0,United Kingdom,26,1563.03,4,False,Loyalists,2
14857.0,United Kingdom,78,2478.731,5,False,High-Potential,3
14858.0,United Kingdom,141,180.75,1,False,At Risk,1
14859.0,United Kingdom,190,351.9,1,False,At Risk,1
14861.0,United Kingdom,16,1254.94,9,False,Loyalists,2
14865.0,United Kingdom,8,77.52,3,False,Promising,0
14867.0,United Kingdom,31,2241.78,13,False,Loyalists,2
14868.0,United Kingdom,16,1230.42,4,False,Loyalists,2
14869.0,United Kingdom,24,2078.54,4,False,Loyalists,2
14870.0,United Kingdom,49,1511.7,5,False,High-Potential,3
14871.0,United Kingdom,129,736.59,5,False,High-Potential,3
14872.0,United Kingdom,119,816.6,3,False,High-Potential,3
14873.0,United Kingdom,269,334.45,1,False,At Risk,1
14874.0,United Kingdom,171,116.18,1,False,At Risk,1
14875.0,United Kingdom,77,1397.08,1,False,High-Potential,3
14876.0,United Kingdom,157,256.7,2,False,At Risk,1
14877.0,United Kingdom,54,437.0,2,False,Promising,0
14878.0,United Kingdom,12,2619.7,16,False,Loyalists,2
14879.0,United Kingdom,320,185.06,1,False,At Risk,1
14882.0,United Kingdom,26,3038.4500000000003,12,False,Loyalists,2
14884.0,United Kingdom,305,120.6,1,False,At Risk,1
14885.0,United Kingdom,63,832.8,2,False,High-Potential,3
14890.0,United Kingdom,254,691.6,2,False,High-Potential,3
14891.0,United Kingdom,52,552.35,2,False,Promising,0
14892.0,United Kingdom,326,202.35000000000002,1,False,At Risk,1
14893.0,United Kingdom,253,571.76,1,False,At Risk,1
14894.0,United Kingdom,79,837.0600000000001,2,False,High-Potential,3
14896.0,United Kingdom,1,1623.65,7,False,Loyalists,2
14897.0,United Kingdom,45,1774.16,4,False,High-Potential,3
14898.0,United Kingdom,7,2204.29,9,False,Loyalists,2
14899.0,United Kingdom,31,1384.88,1,False,Promising,0
14900.0,United Kingdom,158,13.919999999999998,1,False,At Risk,1
14901.0,United Kingdom,2,868.36,5,False,Loyalists,2
14902.0,United Kingdom,31,702.96,2,False,Promising,0
14904.0,United Kingdom,44,615.2,2,False,Promising,0
14905.0,United Kingdom,10,1355.24,6,False,Loyalists,2
14906.0,United Kingdom,81,68.44,1,False,At Risk,1
14907.0,United Kingdom,3,2664.69,10,False,Loyalists,2
14908.0,United Kingdom,99,104.10000000000001,1,False,At Risk,1
14909.0,United Kingdom,73,1404.68,3,False,High-Potential,3
14912.0,Italy,37,1021.4,4,False,High-Potential,3
14913.0,United Kingdom,24,2845.7000000000003,4,False,Loyalists,2
14915.0,United Kingdom,11,1503.77,9,False,Loyalists,2
14916.0,United Kingdom,67,1773.97,4,False,High-Potential,3
14917.0,United Kingdom,232,1123.75,2,False,High-Potential,3
14919.0,United Kingdom,175,359.35,1,False,At Risk,1
14920.0,United Kingdom,201,629.4,1,False,At Risk,1
14922.0,United Kingdom,29,843.74,2,False,Promising,0
14924.0,United Kingdom,246,620.96,2,False,High-Potential,3
14926.0,United Kingdom,17,359.4,2,False,Promising,0
14927.0,United Kingdom,32,308.2,1,False,Promising,0
14928.0,United Kingdom,263,223.91000000000003,1,False,At Risk,1
14929.0,United Kingdom,57,612.8100000000001,1,False,Promising,0
14930.0,Channel Islands,106,2873.77,3,False,High-Potential,3
14932.0,Channel Islands,1,666.13,2,False,Promising,0
14933.0,Channel Islands,79,1770.0,4,False,High-Potential,3
14934.0,Channel Islands,14,1612.56,3,False,Loyalists,2
14935.0,Channel Islands,255,1065.1200000000001,1,False,High-Potential,3
14938.0,Channel Islands,198,2322.43,2,False,High-Potential,3
14940.0,United Kingdom,53,531.49,2,False,Promising,0
14941.0,United Kingdom,214,182.1,1,False,At Risk,1
14942.0,United Kingdom,37,746.56,4,False,High-Potential,3
14943.0,United Kingdom,299,107.62,1,False,At Risk,1
14945.0,United Kingdom,49,179.4,1,False,At Risk,1
14947.0,United Kingdom,24,758.97,4,False,High-Potential,3
14949.0,United Kingdom,105,515.0,4,False,High-Potential,3
14953.0,United Kingdom,54,723.95,3,False,High-Potential,3
14954.0,United Kingdom,339,167.27,1,False,At Risk,1
14955.0,United Kingdom,368,163.77,1,False,At Risk,1
14956.0,United Kingdom,57,1325.0,1,False,High-Potential,3
14957.0,United Kingdom,280,274.8,1,False,At Risk,1
14958.0,United Kingdom,231,458.26,3,False,High-Potential,3
14962.0,United Kingdom,175,240.21000000000004,3,False,At Risk,1
14963.0,United Kingdom,15,1676.68,7,False,Loyalists,2
14966.0,United Kingdom,23,924.52,5,False,Loyalists,2
14967.0,United Kingdom,77,1518.81,5,False,High-Potential,3
14968.0,United Kingdom,94,357.4,1,False,At Risk,1
14969.0,United Kingdom,339,906.23,1,False,At Risk,1
14970.0,United Kingdom,45,3327.29,8,False,Loyalists,2
14972.0,United Kingdom,17,30.300000000000004,1,False,Promising,0
14975.0,United Kingdom,57,192.45,1,False,At Risk,1
14977.0,United Kingdom,361,31.93,1,False,At Risk,1
14978.0,United Kingdom,66,1210.72,5,False,High-Potential,3
14979.0,United Kingdom,371,439.46000000000004,1,False,At Risk,1
14980.0,United Kingdom,373,150.68,1,False,At Risk,1
14981.0,United Kingdom,59,270.8,1,False,At Risk,1
14982.0,United Kingdom,208,237.78,1,False,At Risk,1
14983.0,United Kingdom,325,183.20000000000002,1,False,At Risk,1
14984.0,United Kingdom,24,1058.1399999999999,4,False,Loyalists,2
14986.0,United Kingdom,12,566.9,2,False,Promising,0
14987.0,United Kingdom,1,1387.4499999999998,7,False,Loyalists,2
14988.0,United Kingdom,16,1732.06,6,False,Loyalists,2
14989.0,United Kingdom,297,342.4,1,False,At Risk,1
14990.0,United Kingdom,248,305.42,2,False,At Risk,1
14991.0,United Kingdom,66,314.67,1,False,At Risk,1
14992.0,United Kingdom,78,210.5,1,False,At Risk,1
14993.0,United Kingdom,199,36.13,1,False,At Risk,1
14994.0,United Kingdom,18,960.63,5,False,Loyalists,2
14996.0,United Kingdom,117,442.28999999999996,2,False,At Risk,1
14997.0,United Kingdom,291,230.4,1,False,At Risk,1
14998.0,United Kingdom,64,340.86,2,False,Promising,0
14999.0,United Kingdom,228,129.48000000000002,1,False,At Risk,1
15001.0,United Kingdom,30,230.85999999999999,2,False,Promising,0
15002.0,United Kingdom,3,3175.52,6,False,Loyalists,2
15003.0,United Kingdom,109,1060.7,6,False,High-Potential,3
15006.0,United Kingdom,89,323.05,1,False,At Risk,1
15008.0,United Kingdom,116,360.0,2,False,At Risk,1
15011.0,United Kingdom,31,416.6,2,False,Promising,0
15012.0,United Kingdom,9,437.58,2,False,Promising,0
15013.0,United Kingdom,123,1641.3,10,False,High-Potential,3
15015.0,United Kingdom,137,2365.02,13,False,Loyalists,2
15016.0,United Kingdom,29,460.26,4,False,High-Potential,3
15018.0,United Kingdom,3,111.25,1,False,Promising,0
15020.0,United Kingdom,15,203.42,1,False,Promising,0
15021.0,United Kingdom,2,869.01,4,False,Loyalists,2
15022.0,United Kingdom,313,281.05,1,False,At Risk,1
15024.0,United Kingdom,3,2414.18,8,False,Loyalists,2
15025.0,United Kingdom,204,636.08,1,False,At Risk,1
15026.0,United Kingdom,11,592.61,2,False,Promising,0
15027.0,United Kingdom,31,2129.45,6,False,Loyalists,2
15028.0,United Kingdom,4,530.58,3,False,Promising,0
15029.0,United Kingdom,255,365.1,1,False,At Risk,1
15030.0,United Kingdom,16,1461.63,6,False,Loyalists,2
15031.0,United Kingdom,30,2488.44,10,False,Loyalists,2
15037.0,United Kingdom,12,402.51,2,False,Promising,0
15038.0,United Kingdom,5,604.37,4,False,Loyalists,2
15040.0,United Kingdom,177,7.49,1,False,At Risk,1
15041.0,United Kingdom,80,113.67,1,False,At Risk,1
15042.0,United Kingdom,231,179.52,1,False,At Risk,1
15043.0,United Kingdom,99,2336.8,5,False,High-Potential,3
15046.0,United Kingdom,61,2598.62,10,False,Loyalists,2
15048.0,United Kingdom,4,98.7,1,False,Promising,0
15050.0,United Kingdom,57,2411.7000000000003,2,False,High-Potential,3
15051.0,United Kingdom,15,2543.55,6,False,Loyalists,2
15055.0,United Kingdom,110,560.07,3,False,High-Potential,3
15056.0,United Kingdom,156,133.45,1,False,At Risk,1
15057.0,United Kingdom,79,1766.46,3,False,High-Potential,3
15058.0,United Kingdom,12,1285.04,5,False,Loyalists,2
15059.0,United Kingdom,12,2185.85,10,False,Loyalists,2
15062.0,United Kingdom,59,1597.76,4,False,High-Potential,3
15064.0,United Kingdom,46,1254.41,4,False,High-Potential,3
15065.0,United Kingdom,46,168.73,1,False,Promising,0
15067.0,United Kingdom,49,2133.12,2,False,High-Potential,3
15068.0,United Kingdom,54,623.49,2,False,High-Potential,3
15070.0,United Kingdom,8,737.0500000000001,3,False,Promising,0
15071.0,United Kingdom,22,473.49,2,False,Promising,0
15072.0,United Kingdom,115,187.52,1,False,At Risk,1
15073.0,United Kingdom,36,1744.61,5,False,Loyalists,2
15074.0,United Kingdom,65,817.46,2,False,High-Potential,3
15076.0,United Kingdom,128,566.89,2,False,High-Potential,3
15077.0,United Kingdom,130,2428.08,2,False,High-Potential,3
15079.0,United Kingdom,1,2871.7400000000002,8,False,Loyalists,2
15080.0,United Kingdom,63,546.25,2,False,High-Potential,3
15081.0,United Kingdom,3,1460.92,8,False,Loyalists,2
15082.0,United Kingdom,304,93.35000000000001,1,False,At Risk,1
15084.0,United Kingdom,15,965.1999999999999,2,False,Promising,0
15085.0,United Kingdom,365,347.54,1,False,At Risk,1
15086.0,United Kingdom,200,218.53,2,False,At Risk,1
15091.0,United Kingdom,310,565.9,2,False,At Risk,1
15092.0,United Kingdom,98,318.65,1,False,At Risk,1
15094.0,United Kingdom,99,83.0,2,False,At Risk,1
15095.0,United Kingdom,56,1771.04,6,False,Loyalists,2
15097.0,United Kingdom,219,660.27,2,False,High-Potential,3
15100.0,United Kingdom,2,2018.6999999999998,6,False,Loyalists,2
15101.0,United Kingdom,151,1160.41,4,False,High-Potential,3
15102.0,United Kingdom,166,554.67,2,False,High-Potential,3
15105.0,United Kingdom,66,795.98,2,False,High-Potential,3
15107.0,United Kingdom,8,620.85,4,False,Loyalists,2
15109.0,United Kingdom,215,498.15000000000003,2,False,At Risk,1
15110.0,United Kingdom,39,509.75,2,False,Promising,0
15111.0,United Kingdom,8,1163.39,3,False,Loyalists,2
15112.0,United Kingdom,247,209.4,1,False,At Risk,1
15114.0,United Kingdom,19,639.56,2,False,Promising,0
15115.0,United Kingdom,368,191.74,1,False,At Risk,1
15117.0,United Kingdom,84,934.19,3,False,High-Potential,3
15122.0,United Kingdom,58,2863.69,8,False,Loyalists,2
15123.0,United Kingdom,57,2456.86,3,False,High-Potential,3
15124.0,United Kingdom,112,266.63,2,False,At Risk,1
15126.0,United Kingdom,172,449.49,2,False,At Risk,1
15127.0,United Kingdom,155,304.97,1,False,At Risk,1
15128.0,United Kingdom,66,312.68,1,False,At Risk,1
15129.0,United Kingdom,21,3412.78,12,False,Loyalists,2
15131.0,United Kingdom,30,80.28,1,False,Promising,0
15133.0,United Kingdom,18,824.48,2,False,Promising,0
15134.0,United Kingdom,17,208.3,2,False,Promising,0
15135.0,United Kingdom,192,166.63,1,False,At Risk,1
15137.0,United Kingdom,156,823.4,2,False,High-Potential,3
15138.0,United Kingdom,29,502.52,1,False,Promising,0
15140.0,United Kingdom,78,889.44,1,False,High-Potential,3
15141.0,United Kingdom,93,1388.47,7,False,High-Potential,3
15142.0,United Kingdom,46,2121.18,5,False,Loyalists,2
15143.0,United Kingdom,68,304.18,1,False,At Risk,1
15149.0,United Kingdom,212,1033.81,4,False,High-Potential,3
15150.0,United Kingdom,92,3686.61,3,False,High-Potential,3
15151.0,United Kingdom,59,2085.61,2,False,High-Potential,3
15152.0,United Kingdom,337,518.14,1,False,At Risk,1
15154.0,United Kingdom,114,1091.99,2,False,High-Potential,3
15155.0,United Kingdom,19,383.96999999999997,1,False,Promising,0
15157.0,United Kingdom,205,718.04,2,False,High-Potential,3
15158.0,United Kingdom,37,204.62,1,False,Promising,0
15159.0,United Kingdom,31,3475.7200000000003,4,False,Loyalists,2
15160.0,United Kingdom,10,431.11,3,False,Promising,0
15161.0,United Kingdom,24,119.92,1,False,Promising,0
15162.0,United Kingdom,367,312.9,1,False,At Risk,1
15164.0,United Kingdom,25,1225.8700000000001,6,False,Loyalists,2
15165.0,United Kingdom,9,487.75,1,False,Promising,0
15166.0,United Kingdom,103,167.16,1,False,At Risk,1
15167.0,United Kingdom,43,1496.67,4,False,High-Potential,3
15169.0,United Kingdom,18,569.22,2,False,Promising,0
15170.0,United Kingdom,42,81.15,1,False,At Risk,1
15173.0,United Kingdom,16,1494.6,7,False,Loyalists,2
15174.0,United Kingdom,46,345.71,1,False,Promising,0
15176.0,United Kingdom,303,988.0400000000001,1,False,At Risk,1
15177.0,United Kingdom,61,948.9300000000001,1,False,Promising,0
15180.0,United Kingdom,3,816.9300000000001,3,False,Loyalists,2
15181.0,United Kingdom,56,510.72,2,False,Promising,0
15182.0,United Kingdom,21,2376.102,9,False,Loyalists,2
15183.0,United Kingdom,183,639.93,3,False,High-Potential,3
15184.0,United Kingdom,23,283.19,2,False,Promising,0
15186.0,United Kingdom,110,991.7900000000001,3,False,High-Potential,3
15188.0,United Kingdom,361,310.43,1,False,At Risk,1
15189.0,United Kingdom,17,1298.99,5,False,Loyalists,2
15190.0,United Kingdom,70,834.4399999999999,1,False,Promising,0
15191.0,United Kingdom,99,588.05,3,False,High-Potential,3
15192.0,United Kingdom,1,937.07,3,False,Loyalists,2
15196.0,United Kingdom,68,316.25,2,False,Promising,0
15197.0,United Kingdom,30,797.9,3,False,High-Potential,3
15198.0,United Kingdom,44,377.71,3,False,Promising,0
15199.0,United Kingdom,10,1853.7,6,False,Loyalists,2
15200.0,United Kingdom,130,549.0500000000001,1,False,At Risk,1
15201.0,United Kingdom,75,606.4100000000001,2,False,High-Potential,3
15203.0,United Kingdom,26,2572.38,9,False,Loyalists,2
15207.0,United Kingdom,52,683.92,3,False,High-Potential,3
15208.0,United Kingdom,59,100.4,1,False,At Risk,1
15209.0,United Kingdom,366,178.98000000000002,1,False,At Risk,1
15210.0,United Kingdom,14,845.01,2,False,Promising,0
15211.0,United Kingdom,1,383.07,1,False,Promising,0
15212.0,United Kingdom,12,106.47999999999999,1,False,Promising,0
15215.0,United Kingdom,29,1687.49,4,False,Loyalists,2
15216.0,United Kingdom,254,389.49,1,False,At Risk,1
15217.0,United Kingdom,199,426.24,1,False,At Risk,1
15219.0,United Kingdom,284,379.7,1,False,At Risk,1
15221.0,United Kingdom,2,2062.2,4,False,Loyalists,2
15222.0,United Kingdom,108,2965.91,10,False,Loyalists,2
15223.0,United Kingdom,245,662.2,3,False,High-Potential,3
15224.0,United Kingdom,148,549.28,3,False,High-Potential,3
15227.0,United Kingdom,32,1269.0900000000001,4,False,High-Potential,3
15228.0,United Kingdom,64,2193.56,2,False,High-Potential,3
15229.0,United Kingdom,222,160.5,1,False,At Risk,1
15231.0,United Kingdom,257,250.26000000000002,1,False,At Risk,1
15233.0,United Kingdom,37,59.400000000000006,1,False,At Risk,1
15235.0,United Kingdom,5,690.3000000000001,6,False,Loyalists,2
15240.0,United Kingdom,10,2753.41,7,False,Loyalists,2
15241.0,United Kingdom,66,1293.72,3,False,High-Potential,3
15242.0,United Kingdom,58,302.04,1,False,Promising,0
15243.0,United Kingdom,71,610.6,1,False,Promising,0
15244.0,United Kingdom,302,280.51,1,False,At Risk,1
15245.0,United Kingdom,38,2095.0,5,False,Loyalists,2
15246.0,United Kingdom,191,266.25,1,False,At Risk,1
15247.0,United Kingdom,113,620.06,2,False,High-Potential,3
15248.0,United Kingdom,47,1893.93,3,False,High-Potential,3
15249.0,United Kingdom,66,2577.54,5,False,High-Potential,3
15250.0,United Kingdom,276,60.0,1,False,At Risk,1
15252.0,United Kingdom,57,1362.63,3,False,High-Potential,3
15253.0,United Kingdom,39,1136.89,3,False,High-Potential,3
15254.0,United Kingdom,182,787.99,2,False,High-Potential,3
15255.0,United Kingdom,32,2838.57,8,False,Loyalists,2
15256.0,United Kingdom,197,71.95,1,False,At Risk,1
15257.0,United Kingdom,50,368.75,1,False,Promising,0
15259.0,United Kingdom,148,1182.3799999999999,4,False,High-Potential,3
15261.0,United Kingdom,17,1253.18,3,False,Loyalists,2
15262.0,United Kingdom,16,239.87,2,False,Promising,0
15264.0,United Kingdom,166,454.66,1,False,At Risk,1
15265.0,United Kingdom,240,1839.52,2,False,High-Potential,3
15266.0,United Kingdom,15,732.91,4,False,Loyalists,2
15268.0,United Kingdom,114,961.9000000000001,3,False,High-Potential,3
15269.0,United Kingdom,16,816.5600000000001,2,False,Promising,0
15271.0,United Kingdom,1,2202.47,10,False,Loyalists,2
15272.0,United Kingdom,86,1363.54,4,False,High-Potential,3
15273.0,United Kingdom,235,228.96,1,False,At Risk,1
15276.0,United Kingdom,30,514.22,3,False,Promising,0
15277.0,United Kingdom,61,220.44,1,False,At Risk,1
15278.0,United Kingdom,197,496.16,4,False,High-Potential,3
15279.0,United Kingdom,16,1290.03,4,False,Loyalists,2
15280.0,United Kingdom,124,293.09999999999997,2,False,At Risk,1
15282.0,United Kingdom,206,348.59,1,False,At Risk,1
15283.0,United Kingdom,26,148.32999999999998,3,False,Promising,0
15284.0,United Kingdom,136,24.75,1,False,At Risk,1
15285.0,United Kingdom,43,94.92,1,False,At Risk,1
15287.0,United Kingdom,15,369.34000000000003,3,False,Promising,0
15288.0,United Kingdom,1,1576.6100000000001,6,False,Loyalists,2
15289.0,United Kingdom,94,653.3100000000001,2,False,High-Potential,3
15290.0,United Kingdom,29,2553.06,8,False,Loyalists,2
15293.0,United Kingdom,301,247.5,1,False,At Risk,1
15294.0,United Kingdom,46,233.35,1,False,Promising,0
15295.0,United Kingdom,290,217.23999999999998,1,False,At Risk,1
15299.0,United Kingdom,8,3484.5299999999997,6,False,Loyalists,2
15301.0,United Kingdom,4,2533.09,6,False,Loyalists,2
15302.0,United Kingdom,366,308.0,1,False,At Risk,1
15303.0,United Kingdom,201,650.16,2,False,High-Potential,3
15304.0,United Kingdom,4,225.15,2,False,Promising,0
15305.0,United Kingdom,191,93.6,1,False,At Risk,1
15306.0,United Kingdom,136,2310.38,6,False,High-Potential,3
15309.0,United Kingdom,246,797.96,4,False,High-Potential,3
15310.0,United Kingdom,114,1634.64,1,False,High-Potential,3
15312.0,United Kingdom,19,2005.34,8,False,Loyalists,2
15314.0,United Kingdom,49,492.48,2,False,Promising,0
15317.0,United Kingdom,313,129.75,1,False,At Risk,1
15322.0,United Kingdom,112,711.18,1,False,At Risk,1
15323.0,United Kingdom,198,434.6,3,False,High-Potential,3
15324.0,United Kingdom,337,140.22000000000003,1,False,At Risk,1
15325.0,United Kingdom,31,1439.72,7,False,Loyalists,2
15326.0,United Kingdom,245,1388.81,4,False,High-Potential,3
15328.0,United Kingdom,43,107.24,1,False,At Risk,1
15329.0,United Kingdom,10,1934.63,8,False,Loyalists,2
15331.0,United Kingdom,135,767.91,3,False,High-Potential,3
15336.0,United Kingdom,37,240.5,1,False,Promising,0
15337.0,United Kingdom,47,373.02,1,False,Promising,0
15338.0,United Kingdom,313,283.43,1,False,At Risk,1
15339.0,United Kingdom,57,1253.77,5,False,High-Potential,3
15340.0,United Kingdom,197,105.5,1,False,At Risk,1
15341.0,United Kingdom,85,382.2,1,False,At Risk,1
15346.0,United Kingdom,61,343.7,2,False,Promising,0
15347.0,United Kingdom,2,1162.0,4,False,Loyalists,2
15350.0,United Kingdom,9,547.6,2,False,Promising,0
15351.0,United Kingdom,5,1778.18,4,False,Loyalists,2
15352.0,United Kingdom,184,114.95,1,False,At Risk,1
15353.0,United Kingdom,3,2398.93,6,False,Loyalists,2
15354.0,United Kingdom,239,284.4,3,False,At Risk,1
15356.0,United Kingdom,4,698.45,4,False,Loyalists,2
15359.0,United Kingdom,298,181.35,8,False,High-Potential,3
15361.0,United Kingdom,162,270.15,3,False,At Risk,1
15362.0,United Kingdom,84,613.08,2,False,High-Potential,3
15363.0,United Kingdom,8,678.11,2,False,Promising,0
15365.0,United Kingdom,39,2242.81,6,False,Loyalists,2
15366.0,United Kingdom,45,1786.57,5,False,High-Potential,3
15367.0,United Kingdom,54,3203.7400000000002,7,False,Loyalists,2
15368.0,United Kingdom,30,275.8,1,False,Promising,0
15370.0,United Kingdom,46,1352.96,1,False,Promising,0
15371.0,United Kingdom,298,59.400000000000006,1,False,At Risk,1
15373.0,United Kingdom,7,1005.48,6,False,Loyalists,2
15374.0,United Kingdom,260,139.32,1,False,At Risk,1
15375.0,United Kingdom,326,60.959999999999994,1,False,At Risk,1
15377.0,United Kingdom,18,1211.75,4,False,Loyalists,2
15378.0,United Kingdom,98,246.5,2,False,At Risk,1
15379.0,United Kingdom,36,1174.55,1,False,Promising,0
15380.0,United Kingdom,1,1788.8,7,False,Loyalists,2
15381.0,United Kingdom,59,1293.72,3,False,High-Potential,3
15384.0,United Kingdom,17,1385.38,2,False,Promising,0
15385.0,United Kingdom,28,625.2,2,False,Promising,0
15387.0,United Kingdom,128,468.65,1,False,At Risk,1
15389.0,United Kingdom,36,2233.8,4,False,High-Potential,3
15390.0,Canada,32,1216.66,2,False,High-Potential,3
15391.0,United Kingdom,220,289.87,1,False,At Risk,1
15392.0,United Kingdom,10,1376.09,3,False,Loyalists,2
15393.0,United Kingdom,203,659.48,3,False,High-Potential,3
15394.0,United Kingdom,31,3103.26,7,False,Loyalists,2
15396.0,United Kingdom,219,508.20000000000005,1,False,At Risk,1
15400.0,United Kingdom,56,586.1,3,False,High-Potential,3
15401.0,United Kingdom,88,216.95,2,False,At Risk,1
15402.0,United Kingdom,23,1203.77,4,False,Loyalists,2
15403.0,United Kingdom,127,170.88,2,False,At Risk,1
15404.0,United Kingdom,11,257.06,1,False,Promising,0
15405.0,United Kingdom,212,310.74,1,False,At Risk,1
15406.0,United Kingdom,89,465.16,2,False,High-Potential,3
15409.0,United Kingdom,357,131.25,1,False,At Risk,1
15410.0,United Kingdom,204,1234.88,2,False,High-Potential,3
15416.0,United Kingdom,114,588.5,3,False,High-Potential,3
15418.0,United Kingdom,61,452.32,2,False,Promising,0
15420.0,United Kingdom,70,743.0,6,False,High-Potential,3
15421.0,United Kingdom,21,2854.98,6,False,Loyalists,2
15422.0,United Kingdom,15,1522.27,5,False,Loyalists,2
15423.0,United Kingdom,217,223.39000000000001,2,False,At Risk,1
15424.0,United Kingdom,99,214.44,1,False,At Risk,1
15425.0,United Kingdom,36,1944.57,4,False,High-Potential,3
15426.0,United Kingdom,5,1168.0,5,False,Loyalists,2
15428.0,United Kingdom,23,668.97,3,False,Promising,0
15430.0,United Kingdom,103,954.75,2,False,High-Potential,3
15431.0,United Kingdom,138,153.24,1,False,At Risk,1
15432.0,United Kingdom,177,149.57,1,False,At Risk,1
15434.0,United Kingdom,10,1525.5800000000002,6,False,Loyalists,2
15437.0,United Kingdom,276,193.29000000000002,1,False,At Risk,1
15439.0,United Kingdom,40,1269.05,4,False,High-Potential,3
15441.0,United Kingdom,32,1254.21,3,False,High-Potential,3
15443.0,United Kingdom,110,1939.02,7,False,High-Potential,3
15445.0,United Kingdom,226,171.0,1,False,At Risk,1
15446.0,United Kingdom,12,406.95,3,False,Promising,0
15447.0,United Kingdom,163,337.71000000000004,4,False,High-Potential,3
15448.0,United Kingdom,310,294.17,1,False,At Risk,1
15451.0,United Kingdom,70,233.21,2,False,At Risk,1
15452.0,United Kingdom,26,1260.38,3,False,High-Potential,3
15454.0,United Kingdom,254,128.59,1,False,At Risk,1
15455.0,United Kingdom,233,38.25,1,False,At Risk,1
15456.0,United Kingdom,39,1672.05,7,False,Loyalists,2
15458.0,United Kingdom,38,208.8,1,False,Promising,0
15459.0,United Kingdom,53,202.83,2,False,Promising,0
15461.0,United Kingdom,96,429.7,2,False,High-Potential,3
15462.0,United Kingdom,81,502.45,1,False,At Risk,1
15466.0,United Kingdom,25,1236.48,3,False,High-Potential,3
15468.0,United Kingdom,28,962.97,1,False,Promising,0
15469.0,United Kingdom,74,335.70000000000005,1,False,At Risk,1
15470.0,United Kingdom,211,63.419999999999995,1,False,At Risk,1
15471.0,United Kingdom,16,847.08,2,False,Promising,0
15473.0,United Kingdom,80,274.8,1,False,At Risk,1
15474.0,United Kingdom,231,163.1,1,False,At Risk,1
15476.0,United Kingdom,16,2209.98,4,False,Loyalists,2
15477.0,United Kingdom,285,368.4,1,False,At Risk,1
15478.0,United Kingdom,211,583.5600000000001,1,False,At Risk,1
15479.0,United Kingdom,369,147.4,1,False,At Risk,1
15481.0,Norway,37,1993.34,1,False,High-Potential,3
15482.0,United Kingdom,22,3537.6,7,False,Loyalists,2
15483.0,United Kingdom,21,628.39,6,False,Loyalists,2
15484.0,United Kingdom,176,1061.69,2,False,High-Potential,3
15485.0,United Kingdom,9,3196.51,5,False,Loyalists,2
15486.0,United Kingdom,163,102.0,1,False,At Risk,1
15487.0,United Kingdom,315,231.32,1,False,At Risk,1
15488.0,United Kingdom,92,340.6,4,False,High-Potential,3
15489.0,United Kingdom,36,1285.3300000000002,5,False,Loyalists,2
15490.0,United Kingdom,66,217.6,1,False,At Risk,1
15493.0,United Kingdom,25,2313.18,4,False,Loyalists,2
15494.0,United Kingdom,114,2480.82,3,False,High-Potential,3
15495.0,United Kingdom,15,246.5,1,False,Promising,0
15496.0,United Kingdom,267,146.14,1,False,At Risk,1
15499.0,United Kingdom,359,161.6,1,False,At Risk,1
15501.0,United Kingdom,40,402.5,2,False,Promising,0
15502.0,United Kingdom,4,3608.54,5,False,Loyalists,2
15503.0,United Kingdom,362,120.06,1,False,At Risk,1
15504.0,United Kingdom,156,371.02,3,False,High-Potential,3
15506.0,United Kingdom,17,1060.77,3,False,Loyalists,2
15509.0,United Kingdom,16,166.51,1,False,Promising,0
15512.0,United Kingdom,26,210.58,2,False,Promising,0
15514.0,United Kingdom,15,2459.09,7,False,Loyalists,2
15515.0,United Kingdom,23,171.81,1,False,Promising,0
15518.0,United Kingdom,15,2276.49,7,False,Loyalists,2
15519.0,United Kingdom,19,344.61,2,False,Promising,0
15524.0,United Kingdom,242,151.4,1,False,At Risk,1
15525.0,United Kingdom,9,469.78000000000003,2,False,Promising,0
15527.0,United Kingdom,30,3145.86,15,False,Loyalists,2
15529.0,United Kingdom,2,1116.72,2,False,Promising,0
15530.0,United Kingdom,148,311.37,1,False,At Risk,1
15532.0,United Kingdom,12,2190.9700000000003,6,False,Loyalists,2
15534.0,United Kingdom,361,162.25,1,False,At Risk,1
15535.0,United Kingdom,40,551.42,2,False,Promising,0
15536.0,United Kingdom,45,259.09,1,False,Promising,0
15538.0,United Kingdom,173,3358.4,6,False,High-Potential,3
15540.0,United Kingdom,11,247.38,1,False,Promising,0
15542.0,United Kingdom,148,918.45,3,False,High-Potential,3
15543.0,United Kingdom,95,114.98,1,False,At Risk,1
15545.0,United Kingdom,7,135.32999999999998,1,False,Promising,0
15546.0,United Kingdom,242,1079.1000000000001,2,False,High-Potential,3
15548.0,United Kingdom,231,158.09,1,False,At Risk,1
15549.0,United Kingdom,57,652.7,5,False,High-Potential,3
15550.0,United Kingdom,14,1643.17,8,False,Loyalists,2
15551.0,United Kingdom,30,1274.02,6,False,Loyalists,2
15552.0,United Kingdom,259,162.4,1,False,At Risk,1
15558.0,United Kingdom,275,214.13,1,False,At Risk,1
15559.0,United Kingdom,204,1109.4,1,False,High-Potential,3
15560.0,United Kingdom,33,153.52,2,False,Promising,0
15561.0,United Kingdom,19,1133.8,4,False,Loyalists,2
15562.0,United Kingdom,60,538.83,2,False,High-Potential,3
15563.0,United Kingdom,150,1466.56,3,False,High-Potential,3
15564.0,United Kingdom,99,70.74000000000001,2,False,At Risk,1
15566.0,United Kingdom,28,227.87,2,False,Promising,0
15569.0,United Kingdom,26,2210.64,5,False,Loyalists,2
15571.0,United Kingdom,22,3401.2,10,False,Loyalists,2
15572.0,United Kingdom,16,1515.81,3,False,Loyalists,2
15573.0,United Kingdom,254,599.73,3,False,High-Potential,3
15574.0,United Kingdom,8,816.4499999999999,3,False,Promising,0
15575.0,United Kingdom,255,30.1,1,False,At Risk,1
15577.0,United Kingdom,359,139.1,2,False,At Risk,1
15579.0,United Kingdom,19,953.9,3,False,High-Potential,3
15580.0,United Kingdom,12,1381.19,8,False,Loyalists,2
15583.0,United Kingdom,12,107.86,1,False,Promising,0
15584.0,United Kingdom,35,552.39,2,False,Promising,0
15586.0,United Kingdom,228,1139.1000000000001,3,False,High-Potential,3
15587.0,United Kingdom,28,608.4,3,False,Promising,0
15588.0,United Kingdom,313,579.6,1,False,At Risk,1
15590.0,United Kingdom,18,1496.6,5,False,Loyalists,2
15591.0,United Kingdom,218,217.9,3,False,At Risk,1
15595.0,United Kingdom,123,357.59999999999997,1,False,At Risk,1
15596.0,United Kingdom,1,1723.45,5,False,Loyalists,2
15597.0,United Kingdom,211,238.8,1,False,At Risk,1
15598.0,United Kingdom,63,307.34,1,False,At Risk,1
15599.0,United Kingdom,81,488.32,1,False,At Risk,1
15600.0,United Kingdom,64,1199.31,4,False,High-Potential,3
15602.0,United Kingdom,4,1932.64,8,False,Loyalists,2
15603.0,United Kingdom,284,40.0,1,False,At Risk,1
15605.0,United Kingdom,9,738.57,5,False,Loyalists,2
15606.0,United Kingdom,26,2310.83,8,False,Loyalists,2
15607.0,United Kingdom,179,1604.21,8,False,High-Potential,3
15608.0,United Kingdom,51,692.3,1,False,Promising,0
15611.0,United Kingdom,19,1405.83,13,False,Loyalists,2
15613.0,United Kingdom,246,433.71999999999997,1,False,At Risk,1
15614.0,United Kingdom,73,3147.36,4,False,High-Potential,3
15616.0,United Kingdom,74,317.11,1,False,At Risk,1
15617.0,United Kingdom,32,828.5500000000001,3,False,High-Potential,3
15620.0,United Kingdom,45,389.18,1,False,Promising,0
15623.0,United Kingdom,29,2136.02,7,False,Loyalists,2
15625.0,United Kingdom,12,1702.1399999999999,5,False,Loyalists,2
15626.0,United Kingdom,57,391.72,1,False,Promising,0
15627.0,United Kingdom,93,566.9,2,False,High-Potential,3
15628.0,United Kingdom,2,2782.02,9,False,Loyalists,2
15629.0,United Kingdom,86,2240.9,4,False,High-Potential,3
15630.0,United Kingdom,280,295.05,1,False,At Risk,1
15631.0,United Kingdom,278,596.67,1,False,At Risk,1
15634.0,United Kingdom,19,311.1,1,False,Promising,0
15635.0,United Kingdom,31,100.35,1,False,Promising,0
15636.0,United Kingdom,73,719.82,2,False,High-Potential,3
15637.0,United Kingdom,49,574.23,4,False,High-Potential,3
15638.0,United Kingdom,14,2265.2,6,False,Loyalists,2
15639.0,United Kingdom,87,639.76,2,False,High-Potential,3
15641.0,United Kingdom,32,3458.35,8,False,Loyalists,2
15642.0,United Kingdom,365,105.78,1,False,At Risk,1
15645.0,United Kingdom,50,443.16,2,False,Promising,0
15646.0,United Kingdom,8,526.97,3,False,Promising,0
15647.0,United Kingdom,51,169.0,1,False,At Risk,1
15649.0,United Kingdom,3,1354.35,3,False,Loyalists,2
15650.0,United Kingdom,157,553.88,2,False,High-Potential,3
15651.0,United Kingdom,56,612.76,2,False,High-Potential,3
15652.0,United Kingdom,23,1082.6,4,False,Loyalists,2
15658.0,United Kingdom,8,1399.3700000000001,4,False,Loyalists,2
15659.0,United Kingdom,22,226.04,2,False,Promising,0
15660.0,United Kingdom,1,1212.13,7,False,Loyalists,2
15661.0,United Kingdom,15,906.15,6,False,Loyalists,2
15662.0,United Kingdom,297,283.73,2,False,At Risk,1
15664.0,United Kingdom,85,867.6,3,False,High-Potential,3
15665.0,United Kingdom,47,1773.11,3,False,High-Potential,3
15666.0,United Kingdom,108,632.94,2,False,High-Potential,3
15670.0,United Kingdom,192,152.15,1,False,At Risk,1
15672.0,United Kingdom,361,45.300000000000004,1,False,At Risk,1
15673.0,United Kingdom,87,3533.77,5,False,High-Potential,3
15675.0,United Kingdom,40,218.35,1,False,Promising,0
15677.0,United Kingdom,57,648.4,2,False,High-Potential,3
15678.0,United Kingdom,31,1541.19,2,False,High-Potential,3
15680.0,United Kingdom,2,3173.9,8,False,Loyalists,2
15681.0,United Kingdom,15,1563.54,9,False,Loyalists,2
15682.0,United Kingdom,235,318.24,2,False,At Risk,1
15683.0,United Kingdom,109,330.79,1,False,At Risk,1
15684.0,United Kingdom,183,173.95,3,False,At Risk,1
15685.0,United Kingdom,86,55.980000000000004,1,False,At Risk,1
15686.0,United Kingdom,56,90.0,1,False,At Risk,1
15688.0,United Kingdom,54,190.57,1,False,At Risk,1
15689.0,United Kingdom,253,266.93,1,False,At Risk,1
15691.0,United Kingdom,30,434.5,3,False,Promising,0
15693.0,United Kingdom,295,37.5,1,False,At Risk,1
15695.0,United Kingdom,233,721.0600000000001,2,False,High-Potential,3
15696.0,United Kingdom,59,1170.1100000000001,5,False,High-Potential,3
15697.0,United Kingdom,325,246.75,1,False,At Risk,1
15698.0,United Kingdom,260,46.2,1,False,At Risk,1
15702.0,Nigeria,112,140.39,2,False,At Risk,1
15704.0,United Kingdom,138,1524.3400000000001,2,False,High-Potential,3
15708.0,United Kingdom,5,1014.48,3,False,Loyalists,2
15709.0,United Kingdom,225,194.6,1,False,At Risk,1
15710.0,United Kingdom,53,898.87,1,False,Promising,0
15711.0,United Kingdom,192,420.25,2,False,At Risk,1
15712.0,United Kingdom,15,2400.05,7,False,Loyalists,2
15713.0,United Kingdom,2,654.09,3,False,Loyalists,2
15714.0,United Kingdom,89,453.93,3,False,High-Potential,3
15715.0,United Kingdom,191,658.02,5,False,High-Potential,3
15716.0,United Kingdom,5,1938.0,8,False,Loyalists,2
15717.0,United Kingdom,57,456.70000000000005,4,False,High-Potential,3
15718.0,United Kingdom,176,293.79,1,False,At Risk,1
15720.0,United Kingdom,186,143.19,1,False,At Risk,1
15722.0,United Kingdom,81,3035.54,6,False,High-Potential,3
15723.0,United Kingdom,47,744.55,3,False,High-Potential,3
15724.0,United Kingdom,36,92.6,1,False,Promising,0
15726.0,United Kingdom,26,321.91,1,False,Promising,0
15728.0,United Kingdom,15,544.6,2,False,Promising,0
15729.0,United Kingdom,36,107.55000000000001,2,False,Promising,0
15730.0,United Kingdom,17,605.7,2,False,Promising,0
15731.0,United Kingdom,189,125.3,1,False,At Risk,1
15732.0,United Kingdom,8,1387.95,9,False,Loyalists,2
15734.0,United Kingdom,72,923.85,2,False,High-Potential,3
15735.0,United Kingdom,57,327.68,1,False,Promising,0
15736.0,United Kingdom,71,1815.72,2,False,High-Potential,3
15741.0,United Kingdom,94,208.62,2,False,At Risk,1
15742.0,United Kingdom,255,156.87,1,False,At Risk,1
15747.0,United Kingdom,11,1588.57,6,False,Loyalists,2
15748.0,United Kingdom,85,465.45,2,False,High-Potential,3
15751.0,United Kingdom,96,1380.44,11,False,Loyalists,2
15752.0,United Kingdom,8,1570.16,3,False,Loyalists,2
15754.0,United Kingdom,129,2579.04,6,False,High-Potential,3
15755.0,United Kingdom,15,3628.87,11,False,Loyalists,2
15757.0,United Kingdom,22,2225.94,4,False,Loyalists,2
15759.0,United Kingdom,147,577.89,4,False,High-Potential,3
15761.0,United Kingdom,78,143.05,1,False,At Risk,1
15764.0,United Kingdom,70,1223.1100000000001,2,False,High-Potential,3
15765.0,United Kingdom,302,370.63,1,False,At Risk,1
15766.0,United Kingdom,92,516.0,2,False,High-Potential,3
15770.0,United Kingdom,248,321.45,1,False,At Risk,1
15771.0,United Kingdom,240,1006.54,3,False,High-Potential,3
15772.0,United Kingdom,54,280.88,1,False,Promising,0
15773.0,United Kingdom,45,138.84,1,False,At Risk,1
15774.0,United Kingdom,54,1059.14,5,False,High-Potential,3
15775.0,United Kingdom,267,45.599999999999994,1,False,At Risk,1
15777.0,United Kingdom,32,715.5,3,False,High-Potential,3
15778.0,United Kingdom,67,307.95000000000005,1,False,At Risk,1
15779.0,United Kingdom,99,124.08000000000001,2,False,At Risk,1
15782.0,United Kingdom,66,1399.36,1,False,High-Potential,3
15784.0,United Kingdom,103,848.33,2,False,High-Potential,3
15785.0,United Kingdom,15,3640.96,11,False,Loyalists,2
15786.0,United Kingdom,53,3582.62,2,False,High-Potential,3
15788.0,United Kingdom,144,221.83,1,False,At Risk,1
15789.0,United Kingdom,67,1610.71,5,False,High-Potential,3
15791.0,United Kingdom,165,1995.65,3,False,High-Potential,3
15792.0,United Kingdom,35,933.84,2,False,High-Potential,3
15793.0,United Kingdom,14,1433.96,5,False,Loyalists,2
15794.0,United Kingdom,372,777.0,2,False,High-Potential,3
15795.0,United Kingdom,66,1369.8600000000001,7,False,High-Potential,3
15796.0,United Kingdom,10,2464.27,9,False,Loyalists,2
15797.0,United Kingdom,217,613.6800000000001,2,False,High-Potential,3
15798.0,United Kingdom,128,1535.37,3,False,High-Potential,3
15799.0,United Kingdom,54,540.15,1,False,Promising,0
15800.0,United Kingdom,89,543.5,5,False,High-Potential,3
15803.0,United Kingdom,81,1513.84,3,False,High-Potential,3
15807.0,United Kingdom,44,913.62,2,False,High-Potential,3
15809.0,United Kingdom,95,758.6700000000001,2,False,High-Potential,3
15810.0,United Kingdom,22,1607.06,4,False,Loyalists,2
15811.0,United Kingdom,1,1671.9,2,False,Loyalists,2
15812.0,United Kingdom,71,3400.33,7,False,Loyalists,2
15814.0,United Kingdom,29,689.11,2,False,Promising,0
15816.0,United Kingdom,178,144.15,2,False,At Risk,1
15817.0,United Kingdom,56,2766.4,3,False,High-Potential,3
15818.0,United Kingdom,224,340.5,1,False,At Risk,1
15819.0,United Kingdom,67,2029.3400000000001,6,False,High-Potential,3
15822.0,United Kingdom,129,954.59,4,False,High-Potential,3
15824.0,United Kingdom,89,890.94,2,False,High-Potential,3
15826.0,United Kingdom,204,943.97,1,False,At Risk,1
15827.0,United Kingdom,8,1957.98,16,False,Loyalists,2
15828.0,United Kingdom,11,1108.82,1,False,Promising,0
15833.0,United Kingdom,373,80.4,1,False,At Risk,1
15834.0,United Kingdom,12,1539.24,3,False,Loyalists,2
15837.0,United Kingdom,121,385.03000000000003,1,False,At Risk,1
15841.0,United Kingdom,22,1518.35,5,False,Loyalists,2
15842.0,United Kingdom,29,548.8000000000001,2,False,Promising,0
15845.0,United Kingdom,172,714.51,3,False,High-Potential,3
15846.0,United Kingdom,21,107.01,1,False,Promising,0
15847.0,United Kingdom,64,433.3,3,False,High-Potential,3
15848.0,United Kingdom,257,139.94,1,False,At Risk,1
15850.0,United Kingdom,12,819.87,4,False,Loyalists,2
15851.0,United Kingdom,162,109.73,1,False,At Risk,1
15852.0,United Kingdom,162,96.55,1,False,At Risk,1
15854.0,United Kingdom,12,2609.16,9,False,Loyalists,2
15855.0,United Kingdom,112,340.48,1,False,At Risk,1
15857.0,United Kingdom,66,273.48,1,False,At Risk,1
15858.0,United Kingdom,3,2521.52,9,False,Loyalists,2
15859.0,United Kingdom,68,438.46,1,False,Promising,0
15860.0,United Kingdom,4,1528.0,10,False,Loyalists,2
15861.0,United Kingdom,92,1236.43,4,False,High-Potential,3
15862.0,United Kingdom,9,2095.41,10,False,Loyalists,2
15863.0,United Kingdom,253,289.86,3,False,At Risk,1
15864.0,United Kingdom,17,244.44,1,False,Promising,0
15865.0,United Kingdom,49,1353.79,2,False,High-Potential,3
15868.0,United Kingdom,219,94.53,1,False,At Risk,1
15869.0,United Kingdom,262,174.02,1,False,At Risk,1
15870.0,United Kingdom,32,508.52000000000004,3,False,Promising,0
15871.0,United Kingdom,73,33.099999999999994,1,False,At Risk,1
15872.0,United Kingdom,14,434.75,2,False,Promising,0
15873.0,United Kingdom,135,313.91999999999996,4,False,High-Potential,3
15875.0,United Kingdom,282,111.72,1,False,At Risk,1
15876.0,United Kingdom,45,1449.14,2,False,High-Potential,3
15878.0,United Kingdom,197,330.77,2,False,At Risk,1
15879.0,United Kingdom,40,1157.3,4,False,High-Potential,3
15880.0,United Kingdom,5,343.28,1,False,Promising,0
15882.0,United Kingdom,4,979.62,6,False,Loyalists,2
15884.0,United Kingdom,68,249.70000000000002,2,False,At Risk,1
15885.0,United Kingdom,19,1572.47,12,False,Loyalists,2
15886.0,United Kingdom,52,871.78,3,False,High-Potential,3
15887.0,United Kingdom,42,1027.15,3,False,High-Potential,3
15888.0,United Kingdom,36,260.85,2,False,Promising,0
15889.0,United Kingdom,5,1359.41,7,False,Loyalists,2
15890.0,United Kingdom,30,535.65,5,False,High-Potential,3
15892.0,United Kingdom,305,128.2,1,False,At Risk,1
15893.0,United Kingdom,117,305.28000000000003,1,False,At Risk,1
15894.0,United Kingdom,5,156.74,1,False,Promising,0
15899.0,United Kingdom,4,56.25,1,False,Promising,0
15900.0,United Kingdom,49,549.29,3,False,High-Potential,3
15901.0,United Kingdom,87,339.34,4,False,High-Potential,3
15902.0,United Kingdom,16,145.01,1,False,Promising,0
15903.0,United Kingdom,14,3813.08,5,False,Loyalists,2
15905.0,United Kingdom,179,114.69,1,False,At Risk,1
15906.0,United Kingdom,10,987.95,3,False,Loyalists,2
15908.0,United Kingdom,126,764.57,2,False,High-Potential,3
15910.0,United Kingdom,36,1449.62,7,False,Loyalists,2
15911.0,United Kingdom,259,1702.34,8,False,High-Potential,3
15912.0,United Kingdom,72,810.08,7,False,High-Potential,3
15913.0,United Kingdom,170,6.300000000000001,1,False,At Risk,1
15914.0,United Kingdom,14,205.99,2,False,Promising,0
15915.0,United Kingdom,37,429.21,1,False,Promising,0
15916.0,United Kingdom,2,1899.08,7,False,Loyalists,2
15917.0,United Kingdom,242,437.53,4,False,High-Potential,3
15918.0,United Kingdom,267,248.65,1,False,At Risk,1
15919.0,United Kingdom,4,270.72,1,False,Promising,0
15920.0,United Kingdom,60,404.14,5,False,High-Potential,3
15921.0,United Kingdom,32,466.08,3,False,Promising,0
15922.0,United Kingdom,9,369.5,1,False,Promising,0
15923.0,United Kingdom,8,127.08,1,False,Promising,0
15924.0,United Kingdom,367,102.82,1,False,At Risk,1
15926.0,United Kingdom,178,134.44,1,False,At Risk,1
15927.0,United Kingdom,283,123.39000000000001,1,False,At Risk,1
15928.0,United Kingdom,292,293.53,1,False,At Risk,1
15929.0,United Kingdom,280,594.0,1,False,At Risk,1
15931.0,United Kingdom,64,239.9,1,False,At Risk,1
15934.0,United Kingdom,53,2190.66,2,False,High-Potential,3
15936.0,United Kingdom,15,282.79,2,False,Promising,0
15938.0,United Kingdom,92,330.23,4,False,High-Potential,3
15939.0,United Kingdom,10,2945.38,1,False,Promising,0
15941.0,United Kingdom,273,405.0,1,False,At Risk,1
15943.0,United Kingdom,285,271.28999999999996,2,False,At Risk,1
15944.0,United Kingdom,29,1839.14,3,False,High-Potential,3
15945.0,United Kingdom,1,646.27,4,False,Loyalists,2
15946.0,United Kingdom,138,2304.18,3,False,High-Potential,3
15948.0,United Kingdom,60,553.85,1,False,Promising,0
15951.0,United Kingdom,17,304.95,1,False,Promising,0
15953.0,United Kingdom,5,2010.17,11,False,Loyalists,2
15954.0,United Kingdom,225,190.75,1,False,At Risk,1
15956.0,United Kingdom,187,617.6,2,False,High-Potential,3
15957.0,United Kingdom,56,501.21,2,False,Promising,0
15958.0,United Kingdom,39,388.64,3,False,Promising,0
15959.0,United Kingdom,318,579.49,3,False,High-Potential,3
15960.0,United Kingdom,10,410.95,4,False,Promising,0
15961.0,United Kingdom,15,451.28999999999996,1,False,Promising,0
15962.0,United Kingdom,85,295.83,1,False,At Risk,1
15964.0,United Kingdom,299,272.96000000000004,1,False,At Risk,1
15965.0,United Kingdom,3,2167.45,10,False,Loyalists,2
15966.0,United Kingdom,86,426.53,1,False,At Risk,1
15967.0,United Kingdom,15,2622.77,10,False,Loyalists,2
15968.0,United Kingdom,24,418.05,1,False,Promising,0
15969.0,United Kingdom,61,460.95,2,False,Promising,0
15970.0,United Kingdom,234,703.22,1,False,At Risk,1
15971.0,United Kingdom,21,1702.98,6,False,Loyalists,2
15972.0,United Kingdom,92,1810.27,5,False,High-Potential,3
15973.0,United Kingdom,2,680.62,3,False,Loyalists,2
15976.0,United Kingdom,46,1315.7,4,False,High-Potential,3
15978.0,United Kingdom,68,2180.64,2,False,High-Potential,3
15979.0,United Kingdom,238,329.21999999999997,1,False,At Risk,1
15982.0,United Kingdom,241,324.51,1,False,At Risk,1
15983.0,United Kingdom,1,2483.8,6,False,Loyalists,2
15985.0,United Kingdom,72,1572.8600000000001,5,False,High-Potential,3
15986.0,United Kingdom,17,186.3,1,False,Promising,0
15987.0,United Kingdom,4,230.85,2,False,Promising,0
15988.0,United Kingdom,187,612.0600000000001,2,False,High-Potential,3
15989.0,United Kingdom,11,372.51,2,False,Promising,0
15990.0,United Kingdom,130,1217.94,5,False,High-Potential,3
15991.0,United Kingdom,170,150.55,1,False,At Risk,1
15992.0,United Kingdom,32,854.61,2,False,Promising,0
15994.0,United Kingdom,47,775.11,2,False,High-Potential,3
15995.0,United Kingdom,50,696.19,1,False,Promising,0
15996.0,United Kingdom,2,626.22,2,False,Promising,0
15999.0,United Kingdom,371,20.4,1,False,At Risk,1
16001.0,United Kingdom,17,583.39,1,False,Promising,0
16002.0,United Kingdom,261,169.21,1,False,At Risk,1
16003.0,United Kingdom,17,2878.46,5,False,Loyalists,2
16004.0,United Kingdom,110,2146.39,5,False,High-Potential,3
16005.0,United Kingdom,11,1820.83,6,False,Loyalists,2
16006.0,United Kingdom,23,245.77,1,False,Promising,0
16007.0,United Kingdom,19,1373.2,3,False,Loyalists,2
16010.0,United Kingdom,12,1316.56,8,False,Loyalists,2
16011.0,United Kingdom,2,2517.75,14,False,Loyalists,2
16012.0,United Kingdom,37,1574.5,2,False,High-Potential,3
16014.0,United Kingdom,44,467.89,2,False,Promising,0
16016.0,United Kingdom,2,1025.18,4,False,Loyalists,2
16017.0,United Kingdom,53,1341.95,4,False,High-Potential,3
16018.0,United Kingdom,32,289.23,2,False,Promising,0
16021.0,United Kingdom,31,532.25,2,False,Promising,0
16024.0,United Kingdom,47,232.96,2,False,Promising,0
16027.0,United Kingdom,93,1113.74,9,False,High-Potential,3
16028.0,United Kingdom,231,82.2,1,False,At Risk,1
16032.0,United Kingdom,92,1970.45,6,False,High-Potential,3
16033.0,United Kingdom,5,2019.73,8,False,Loyalists,2
16034.0,United Kingdom,30,491.02,3,False,Promising,0
16035.0,United Kingdom,196,217.73,1,False,At Risk,1
16036.0,United Kingdom,60,1797.92,2,False,High-Potential,3
16037.0,United Kingdom,180,654.32,2,False,High-Potential,3
16039.0,United Kingdom,59,456.4,2,False,Promising,0
16040.0,United Kingdom,66,1103.3500000000001,4,False,High-Potential,3
16042.0,United Kingdom,15,1067.85,3,False,Loyalists,2
16043.0,United Kingdom,15,1082.6,4,False,Loyalists,2
16044.0,United Kingdom,71,340.84000000000003,1,False,At Risk,1
16045.0,United Kingdom,52,2094.23,4,False,High-Potential,3
16046.0,United Kingdom,198,235.78,1,False,At Risk,1
16047.0,EIRE,318,107.14,1,False,At Risk,1
16048.0,United Kingdom,9,818.7900000000001,4,False,Loyalists,2
16049.0,United Kingdom,11,787.89,3,False,Promising,0
16050.0,United Kingdom,19,162.8,2,False,Promising,0
16051.0,United Kingdom,317,188.44,1,False,At Risk,1
16053.0,United Kingdom,49,2122.89,4,False,High-Potential,3
16054.0,United Kingdom,54,1327.98,3,False,High-Potential,3
16057.0,United Kingdom,155,1591.73,3,False,High-Potential,3
16058.0,United Kingdom,42,62.7,1,False,At Risk,1
16059.0,United Kingdom,3,1757.91,7,False,Loyalists,2
16060.0,United Kingdom,36,541.95,3,False,High-Potential,3
16061.0,United Kingdom,67,89.65,1,False,At Risk,1
16062.0,United Kingdom,15,1709.83,4,False,Loyalists,2
16064.0,United Kingdom,361,111.0,1,False,At Risk,1
16065.0,United Kingdom,1,2010.53,8,False,Loyalists,2
16067.0,United Kingdom,198,3395.29,3,False,High-Potential,3
16068.0,United Kingdom,229,122.93,1,False,At Risk,1
16069.0,United Kingdom,53,457.7,1,False,Promising,0
16071.0,United Kingdom,163,750.5600000000001,3,False,High-Potential,3
16072.0,United Kingdom,64,3744.57,3,False,High-Potential,3
16074.0,United Kingdom,26,265.25,1,False,Promising,0
16075.0,United Kingdom,138,736.9300000000001,2,False,High-Potential,3
16077.0,United Kingdom,261,2300.4,1,False,High-Potential,3
16078.0,United Kingdom,305,283.79,1,False,At Risk,1
16080.0,United Kingdom,21,385.4,2,False,Promising,0
16081.0,United Kingdom,2,1653.28,4,False,Loyalists,2
16082.0,United Kingdom,306,106.75,1,False,At Risk,1
16083.0,United Kingdom,18,1033.8,2,False,Promising,0
16085.0,United Kingdom,16,1362.02,7,False,Loyalists,2
16086.0,United Kingdom,3,1743.6,6,False,Loyalists,2
16087.0,United Kingdom,25,1739.92,5,False,Loyalists,2
16088.0,United Kingdom,211,1437.43,2,False,High-Potential,3
16089.0,United Kingdom,22,271.44,2,False,Promising,0
16090.0,United Kingdom,260,205.91,1,False,At Risk,1
16092.0,United Kingdom,140,770.08,3,False,High-Potential,3
16094.0,United Kingdom,11,2617.33,7,False,Loyalists,2
16095.0,United Kingdom,92,447.05,1,False,At Risk,1
16096.0,United Kingdom,52,1264.3500000000001,3,False,High-Potential,3
16098.0,United Kingdom,9,2442.47,8,False,Loyalists,2
16099.0,United Kingdom,53,841.3,4,False,High-Potential,3
16100.0,United Kingdom,98,582.64,1,False,At Risk,1
16101.0,United Kingdom,70,1938.46,3,False,High-Potential,3
16104.0,United Kingdom,54,2476.25,8,False,Loyalists,2
16105.0,United Kingdom,74,2049.23,4,False,High-Potential,3
16108.0,United Kingdom,70,1393.42,3,False,High-Potential,3
16109.0,United Kingdom,334,327.59999999999997,1,False,At Risk,1
16110.0,United Kingdom,158,481.79,1,False,At Risk,1
16111.0,United Kingdom,64,562.48,1,False,Promising,0
16115.0,United Kingdom,33,907.17,4,False,High-Potential,3
16117.0,United Kingdom,38,422.19,2,False,Promising,0
16119.0,United Kingdom,30,1297.45,6,False,Loyalists,2
16120.0,United Kingdom,58,1747.77,2,False,High-Potential,3
16121.0,United Kingdom,26,609.98,3,False,Promising,0
16122.0,United Kingdom,2,316.92,3,False,Promising,0
16124.0,United Kingdom,54,1523.49,3,False,High-Potential,3
16127.0,United Kingdom,362,145.06,1,False,At Risk,1
16128.0,United Kingdom,16,1920.8300000000002,6,False,Loyalists,2
16129.0,United Kingdom,43,1396.05,3,False,High-Potential,3
16130.0,United Kingdom,58,987.48,4,False,High-Potential,3
16132.0,United Kingdom,180,664.1999999999999,2,False,High-Potential,3
16134.0,United Kingdom,59,1527.25,3,False,High-Potential,3
16135.0,United Kingdom,219,301.9,1,False,At Risk,1
16136.0,United Kingdom,299,237.42000000000002,1,False,At Risk,1
16137.0,United Kingdom,316,422.7,1,False,At Risk,1
16138.0,United Kingdom,14,910.35,3,False,Promising,0
16139.0,United Kingdom,358,475.74,2,False,At Risk,1
16140.0,United Kingdom,7,832.4200000000001,2,False,Promising,0
16141.0,United Kingdom,53,335.54,1,False,Promising,0
16143.0,United Kingdom,5,2485.89,7,False,Loyalists,2
16145.0,United Kingdom,24,3005.9500000000003,8,False,Loyalists,2
16146.0,United Kingdom,84,212.25,1,False,At Risk,1
16147.0,United Kingdom,36,2023.91,4,False,High-Potential,3
16148.0,United Kingdom,72,310.3,1,False,At Risk,1
16149.0,United Kingdom,65,141.7,1,False,At Risk,1
16150.0,United Kingdom,8,2342.57,6,False,Loyalists,2
16153.0,United Kingdom,56,3309.26,6,False,Loyalists,2
16155.0,United Kingdom,17,796.9,5,False,Loyalists,2
16156.0,United Kingdom,18,3096.14,11,False,Loyalists,2
16158.0,United Kingdom,158,628.32,9,False,High-Potential,3
16159.0,United Kingdom,106,884.59,3,False,High-Potential,3
16163.0,United Kingdom,1,1992.98,5,False,Loyalists,2
16165.0,United Kingdom,141,79.9,1,False,At Risk,1
16166.0,United Kingdom,64,435.83,2,False,Promising,0
16167.0,United Kingdom,50,1386.12,5,False,High-Potential,3
16172.0,United Kingdom,109,744.34,3,False,High-Potential,3
16174.0,United Kingdom,127,1237.2,4,False,High-Potential,3
16175.0,United Kingdom,107,798.85,3,False,High-Potential,3
16176.0,United Kingdom,57,2052.69,4,False,High-Potential,3
16177.0,United Kingdom,72,1915.3600000000001,7,False,Loyalists,2
16178.0,United Kingdom,37,414.7,1,False,Promising,0
16182.0,United Kingdom,74,3354.0,5,False,High-Potential,3
16183.0,United Kingdom,30,739.1,3,False,High-Potential,3
16185.0,United Kingdom,200,115.31,1,False,At Risk,1
16188.0,United Kingdom,44,105.80000000000001,1,False,At Risk,1
16190.0,United Kingdom,30,2508.4700000000003,7,False,Loyalists,2
16192.0,United Kingdom,371,351.3,1,False,At Risk,1
16193.0,United Kingdom,46,315.98,1,False,Promising,0
16194.0,United Kingdom,11,308.6,1,False,Promising,0
16195.0,United Kingdom,359,323.25,1,False,At Risk,1
16196.0,United Kingdom,124,93.3,1,False,At Risk,1
16197.0,United Kingdom,105,2016.71,9,False,Loyalists,2
16198.0,United Kingdom,73,629.36,1,False,Promising,0
16199.0,United Kingdom,28,942.75,7,False,Loyalists,2
16201.0,United Kingdom,51,248.65,1,False,Promising,0
16202.0,United Kingdom,53,2136.72,8,False,Loyalists,2
16203.0,United Kingdom,8,521.64,3,False,Promising,0
16204.0,United Kingdom,16,538.53,2,False,Promising,0
16205.0,United Kingdom,32,1069.23,3,False,High-Potential,3
16206.0,United Kingdom,23,2065.26,9,False,Loyalists,2
16208.0,United Kingdom,30,2776.19,8,False,Loyalists,2
16209.0,United Kingdom,18,1884.16,4,False,Loyalists,2
16211.0,United Kingdom,57,543.5699999999999,2,False,Promising,0
16212.0,United Kingdom,254,603.37,2,False,High-Potential,3
16214.0,United Kingdom,71,975.5,1,False,High-Potential,3
16218.0,United Kingdom,9,1355.29,7,False,Loyalists,2
16219.0,United Kingdom,136,40.8,1,False,At Risk,1
16221.0,United Kingdom,3,1370.65,7,False,Loyalists,2
16222.0,United Kingdom,357,498.50000000000006,1,False,At Risk,1
16223.0,United Kingdom,10,1102.3500000000001,2,False,Promising,0
16224.0,United Kingdom,23,321.24,1,False,Promising,0
16225.0,United Kingdom,38,1771.0900000000001,10,False,Loyalists,2
16226.0,United Kingdom,14,417.05,2,False,Promising,0
16227.0,United Kingdom,130,713.0,2,False,High-Potential,3
16228.0,United Kingdom,21,890.81,3,False,High-Potential,3
16229.0,United Kingdom,17,1857.26,4,False,Loyalists,2
16231.0,United Kingdom,15,1078.22,4,False,Loyalists,2
16232.0,United Kingdom,56,1722.09,3,False,High-Potential,3
16233.0,United Kingdom,2,1429.03,7,False,Loyalists,2
16234.0,United Kingdom,112,333.18,3,False,High-Potential,3
16235.0,United Kingdom,11,1186.4,4,False,Loyalists,2
16237.0,United Kingdom,73,136.65,1,False,At Risk,1
16238.0,United Kingdom,58,63.66,1,False,At Risk,1
16239.0,United Kingdom,18,1078.0,4,False,Loyalists,2
16241.0,United Kingdom,5,1721.44,4,False,Loyalists,2
16244.0,United Kingdom,8,1056.63,1,False,Promising,0
16246.0,United Kingdom,95,827.25,2,False,High-Potential,3
16250.0,United Kingdom,9,401.94,2,False,Promising,0
16251.0,United Kingdom,148,128.31,1,False,At Risk,1
16252.0,United Kingdom,18,295.09000000000003,1,False,Promising,0
16253.0,United Kingdom,56,3626.29,5,False,Loyalists,2
16254.0,United Kingdom,14,985.14,3,False,Loyalists,2
16255.0,United Kingdom,1,2286.89,8,False,Loyalists,2
16256.0,United Kingdom,129,876.9399999999999,2,False,High-Potential,3
16259.0,United Kingdom,46,361.94,3,False,Promising,0
16261.0,United Kingdom,22,312.62,2,False,Promising,0
16262.0,United Kingdom,14,755.15,1,False,Promising,0
16263.0,United Kingdom,59,351.01,1,False,Promising,0
16264.0,United Kingdom,74,837.53,2,False,High-Potential,3
16265.0,United Kingdom,22,1488.17,3,False,High-Potential,3
16266.0,United Kingdom,59,896.06,7,False,High-Potential,3
16267.0,United Kingdom,227,186.66,1,False,At Risk,1
16269.0,United Kingdom,73,717.57,1,False,Promising,0
16271.0,United Kingdom,93,2033.78,5,False,High-Potential,3
16273.0,United Kingdom,284,336.03999999999996,2,False,At Risk,1
16274.0,United Kingdom,9,357.95,1,False,Promising,0
16275.0,United Kingdom,110,1591.24,2,False,High-Potential,3
16276.0,United Kingdom,115,1818.79,2,False,High-Potential,3
16277.0,United Kingdom,369,188.69,1,False,At Risk,1
16278.0,United Kingdom,116,551.46,2,False,High-Potential,3
16280.0,United Kingdom,361,238.05,1,False,At Risk,1
16281.0,United Kingdom,59,1361.96,2,False,High-Potential,3
16282.0,United Kingdom,123,1139.28,2,False,High-Potential,3
16283.0,United Kingdom,54,2833.01,3,False,High-Potential,3
16284.0,United Kingdom,29,205.8,1,False,Promising,0
16285.0,United Kingdom,282,176.9,1,False,At Risk,1
16286.0,United Kingdom,113,328.95,2,False,At Risk,1
16287.0,United Kingdom,12,864.48,4,False,Loyalists,2
16288.0,United Kingdom,106,129.85,1,False,At Risk,1
16289.0,United Kingdom,98,136.31,1,False,At Risk,1
16290.0,United Kingdom,100,2069.3,4,False,High-Potential,3
16291.0,Portugal,318,117.72,1,False,At Risk,1
16292.0,United Kingdom,16,951.51,4,False,Loyalists,2
16293.0,United Kingdom,3,2408.96,6,False,Loyalists,2
16294.0,United Kingdom,112,126.05000000000001,1,False,At Risk,1
16296.0,United Kingdom,262,1313.67,4,False,High-Potential,3
16298.0,United Kingdom,33,487.5,4,False,High-Potential,3
16299.0,United Kingdom,113,193.65,1,False,At Risk,1
16300.0,United Kingdom,66,1392.43,3,False,High-Potential,3
16301.0,United Kingdom,372,107.33,1,False,At Risk,1
16303.0,United Kingdom,28,2567.64,4,False,Loyalists,2
16304.0,United Kingdom,330,381.66,1,False,At Risk,1
16306.0,United Kingdom,3,560.55,2,False,Promising,0
16307.0,United Kingdom,65,1194.92,3,False,High-Potential,3
16308.0,United Kingdom,42,2560.0,3,False,High-Potential,3
16310.0,United Kingdom,50,460.08,2,False,Promising,0
16312.0,United Kingdom,68,171.15,1,False,At Risk,1
16314.0,United Kingdom,25,1491.4,3,False,High-Potential,3
16315.0,United Kingdom,172,176.34,1,False,At Risk,1
16316.0,United Kingdom,16,2806.0,5,False,Loyalists,2
16317.0,United Kingdom,186,850.86,2,False,High-Potential,3
16321.0,Australia,262,230.9,2,False,At Risk,1
16323.0,United Kingdom,213,146.16,1,False,At Risk,1
16325.0,United Kingdom,60,3003.26,9,False,Loyalists,2
16326.0,United Kingdom,19,1716.03,10,False,Loyalists,2
16328.0,United Kingdom,199,310.83,1,False,At Risk,1
16329.0,United Kingdom,63,1703.07,4,False,High-Potential,3
16330.0,United Kingdom,60,382.42,4,False,High-Potential,3
16331.0,United Kingdom,68,2037.7,6,False,High-Potential,3
16332.0,United Kingdom,67,417.21,4,False,High-Potential,3
16334.0,United Kingdom,128,277.48,1,False,At Risk,1
16335.0,United Kingdom,187,2774.0,7,False,High-Potential,3
16336.0,United Kingdom,56,3517.69,4,False,High-Potential,3
16340.0,United Kingdom,75,976.99,2,False,High-Potential,3
16341.0,United Kingdom,73,1878.92,3,False,High-Potential,3
16343.0,United Kingdom,43,316.59,1,False,Promising,0
16344.0,United Kingdom,145,741.3199999999999,3,False,High-Potential,3
16345.0,United Kingdom,119,623.33,1,False,At Risk,1
16346.0,United Kingdom,21,224.51,1,False,Promising,0
16347.0,United Kingdom,24,2621.76,9,False,Loyalists,2
16348.0,United Kingdom,66,328.77,1,False,At Risk,1
16350.0,United Kingdom,10,1137.42,5,False,Loyalists,2
16351.0,United Kingdom,47,3176.13,12,False,Loyalists,2
16353.0,United Kingdom,5,3323.75,16,False,Loyalists,2
16354.0,United Kingdom,15,733.71,3,False,Promising,0
16355.0,United Kingdom,11,416.35,1,False,Promising,0
16356.0,United Kingdom,12,204.10000000000002,3,False,Promising,0
16357.0,United Kingdom,17,209.49,1,False,Promising,0
16358.0,United Kingdom,30,892.1500000000001,1,False,Promising,0
16359.0,United Kingdom,12,946.83,7,False,Loyalists,2
16362.0,United Kingdom,73,212.17000000000002,1,False,At Risk,1
16365.0,United Kingdom,3,1766.78,7,False,Loyalists,2
16366.0,United Kingdom,218,1220.83,3,False,High-Potential,3
16367.0,United Kingdom,19,557.91,1,False,Promising,0
16368.0,United Kingdom,71,142.78,1,False,At Risk,1
16369.0,United Kingdom,72,1111.15,4,False,High-Potential,3
16371.0,United Kingdom,84,157.2,1,False,At Risk,1
16372.0,United Kingdom,45,960.68,3,False,High-Potential,3
16373.0,United Kingdom,18,309.49,2,False,Promising,0
16374.0,United Kingdom,38,1298.42,3,False,High-Potential,3
16375.0,United Kingdom,106,104.0,2,False,At Risk,1
16377.0,United Kingdom,253,632.28,1,False,At Risk,1
16381.0,United Kingdom,31,258.7,2,False,Promising,0
16382.0,United Kingdom,44,353.1,2,False,Promising,0
16383.0,United Kingdom,32,2306.48,5,False,Loyalists,2
16384.0,United Kingdom,65,774.45,2,False,High-Potential,3
16385.0,United Kingdom,2,474.72,3,False,Promising,0
16386.0,United Kingdom,23,785.39,1,False,Promising,0
16387.0,United Kingdom,31,824.19,4,False,High-Potential,3
16388.0,United Kingdom,289,186.05,1,False,At Risk,1
16390.0,United Kingdom,172,467.5,3,False,High-Potential,3
16391.0,United Kingdom,36,1103.61,4,False,High-Potential,3
16392.0,United Kingdom,49,541.86,2,False,Promising,0
16393.0,United Kingdom,5,2515.45,11,False,Loyalists,2
16395.0,United Kingdom,29,2050.95,9,False,Loyalists,2
16396.0,United Kingdom,112,137.8,1,False,At Risk,1
16397.0,United Kingdom,264,127.88,1,False,At Risk,1
16399.0,United Kingdom,25,233.25,1,False,Promising,0
16400.0,United Kingdom,31,2855.5099999999998,8,False,Loyalists,2
16401.0,United Kingdom,15,2750.83,11,False,Loyalists,2
16402.0,United Kingdom,5,211.8,1,False,Promising,0
16406.0,United Kingdom,86,389.61,2,False,At Risk,1
16407.0,United Kingdom,25,694.72,4,False,High-Potential,3
16408.0,United Kingdom,227,231.93,1,False,At Risk,1
16409.0,United Kingdom,16,3680.16,7,False,Loyalists,2
16410.0,United Kingdom,370,130.32,1,False,At Risk,1
16411.0,United Kingdom,5,695.54,3,False,Promising,0
16412.0,United Kingdom,29,495.4,4,False,High-Potential,3
16413.0,United Kingdom,11,266.78000000000003,1,False,Promising,0
16414.0,United Kingdom,67,433.46,3,False,High-Potential,3
16415.0,United Kingdom,219,509.09000000000003,2,False,At Risk,1
16416.0,United Kingdom,26,1921.48,6,False,Loyalists,2
16417.0,United Kingdom,128,35.7,1,False,At Risk,1
16418.0,United Kingdom,44,426.67,2,False,Promising,0
16419.0,United Kingdom,213,515.19,2,False,At Risk,1
16420.0,United Kingdom,32,75.0,1,False,Promising,0
16421.0,United Kingdom,12,526.27,3,False,Promising,0
16424.0,United Kingdom,18,309.5,1,False,Promising,0
16428.0,United Kingdom,49,660.28,3,False,High-Potential,3
16430.0,United Kingdom,17,817.09,6,False,Loyalists,2
16433.0,United Kingdom,44,200.26,1,False,Promising,0
16434.0,United Kingdom,82,1219.49,5,False,High-Potential,3
16435.0,United Kingdom,148,1011.5699999999999,3,False,High-Potential,3
16436.0,United Kingdom,304,329.34,3,False,At Risk,1
16437.0,United Kingdom,17,301.25,2,False,Promising,0
16439.0,United Kingdom,358,310.70000000000005,1,False,At Risk,1
16440.0,United Kingdom,129,216.3,1,False,At Risk,1
16441.0,United Kingdom,53,653.23,3,False,High-Potential,3
16442.0,United Kingdom,240,282.68,2,False,At Risk,1
16443.0,United Kingdom,156,162.24,1,False,At Risk,1
16444.0,United Kingdom,26,3001.91,13,False,Loyalists,2
16445.0,United Kingdom,22,372.22,3,False,Promising,0
16447.0,United Kingdom,226,516.13,2,False,At Risk,1
16448.0,United Kingdom,107,178.98000000000002,1,False,At Risk,1
16450.0,United Kingdom,220,1193.81,2,False,High-Potential,3
16451.0,United Kingdom,197,746.1800000000001,2,False,High-Potential,3
16452.0,United Kingdom,266,332.17,2,False,At Risk,1
16453.0,United Kingdom,166,251.71,2,False,At Risk,1
16454.0,United Kingdom,242,24.05,2,False,At Risk,1
16455.0,United Kingdom,7,2543.19,6,False,Loyalists,2
16458.0,United Kingdom,11,2232.6,12,False,Loyalists,2
16459.0,United Kingdom,365,71.78999999999999,1,False,At Risk,1
16461.0,United Kingdom,226,1463.8,2,False,High-Potential,3
16465.0,United Kingdom,56,746.24,2,False,High-Potential,3
16466.0,United Kingdom,19,2235.13,8,False,Loyalists,2
16467.0,United Kingdom,144,2869.16,7,False,High-Potential,3
16468.0,United Kingdom,106,712.62,2,False,High-Potential,3
16469.0,United Kingdom,150,178.48000000000002,1,False,At Risk,1
16470.0,United Kingdom,32,1696.21,7,False,Loyalists,2
16471.0,United Kingdom,29,966.03,3,False,High-Potential,3
16472.0,United Kingdom,70,789.6,2,False,High-Potential,3
16473.0,United Kingdom,10,154.72,1,False,Promising,0
16476.0,United Kingdom,67,350.35,1,False,At Risk,1
16477.0,United Kingdom,7,1825.56,5,False,Loyalists,2
16481.0,United Kingdom,318,453.38,1,False,At Risk,1
16485.0,United Kingdom,68,1931.03,4,False,High-Potential,3
16486.0,United Kingdom,173,134.36,1,False,At Risk,1
16487.0,United Kingdom,213,209.4,2,False,At Risk,1
16489.0,United Kingdom,16,303.7,2,False,Promising,0
16490.0,United Kingdom,72,205.41000000000003,1,False,At Risk,1
16491.0,United Kingdom,49,801.66,1,False,Promising,0
16492.0,United Kingdom,176,385.56,1,False,At Risk,1
16493.0,United Kingdom,80,780.46,3,False,High-Potential,3
16496.0,United Kingdom,67,731.25,3,False,High-Potential,3
16497.0,United Kingdom,49,3729.59,17,False,Loyalists,2
16499.0,United Kingdom,10,2212.89,6,False,Loyalists,2
16500.0,United Kingdom,10,443.05,3,False,Promising,0
16501.0,United Kingdom,19,1237.23,1,False,Promising,0
16502.0,United Kingdom,256,266.5,2,False,At Risk,1
16503.0,United Kingdom,31,2182.41,7,False,Loyalists,2
16507.0,United Kingdom,208,152.76,1,False,At Risk,1
16508.0,United Kingdom,266,248.8,1,False,At Risk,1
16510.0,United Kingdom,8,1851.9,6,False,Loyalists,2
16511.0,United Kingdom,33,868.76,3,False,High-Potential,3
16515.0,United Kingdom,15,1589.17,5,False,Loyalists,2
16518.0,United Kingdom,57,475.05,2,False,Promising,0
16519.0,United Kingdom,1,341.18,3,False,Promising,0
16520.0,United Kingdom,1,1436.05,4,False,Loyalists,2
16521.0,United Kingdom,51,1148.01,3,False,High-Potential,3
16522.0,United Kingdom,71,433.36,2,False,Promising,0
16523.0,United Kingdom,51,2497.86,7,False,Loyalists,2
16524.0,United Kingdom,82,308.14,2,False,At Risk,1
16526.0,United Kingdom,220,426.85,1,False,At Risk,1
16527.0,United Kingdom,60,1044.38,1,False,Promising,0
16529.0,United Kingdom,113,1556.75,3,False,High-Potential,3
16530.0,United Kingdom,304,48.35,1,False,At Risk,1
16531.0,United Kingdom,17,1053.74,4,False,Loyalists,2
16532.0,United Kingdom,67,2007.84,2,False,High-Potential,3
16534.0,United Kingdom,278,635.9,1,False,At Risk,1
16535.0,United Kingdom,21,407.84,2,False,Promising,0
16537.0,United Kingdom,277,23.35,1,False,At Risk,1
16538.0,United Kingdom,177,399.62,3,False,High-Potential,3
16539.0,United Kingdom,9,2343.2,7,False,Loyalists,2
16540.0,United Kingdom,50,226.70000000000002,1,False,Promising,0
16541.0,United Kingdom,371,424.03,1,False,At Risk,1
16542.0,United Kingdom,37,137.7,1,False,Promising,0
16543.0,United Kingdom,227,292.21,1,False,At Risk,1
16544.0,United Kingdom,155,376.70000000000005,4,False,High-Potential,3
16545.0,United Kingdom,11,350.52,1,False,Promising,0
16547.0,United Kingdom,182,111.71,1,False,At Risk,1
16548.0,United Kingdom,235,30.15,1,False,At Risk,1
16551.0,United Kingdom,59,1315.0,4,False,High-Potential,3
16552.0,United Kingdom,9,95.28999999999999,1,False,Promising,0
16554.0,United Kingdom,22,2004.6200000000001,5,False,Loyalists,2
16555.0,United Kingdom,141,1629.79,4,False,High-Potential,3
16559.0,United Kingdom,33,185.20000000000002,1,False,Promising,0
16560.0,United Kingdom,33,2206.9700000000003,6,False,Loyalists,2
16562.0,United Kingdom,112,223.86,1,False,At Risk,1
16563.0,United Kingdom,36,3345.02,5,False,Loyalists,2
16564.0,United Kingdom,205,87.80000000000001,1,False,At Risk,1
16565.0,United Kingdom,42,599.35,3,False,High-Potential,3
16568.0,United Kingdom,63,1020.9,2,False,High-Potential,3
16569.0,United Kingdom,267,1331.03,4,False,High-Potential,3
16570.0,United Kingdom,15,3695.91,10,False,Loyalists,2
16571.0,United Kingdom,31,2827.05,7,False,Loyalists,2
16574.0,United Kingdom,59,850.34,2,False,High-Potential,3
16576.0,United Kingdom,56,540.87,2,False,Promising,0
16577.0,United Kingdom,302,380.0,1,False,At Risk,1
16578.0,United Kingdom,262,156.6,1,False,At Risk,1
16579.0,United Kingdom,61,295.05,1,False,At Risk,1
16583.0,United Kingdom,9,297.95,2,False,Promising,0
16584.0,United Kingdom,68,2227.59,3,False,High-Potential,3
16585.0,United Kingdom,229,341.59000000000003,2,False,At Risk,1
16586.0,United Kingdom,80,998.83,2,False,High-Potential,3
16588.0,United Kingdom,22,1361.28,4,False,Loyalists,2
16589.0,United Kingdom,86,153.12,1,False,At Risk,1
16590.0,United Kingdom,36,605.9,2,False,Promising,0
16592.0,United Kingdom,11,3694.23,12,False,Loyalists,2
16593.0,United Kingdom,26,741.11,5,False,Loyalists,2
16595.0,United Kingdom,12,1450.02,4,False,Loyalists,2
16596.0,United Kingdom,2,329.48,3,False,Promising,0
16599.0,United Kingdom,21,172.8,1,False,Promising,0
16600.0,United Kingdom,10,1339.89,7,False,Loyalists,2
16601.0,United Kingdom,26,439.45,2,False,Promising,0
16602.0,United Kingdom,24,235.25,1,False,Promising,0
16604.0,United Kingdom,198,432.45000000000005,2,False,At Risk,1
16605.0,United Kingdom,360,60.48,1,False,At Risk,1
16606.0,United Kingdom,40,357.66,2,False,Promising,0
16607.0,United Kingdom,35,2359.16,11,False,Loyalists,2
16608.0,United Kingdom,89,1288.72,2,False,High-Potential,3
16611.0,United Kingdom,39,1655.64,5,False,Loyalists,2
16612.0,United Kingdom,15,2057.77,5,False,Loyalists,2
16614.0,United Kingdom,38,673.6,2,False,Promising,0
16615.0,United Kingdom,262,291.5,1,False,At Risk,1
16619.0,United Kingdom,19,1712.1200000000001,3,False,Loyalists,2
16620.0,United Kingdom,25,1579.97,4,False,Loyalists,2
16622.0,United Kingdom,179,225.4,1,False,At Risk,1
16623.0,United Kingdom,37,885.79,3,False,High-Potential,3
16625.0,United Kingdom,58,1320.95,4,False,High-Potential,3
16628.0,United Kingdom,43,130.05,2,False,Promising,0
16630.0,United Kingdom,43,106.80000000000001,1,False,At Risk,1
16631.0,United Kingdom,117,1892.52,7,False,High-Potential,3
16632.0,United Kingdom,121,406.4,2,False,At Risk,1
16634.0,United Kingdom,8,1596.71,5,False,Loyalists,2
16635.0,United Kingdom,42,473.0,1,False,Promising,0
16636.0,United Kingdom,74,3802.04,4,False,High-Potential,3
16638.0,United Kingdom,4,749.8100000000001,6,False,Loyalists,2
16639.0,United Kingdom,45,490.47,1,False,Promising,0
16640.0,United Kingdom,33,179.4,1,False,Promising,0
16641.0,United Kingdom,337,323.4,1,False,At Risk,1
16642.0,United Kingdom,51,389.12,1,False,Promising,0
16643.0,United Kingdom,58,435.6,1,False,Promising,0
16645.0,United Kingdom,371,160.39,1,False,At Risk,1
16646.0,United Kingdom,85,678.8,1,False,Promising,0
16647.0,United Kingdom,78,327.84,2,False,At Risk,1
16648.0,United Kingdom,91,382.14,2,False,At Risk,1
16649.0,United Kingdom,156,306.58,1,False,At Risk,1
16650.0,United Kingdom,56,1397.69,6,False,High-Potential,3
16651.0,United Kingdom,222,136.2,1,False,At Risk,1
16654.0,United Kingdom,4,1110.2,5,False,Loyalists,2
16655.0,United Kingdom,47,2753.85,7,False,Loyalists,2
16658.0,United Kingdom,4,690.83,6,False,Loyalists,2
16660.0,United Kingdom,58,611.9,3,False,High-Potential,3
16661.0,United Kingdom,176,986.63,4,False,High-Potential,3
16662.0,United Kingdom,30,163.8,1,False,Promising,0
16663.0,United Kingdom,365,165.0,1,False,At Risk,1
16664.0,United Kingdom,205,109.2,1,False,At Risk,1
16666.0,United Kingdom,257,106.96,1,False,At Risk,1
16668.0,United Kingdom,23,555.7,7,False,Loyalists,2
16673.0,United Kingdom,315,188.83,1,False,At Risk,1
16675.0,United Kingdom,77,608.86,2,False,High-Potential,3
16676.0,United Kingdom,38,769.78,2,False,Promising,0
16677.0,United Kingdom,47,880.62,2,False,High-Potential,3
16679.0,United Kingdom,2,663.31,3,False,Loyalists,2
16680.0,United Kingdom,164,637.75,2,False,High-Potential,3
16681.0,United Kingdom,277,151.5,1,False,At Risk,1
16683.0,United Kingdom,169,320.25,1,False,At Risk,1
16686.0,United Kingdom,25,2008.09,9,False,Loyalists,2
16687.0,United Kingdom,26,157.63,1,False,Promising,0
16690.0,United Kingdom,29,127.45,2,False,Promising,0
16691.0,United Kingdom,54,178.83,2,False,Promising,0
16692.0,United Kingdom,44,638.6999999999999,2,False,Promising,0
16693.0,United Kingdom,47,717.45,3,False,High-Potential,3
16694.0,United Kingdom,359,98.30000000000001,1,False,At Risk,1
16695.0,United Kingdom,197,193.15,2,False,At Risk,1
16699.0,United Kingdom,16,994.6,7,False,Loyalists,2
16702.0,United Kingdom,51,1110.83,4,False,High-Potential,3
16704.0,United Kingdom,254,695.66,2,False,High-Potential,3
16707.0,United Kingdom,36,551.11,4,False,High-Potential,3
16711.0,United Kingdom,15,1217.45,4,False,Loyalists,2
16712.0,United Kingdom,37,621.5600000000001,2,False,Promising,0
16714.0,United Kingdom,306,368.27,1,False,At Risk,1
16715.0,United Kingdom,198,323.8,1,False,At Risk,1
16716.0,United Kingdom,266,1248.48,1,False,High-Potential,3
16717.0,United Kingdom,2,3127.85,9,False,Loyalists,2
16718.0,United Kingdom,5,3023.78,5,False,Loyalists,2
16719.0,United Kingdom,4,2182.88,8,False,Loyalists,2
16720.0,United Kingdom,12,640.24,2,False,Promising,0
16723.0,United Kingdom,79,712.48,2,False,High-Potential,3
16724.0,United Kingdom,40,147.35,1,False,Promising,0
16725.0,United Kingdom,7,1101.09,8,False,Loyalists,2
16726.0,United Kingdom,19,706.39,2,False,Promising,0
16727.0,United Kingdom,28,1164.6,3,False,High-Potential,3
16731.0,United Kingdom,284,174.05,1,False,At Risk,1
16732.0,United Kingdom,39,3783.89,3,False,High-Potential,3
16733.0,United Kingdom,165,259.68,1,False,At Risk,1
16736.0,United Kingdom,141,2956.56,5,False,High-Potential,3
16737.0,United Kingdom,213,417.6,1,False,At Risk,1
16739.0,United Kingdom,172,463.43,1,False,At Risk,1
16740.0,United Kingdom,31,236.81,1,False,Promising,0
16741.0,United Kingdom,261,173.06,1,False,At Risk,1
16742.0,United Kingdom,128,2387.71,13,False,Loyalists,2
16743.0,United Kingdom,92,2015.17,7,False,High-Potential,3
16748.0,United Kingdom,24,2121.43,9,False,Loyalists,2
16752.0,United Kingdom,8,207.5,1,False,Promising,0
16755.0,United Kingdom,103,1403.75,4,False,High-Potential,3
16756.0,United Kingdom,40,1072.97,6,False,Loyalists,2
16757.0,United Kingdom,45,163.65,1,False,Promising,0
16760.0,United Kingdom,66,228.0,1,False,At Risk,1
16763.0,United Kingdom,374,352.85,1,False,At Risk,1
16765.0,United Kingdom,18,420.75,1,False,Promising,0
16767.0,United Kingdom,54,2493.2,4,False,High-Potential,3
16768.0,United Kingdom,19,1230.03,6,False,Loyalists,2
16769.0,United Kingdom,114,761.36,3,False,High-Potential,3
16770.0,United Kingdom,8,1162.03,5,False,Loyalists,2
16771.0,United Kingdom,93,1720.79,5,False,High-Potential,3
16772.0,United Kingdom,59,3723.55,3,False,High-Potential,3
16773.0,United Kingdom,72,249.65,2,False,At Risk,1
16774.0,United Kingdom,59,932.93,4,False,High-Potential,3
16775.0,United Kingdom,3,1361.23,6,False,Loyalists,2
16776.0,United Kingdom,51,231.57,1,False,Promising,0
16777.0,United Kingdom,49,1081.41,3,False,High-Potential,3
16780.0,United Kingdom,43,180.36,1,False,Promising,0
16781.0,United Kingdom,8,623.0,2,False,Promising,0
16783.0,United Kingdom,72,391.95,1,False,At Risk,1
16784.0,United Kingdom,12,788.9300000000001,4,False,Loyalists,2
16785.0,United Kingdom,45,533.78,1,False,Promising,0
16786.0,United Kingdom,29,51.84,1,False,At Risk,1
16787.0,United Kingdom,33,1035.43,4,False,High-Potential,3
16788.0,United Kingdom,40,1352.82,3,False,High-Potential,3
16791.0,United Kingdom,19,2316.91,8,False,Loyalists,2
16792.0,United Kingdom,19,513.08,3,False,Promising,0
16794.0,United Kingdom,16,868.1999999999999,5,False,Loyalists,2
16795.0,United Kingdom,1,2077.5099999999998,3,False,Loyalists,2
16797.0,United Kingdom,29,1827.77,5,False,Loyalists,2
16798.0,United Kingdom,190,848.71,3,False,High-Potential,3
16799.0,United Kingdom,68,495.98,2,False,High-Potential,3
16802.0,United Kingdom,315,582.61,2,False,At Risk,1
16805.0,United Kingdom,213,636.65,3,False,High-Potential,3
16807.0,United Kingdom,106,1002.29,3,False,High-Potential,3
16809.0,United Kingdom,68,812.74,4,False,High-Potential,3
16810.0,United Kingdom,56,532.5,1,False,Promising,0
16812.0,United Kingdom,14,1912.65,3,False,Loyalists,2
16815.0,United Kingdom,89,410.97,2,False,High-Potential,3
16817.0,United Kingdom,4,1200.15,5,False,Loyalists,2
16819.0,United Kingdom,101,182.59,2,False,At Risk,1
16821.0,United Kingdom,17,113.35,1,False,Promising,0
16822.0,United Kingdom,322,181.39,1,False,At Risk,1
16823.0,United Kingdom,23,1901.71,6,False,Loyalists,2
16824.0,United Kingdom,29,225.6,1,False,Promising,0
16825.0,United Kingdom,14,1051.71,3,False,Loyalists,2
16827.0,United Kingdom,29,392.13,5,False,High-Potential,3
16829.0,United Kingdom,24,316.1,1,False,Promising,0
16830.0,United Kingdom,78,881.59,3,False,High-Potential,3
16831.0,United Kingdom,200,91.8,1,False,At Risk,1
16832.0,United Kingdom,64,218.46,2,False,At Risk,1
16833.0,United Kingdom,75,1302.51,2,False,High-Potential,3
16834.0,United Kingdom,310,485.5,1,False,At Risk,1
16835.0,United Kingdom,9,1357.56,5,False,Loyalists,2
16836.0,United Kingdom,42,530.5,2,False,Promising,0
16838.0,United Kingdom,166,570.76,2,False,High-Potential,3
16840.0,United Kingdom,239,139.85,2,False,At Risk,1
16841.0,United Kingdom,64,2136.2400000000002,6,False,High-Potential,3
16844.0,United Kingdom,198,614.34,2,False,High-Potential,3
16845.0,United Kingdom,254,253.88,1,False,At Risk,1
16846.0,United Kingdom,213,628.09,2,False,High-Potential,3
16847.0,United Kingdom,254,421.45,1,False,At Risk,1
16848.0,United Kingdom,12,1130.2,3,False,Loyalists,2
16854.0,United Kingdom,53,1408.96,2,False,High-Potential,3
16856.0,United Kingdom,53,323.09000000000003,2,False,Promising,0
16857.0,United Kingdom,78,352.8,1,False,At Risk,1
16859.0,United Kingdom,52,1184.6,5,False,High-Potential,3
16860.0,United Kingdom,88,1610.62,3,False,High-Potential,3
16861.0,United Kingdom,26,772.83,3,False,High-Potential,3
16862.0,United Kingdom,183,662.33,4,False,High-Potential,3
16863.0,United Kingdom,2,495.72,2,False,Promising,0
16864.0,United Kingdom,70,409.25,2,False,Promising,0
16865.0,United Kingdom,37,130.95,1,False,Promising,0
16867.0,United Kingdom,325,76.74000000000001,1,False,At Risk,1
16868.0,United Kingdom,30,393.39,3,False,Promising,0
16870.0,United Kingdom,105,450.16,1,False,At Risk,1
16872.0,United Kingdom,63,533.11,3,False,High-Potential,3
16874.0,United Kingdom,15,217.74,1,False,Promising,0
16875.0,United Kingdom,73,2139.0,6,False,High-Potential,3
16876.0,United Kingdom,39,136.01,1,False,Promising,0
16880.0,United Kingdom,129,321.78000000000003,1,False,At Risk,1
16883.0,United Kingdom,7,2119.86,18,False,Loyalists,2
16884.0,United Kingdom,192,644.08,2,False,High-Potential,3
16885.0,United Kingdom,21,239.23,1,False,Promising,0
16886.0,United Kingdom,92,134.0,1,False,At Risk,1
16887.0,United Kingdom,36,465.84000000000003,2,False,Promising,0
16888.0,United Kingdom,36,437.15,3,False,Promising,0
16889.0,United Kingdom,33,952.23,3,False,High-Potential,3
16890.0,United Kingdom,112,285.41,3,False,At Risk,1
16891.0,United Kingdom,7,1247.1200000000001,7,False,Loyalists,2
16892.0,United Kingdom,190,236.56,2,False,At Risk,1
16893.0,United Kingdom,2,255.84,2,False,Promising,0
16894.0,United Kingdom,138,1324.06,3,False,High-Potential,3
16895.0,United Kingdom,74,902.28,4,False,High-Potential,3
16896.0,United Kingdom,191,103.95,1,False,At Risk,1
16898.0,United Kingdom,4,507.56,3,False,Promising,0
16899.0,United Kingdom,14,439.46000000000004,2,False,Promising,0
16901.0,United Kingdom,365,204.26,1,False,At Risk,1
16903.0,United Kingdom,16,689.04,2,False,Promising,0
16904.0,United Kingdom,3,1378.1,7,False,Loyalists,2
16905.0,United Kingdom,7,1931.72,11,False,Loyalists,2
16906.0,United Kingdom,64,869.03,3,False,High-Potential,3
16907.0,United Kingdom,1,726.25,5,False,Loyalists,2
16908.0,United Kingdom,358,252.59,1,False,At Risk,1
16911.0,United Kingdom,271,255.25,2,False,At Risk,1
16912.0,United Kingdom,57,1904.93,4,False,High-Potential,3
16913.0,United Kingdom,287,310.47,2,False,At Risk,1
16915.0,United Kingdom,22,921.5,5,False,Loyalists,2
16916.0,United Kingdom,8,547.14,3,False,Promising,0
16917.0,United Kingdom,268,1466.31,1,False,High-Potential,3
16918.0,United Kingdom,58,2144.47,10,False,Loyalists,2
16919.0,United Kingdom,4,2529.46,14,False,Loyalists,2
16920.0,United Kingdom,47,355.45,1,False,Promising,0
16921.0,United Kingdom,78,276.88,2,False,At Risk,1
16922.0,United Kingdom,208,611.08,1,False,At Risk,1
16925.0,United Kingdom,176,125.65,1,False,At Risk,1
16926.0,United Kingdom,7,1191.1,5,False,Loyalists,2
16928.0,United Kingdom,9,1265.63,13,False,Loyalists,2
16931.0,United Kingdom,5,629.4,3,False,Promising,0
16932.0,United Kingdom,59,278.77,2,False,Promising,0
16933.0,United Kingdom,25,2618.02,7,False,Loyalists,2
16934.0,United Kingdom,19,1160.06,4,False,Loyalists,2
16935.0,United Kingdom,17,535.1,3,False,Promising,0
16936.0,United Kingdom,21,288.49,1,False,Promising,0
16937.0,United Kingdom,135,202.1,1,False,At Risk,1
16939.0,United Kingdom,124,449.0,3,False,High-Potential,3
16940.0,United Kingdom,86,3377.78,5,False,High-Potential,3
16941.0,United Kingdom,247,33.0,1,False,At Risk,1
16943.0,United Kingdom,175,482.76,2,False,At Risk,1
16944.0,United Kingdom,245,101.36,1,False,At Risk,1
16946.0,United Kingdom,19,1222.04,5,False,Loyalists,2
16947.0,United Kingdom,98,548.73,4,False,High-Potential,3
16948.0,United Kingdom,65,433.75,4,False,High-Potential,3
16950.0,United Kingdom,3,2605.81,8,False,Loyalists,2
16952.0,United Kingdom,77,631.17,3,False,High-Potential,3
16955.0,United Kingdom,4,790.74,4,False,Loyalists,2
16958.0,United Kingdom,71,809.44,1,False,Promising,0
16960.0,United Kingdom,26,1536.3799999999999,5,False,Loyalists,2
16961.0,United Kingdom,24,560.39,2,False,Promising,0
16962.0,United Kingdom,45,251.04,1,False,Promising,0
16964.0,United Kingdom,369,207.85,2,False,At Risk,1
16970.0,United Kingdom,262,71.4,1,False,At Risk,1
16972.0,United Kingdom,18,786.25,2,False,Promising,0
16973.0,United Kingdom,22,127.0,1,False,Promising,0
16974.0,United Kingdom,158,365.5,2,False,At Risk,1
16975.0,United Kingdom,59,926.12,3,False,High-Potential,3
16977.0,United Kingdom,31,496.0,4,False,High-Potential,3
16978.0,United Kingdom,302,424.55,2,False,At Risk,1
16979.0,United Kingdom,19,1007.74,3,False,High-Potential,3
16980.0,United Kingdom,64,394.37,1,False,Promising,0
16983.0,United Kingdom,5,1778.97,5,False,Loyalists,2
16986.0,United Kingdom,81,3015.55,9,False,Loyalists,2
16987.0,United Kingdom,12,910.85,4,False,Loyalists,2
16988.0,United Kingdom,15,256.55,1,False,Promising,0
16990.0,United Kingdom,58,165.0,1,False,At Risk,1
16991.0,United Kingdom,57,1041.21,1,False,Promising,0
16993.0,United Kingdom,99,1950.95,2,False,High-Potential,3
16996.0,United Kingdom,18,666.6500000000001,3,False,Promising,0
16998.0,United Kingdom,80,107.0,1,False,At Risk,1
17000.0,United Kingdom,32,406.3,2,False,Promising,0
17001.0,United Kingdom,12,2651.23,8,False,Loyalists,2
17002.0,United Kingdom,79,1077.82,4,False,High-Potential,3
17003.0,United Kingdom,38,830.16,4,False,High-Potential,3
17004.0,United Kingdom,28,1012.22,2,False,Promising,0
17005.0,United Kingdom,106,742.36,2,False,High-Potential,3
17006.0,United Kingdom,28,854.54,4,False,High-Potential,3
17007.0,United Kingdom,73,230.17000000000002,1,False,At Risk,1
17008.0,United Kingdom,65,81.36,1,False,At Risk,1
17009.0,United Kingdom,187,242.06,1,False,At Risk,1
17011.0,United Kingdom,283,400.8,2,False,At Risk,1
17012.0,United Kingdom,361,384.16,1,False,At Risk,1
17016.0,United Kingdom,212,552.4,1,False,At Risk,1
17018.0,United Kingdom,23,1367.6,4,False,Loyalists,2
17019.0,United Kingdom,4,2739.59,8,False,Loyalists,2
17020.0,United Kingdom,178,935.62,2,False,High-Potential,3
17021.0,United Kingdom,78,1182.22,6,False,High-Potential,3
17022.0,United Kingdom,68,189.0,1,False,At Risk,1
17023.0,United Kingdom,53,800.1800000000001,3,False,High-Potential,3
17025.0,United Kingdom,9,1152.8700000000001,4,False,Loyalists,2
17026.0,United Kingdom,5,54.15,2,False,Promising,0
17027.0,United Kingdom,82,436.82,3,False,High-Potential,3
17028.0,United Kingdom,217,1593.83,3,False,High-Potential,3
17029.0,United Kingdom,18,1421.3,5,False,Loyalists,2
17031.0,United Kingdom,14,2393.5,4,False,Loyalists,2
17032.0,United Kingdom,183,3004.6,8,False,High-Potential,3
17033.0,United Kingdom,33,302.65000000000003,1,False,Promising,0
17034.0,United Kingdom,45,538.4,2,False,Promising,0
17035.0,United Kingdom,227,180.06,2,False,At Risk,1
17036.0,United Kingdom,19,176.9,1,False,Promising,0
17038.0,United Kingdom,51,630.77,1,False,Promising,0
17039.0,United Kingdom,240,1954.99,1,False,High-Potential,3
17040.0,United Kingdom,186,13.52,1,False,At Risk,1
17041.0,United Kingdom,33,604.71,3,False,High-Potential,3
17043.0,United Kingdom,11,881.37,4,False,Loyalists,2
17045.0,United Kingdom,12,488.24,2,False,Promising,0
17046.0,United Kingdom,80,1264.05,4,False,High-Potential,3
17047.0,United Kingdom,67,1188.33,3,False,High-Potential,3
17048.0,United Kingdom,73,1146.33,4,False,High-Potential,3
17050.0,United Kingdom,11,1462.95,5,False,Loyalists,2
17051.0,United Kingdom,82,467.25,3,False,High-Potential,3
17055.0,United Kingdom,81,239.55,1,False,At Risk,1
17056.0,United Kingdom,374,128.60000000000002,1,False,At Risk,1
17057.0,United Kingdom,232,294.74,1,False,At Risk,1
17059.0,United Kingdom,5,2507.4900000000002,5,False,Loyalists,2
17062.0,United Kingdom,1,669.85,4,False,Loyalists,2
17063.0,United Kingdom,43,2177.39,6,False,Loyalists,2
17065.0,United Kingdom,273,194.7,2,False,At Risk,1
17066.0,United Kingdom,362,228.34,1,False,At Risk,1
17067.0,United Kingdom,360,454.54,3,False,High-Potential,3
17069.0,United Kingdom,9,3084.58,6,False,Loyalists,2
17070.0,United Kingdom,46,133.18,1,False,At Risk,1
17071.0,United Kingdom,17,1372.17,4,False,Loyalists,2
17072.0,United Kingdom,261,282.05,1,False,At Risk,1
17074.0,United Kingdom,198,203.05,1,False,At Risk,1
17075.0,United Kingdom,65,1407.61,6,False,High-Potential,3
17076.0,United Kingdom,28,401.67,3,False,Promising,0
17077.0,United Kingdom,214,306.0,1,False,At Risk,1
17080.0,United Kingdom,15,669.91,5,False,Loyalists,2
17081.0,United Kingdom,31,674.23,4,False,High-Potential,3
17082.0,United Kingdom,30,2728.18,4,False,Loyalists,2
17083.0,United Kingdom,45,2644.01,6,False,Loyalists,2
17084.0,United Kingdom,32,2253.22,1,False,High-Potential,3
17087.0,United Kingdom,373,221.53,1,False,At Risk,1
17089.0,United Kingdom,22,128.45,1,False,Promising,0
17090.0,United Kingdom,10,1105.53,6,False,Loyalists,2
17092.0,United Kingdom,73,3817.18,7,False,Loyalists,2
17093.0,United Kingdom,228,235.88,1,False,At Risk,1
17094.0,United Kingdom,59,100.2,1,False,At Risk,1
17095.0,United Kingdom,66,1248.09,4,False,High-Potential,3
17096.0,United Kingdom,19,2737.05,7,False,Loyalists,2
17097.0,Spain,1,386.03,2,False,Promising,0
17098.0,United Kingdom,17,591.07,3,False,Promising,0
17099.0,United Kingdom,169,582.17,1,False,At Risk,1
17101.0,United Kingdom,30,885.32,3,False,High-Potential,3
17103.0,United Kingdom,358,424.3,1,False,At Risk,1
17104.0,United Kingdom,59,474.03000000000003,1,False,Promising,0
17106.0,United Kingdom,25,491.23,1,False,Promising,0
17108.0,United Kingdom,299,174.95,1,False,At Risk,1
17109.0,United Kingdom,42,410.42,2,False,Promising,0
17110.0,United Kingdom,156,347.4,2,False,At Risk,1
17111.0,United Kingdom,61,227.97,1,False,At Risk,1
17112.0,United Kingdom,138,205.17000000000002,1,False,At Risk,1
17113.0,United Kingdom,210,2322.59,6,False,High-Potential,3
17115.0,United Kingdom,184,1923.99,4,False,High-Potential,3
17116.0,United Kingdom,284,389.78,1,False,At Risk,1
17121.0,United Kingdom,38,314.74,1,False,Promising,0
17122.0,United Kingdom,24,432.18,3,False,Promising,0
17123.0,United Kingdom,75,631.87,2,False,High-Potential,3
17126.0,United Kingdom,17,1065.69,4,False,Loyalists,2
17127.0,United Kingdom,64,1155.0300000000002,5,False,High-Potential,3
17129.0,United Kingdom,156,31.85,1,False,At Risk,1
17132.0,United Kingdom,88,1272.8,2,False,High-Potential,3
17134.0,United Kingdom,78,212.1,1,False,At Risk,1
17135.0,United Kingdom,7,814.4300000000001,4,False,Loyalists,2
17136.0,United Kingdom,298,231.68,1,False,At Risk,1
17137.0,United Kingdom,52,1133.63,6,False,High-Potential,3
17141.0,United Kingdom,54,754.33,4,False,High-Potential,3
17142.0,United Kingdom,40,704.75,3,False,High-Potential,3
17143.0,United Kingdom,53,924.11,2,False,High-Potential,3
17145.0,United Kingdom,148,3120.91,4,False,High-Potential,3
17147.0,United Kingdom,88,1485.36,5,False,High-Potential,3
17149.0,United Kingdom,87,143.10000000000002,1,False,At Risk,1
17150.0,United Kingdom,12,1375.65,6,False,Loyalists,2
17151.0,United Kingdom,371,231.90000000000003,1,False,At Risk,1
17152.0,United Kingdom,61,327.0,1,False,Promising,0
17155.0,United Kingdom,163,640.76,5,False,High-Potential,3
17156.0,United Kingdom,127,591.87,1,False,At Risk,1
17158.0,United Kingdom,183,713.03,2,False,High-Potential,3
17159.0,United Kingdom,113,560.71,2,False,High-Potential,3
17161.0,United Kingdom,80,856.01,1,False,High-Potential,3
17163.0,United Kingdom,81,406.68,2,False,Promising,0
17165.0,United Kingdom,17,1635.64,5,False,Loyalists,2
17167.0,United Kingdom,15,867.11,3,False,Promising,0
17168.0,United Kingdom,134,400.2,1,False,At Risk,1
17169.0,United Kingdom,214,320.95,1,False,At Risk,1
17170.0,United Kingdom,10,178.68,2,False,Promising,0
17171.0,United Kingdom,297,159.68,1,False,At Risk,1
17172.0,United Kingdom,66,638.81,2,False,High-Potential,3
17176.0,United Kingdom,162,596.1899999999999,2,False,High-Potential,3
17177.0,United Kingdom,141,119.5,1,False,At Risk,1
17178.0,United Kingdom,367,436.71000000000004,1,False,At Risk,1
17179.0,United Kingdom,18,795.47,3,False,Promising,0
17180.0,United Kingdom,58,1460.95,7,False,Loyalists,2
17181.0,United Kingdom,9,225.45000000000002,2,False,Promising,0
17182.0,United Kingdom,58,321.3,2,False,Promising,0
17184.0,United Kingdom,205,198.41000000000003,2,False,At Risk,1
17185.0,United Kingdom,227,229.46,3,False,At Risk,1
17187.0,United Kingdom,162,263.76,1,False,At Risk,1
17188.0,United Kingdom,82,2118.7000000000003,6,False,High-Potential,3
17189.0,United Kingdom,196,573.23,3,False,High-Potential,3
17190.0,United Kingdom,39,1298.3,5,False,High-Potential,3
17191.0,United Kingdom,4,2740.92,11,False,Loyalists,2
17192.0,United Kingdom,172,77.83,1,False,At Risk,1
17193.0,United Kingdom,22,610.74,2,False,Promising,0
17194.0,United Kingdom,166,549.88,1,False,At Risk,1
17195.0,United Kingdom,291,562.98,1,False,At Risk,1
17196.0,United Kingdom,63,352.9,1,False,Promising,0
17198.0,United Kingdom,1,521.66,2,False,Promising,0
17199.0,United Kingdom,218,145.12,1,False,At Risk,1
17200.0,United Kingdom,23,356.71,4,False,Promising,0
17201.0,United Kingdom,159,899.41,3,False,High-Potential,3
17202.0,United Kingdom,56,160.65,1,False,At Risk,1
17203.0,United Kingdom,24,2012.03,4,False,Loyalists,2
17205.0,United Kingdom,52,615.27,2,False,High-Potential,3
17207.0,United Kingdom,288,303.21999999999997,1,False,At Risk,1
17208.0,United Kingdom,31,115.35,1,False,Promising,0
17209.0,United Kingdom,285,611.6,3,False,High-Potential,3
17210.0,United Kingdom,28,253.37,1,False,Promising,0
17211.0,United Kingdom,5,1729.43,6,False,Loyalists,2
17212.0,United Kingdom,94,567.56,2,False,High-Potential,3
17213.0,United Kingdom,2,2401.07,7,False,Loyalists,2
17215.0,United Kingdom,100,186.15,1,False,At Risk,1
17216.0,United Kingdom,190,65.05,1,False,At Risk,1
17217.0,United Kingdom,255,104.5,1,False,At Risk,1
17218.0,United Kingdom,4,2231.96,9,False,Loyalists,2
17219.0,United Kingdom,52,144.9,1,False,At Risk,1
17220.0,United Kingdom,53,1283.5,7,False,Loyalists,2
17221.0,United Kingdom,227,643.39,3,False,High-Potential,3
17222.0,United Kingdom,113,1250.8600000000001,5,False,High-Potential,3
17223.0,United Kingdom,4,446.74,2,False,Promising,0
17224.0,United Kingdom,137,100.86000000000001,1,False,At Risk,1
17225.0,United Kingdom,217,131.15,1,False,At Risk,1
17226.0,United Kingdom,80,506.63,2,False,High-Potential,3
17227.0,United Kingdom,4,1082.71,7,False,Loyalists,2
17228.0,United Kingdom,3,1271.15,7,False,Loyalists,2
17233.0,United Kingdom,84,369.98,2,False,At Risk,1
17235.0,United Kingdom,8,1354.82,7,False,Loyalists,2
17236.0,United Kingdom,46,1013.13,6,False,High-Potential,3
17237.0,United Kingdom,11,687.39,2,False,Promising,0
17239.0,United Kingdom,23,806.95,3,False,High-Potential,3
17240.0,United Kingdom,232,130.60000000000002,1,False,At Risk,1
17241.0,United Kingdom,21,2744.14,12,False,Loyalists,2
17242.0,United Kingdom,92,1754.24,3,False,High-Potential,3
17244.0,United Kingdom,19,871.14,4,False,Loyalists,2
17245.0,United Kingdom,325,200.18,1,False,At Risk,1
17246.0,United Kingdom,182,38.92,2,False,At Risk,1
17248.0,United Kingdom,117,227.51000000000002,1,False,At Risk,1
17249.0,United Kingdom,64,68.03,1,False,At Risk,1
17251.0,United Kingdom,18,529.15,2,False,Promising,0
17254.0,United Kingdom,37,198.29,1,False,Promising,0
17255.0,United Kingdom,26,500.72,2,False,Promising,0
17256.0,United Kingdom,117,258.93,3,False,At Risk,1
17257.0,United Kingdom,72,192.73,2,False,At Risk,1
17258.0,United Kingdom,32,417.3,2,False,Promising,0
17259.0,United Kingdom,4,1285.97,5,False,Loyalists,2
17260.0,United Kingdom,47,120.95,1,False,At Risk,1
17261.0,United Kingdom,145,230.44,1,False,At Risk,1
17262.0,United Kingdom,2,1504.26,7,False,Loyalists,2
17264.0,United Kingdom,60,279.59,1,False,At Risk,1
17266.0,United Kingdom,135,207.09,2,False,At Risk,1
17268.0,United Kingdom,81,970.25,7,False,High-Potential,3
17269.0,United Kingdom,21,537.46,1,False,Promising,0
17270.0,United Kingdom,105,604.4,2,False,High-Potential,3
17271.0,United Kingdom,372,210.39,1,False,At Risk,1
17273.0,United Kingdom,60,141.12,1,False,At Risk,1
17274.0,United Kingdom,31,465.4,1,False,Promising,0
17275.0,United Kingdom,19,114.52,1,False,Promising,0
17276.0,United Kingdom,38,508.39,1,False,Promising,0
17278.0,United Kingdom,201,25.2,1,False,At Risk,1
17280.0,United Kingdom,74,118.86,1,False,At Risk,1
17281.0,United Kingdom,10,797.85,6,False,Loyalists,2
17282.0,United Kingdom,92,636.25,2,False,High-Potential,3
17283.0,United Kingdom,14,188.46,1,False,Promising,0
17284.0,United Kingdom,25,1140.58,2,False,Promising,0
17285.0,United Kingdom,264,428.34,2,False,At Risk,1
17286.0,United Kingdom,36,241.56,2,False,Promising,0
17287.0,United Kingdom,3,3047.85,16,False,Loyalists,2
17288.0,United Kingdom,26,1080.25,4,False,High-Potential,3
17289.0,United Kingdom,12,1134.98,6,False,Loyalists,2
17290.0,United Kingdom,17,976.2,6,False,Loyalists,2
17292.0,United Kingdom,108,271.75,2,False,At Risk,1
17293.0,United Kingdom,30,1899.1200000000001,8,False,Loyalists,2
17294.0,United Kingdom,305,467.79,2,False,At Risk,1
17296.0,United Kingdom,366,338.13,1,False,At Risk,1
17298.0,United Kingdom,10,459.14,3,False,Promising,0
17299.0,United Kingdom,75,346.97,2,False,Promising,0
17300.0,United Kingdom,26,393.64,2,False,Promising,0
17301.0,United Kingdom,260,132.8,1,False,At Risk,1
17304.0,United Kingdom,170,111.5,1,False,At Risk,1
17305.0,United Kingdom,284,2135.46,1,False,High-Potential,3
17306.0,United Kingdom,29,1151.04,2,False,High-Potential,3
17309.0,United Kingdom,17,247.84,2,False,Promising,0
17310.0,United Kingdom,23,1025.1,2,False,Promising,0
17311.0,United Kingdom,28,2181.71,4,False,Loyalists,2
17314.0,United Kingdom,29,2376.51,9,False,Loyalists,2
17315.0,United Kingdom,11,3358.34,5,False,Loyalists,2
17316.0,United Kingdom,56,124.45,1,False,At Risk,1
17318.0,United Kingdom,361,164.28,1,False,At Risk,1
17319.0,United Kingdom,305,29.099999999999998,1,False,At Risk,1
17320.0,United Kingdom,4,1695.15,4,False,Loyalists,2
17321.0,United Kingdom,30,1040.32,4,False,High-Potential,3
17322.0,United Kingdom,12,922.59,5,False,Loyalists,2
17323.0,United Kingdom,43,644.52,5,False,High-Potential,3
17324.0,United Kingdom,2,1311.64,9,False,Loyalists,2
17325.0,United Kingdom,46,512.77,2,False,Promising,0
17326.0,United Kingdom,44,321.95,2,False,Promising,0
17327.0,United Kingdom,45,152.35,2,False,Promising,0
17328.0,United Kingdom,309,104.7,1,False,At Risk,1
17329.0,United Kingdom,367,481.32,3,False,High-Potential,3
17330.0,United Kingdom,180,59.900000000000006,2,False,At Risk,1
17332.0,United Kingdom,164,838.27,5,False,High-Potential,3
17334.0,United Kingdom,42,328.13,1,False,Promising,0
17335.0,United Kingdom,19,508.0,2,False,Promising,0
17336.0,United Kingdom,108,81.12,1,False,At Risk,1
17339.0,United Kingdom,1,119.0,2,False,Promising,0
17341.0,United Kingdom,2,1108.47,3,False,Loyalists,2
17342.0,United Kingdom,15,1227.54,4,False,Loyalists,2
17343.0,United Kingdom,12,1066.3,5,False,Loyalists,2
17344.0,United Kingdom,364,307.54,1,False,At Risk,1
17345.0,United Kingdom,11,1066.94,6,False,Loyalists,2
17346.0,United Kingdom,9,2646.44,12,False,Loyalists,2
17348.0,United Kingdom,73,1316.89,4,False,High-Potential,3
17349.0,United Kingdom,16,741.5,4,False,Loyalists,2
17350.0,United Kingdom,30,619.971,3,False,High-Potential,3
17351.0,United Kingdom,63,1401.08,9,False,Loyalists,2
17352.0,United Kingdom,332,36.25,1,False,At Risk,1
17353.0,United Kingdom,127,1502.0,2,False,High-Potential,3
17354.0,United Kingdom,64,1750.3999999999999,3,False,High-Potential,3
17355.0,United Kingdom,22,285.11,1,False,Promising,0
17356.0,United Kingdom,190,768.25,4,False,High-Potential,3
17358.0,United Kingdom,12,500.2,3,False,Promising,0
17359.0,United Kingdom,284,156.6,1,False,At Risk,1
17360.0,United Kingdom,21,645.59,3,False,Promising,0
17361.0,United Kingdom,312,392.44,2,False,At Risk,1
17362.0,United Kingdom,36,711.8100000000001,5,False,High-Potential,3
17363.0,United Kingdom,31,940.86,3,False,High-Potential,3
17365.0,United Kingdom,22,3423.42,7,False,Loyalists,2
17366.0,United Kingdom,68,1096.24,2,False,High-Potential,3
17368.0,United Kingdom,11,913.47,6,False,Loyalists,2
17369.0,United Kingdom,91,979.2,1,False,High-Potential,3
17371.0,United Kingdom,259,238.66,3,False,At Risk,1
17372.0,United Kingdom,17,3034.88,20,False,Loyalists,2
17373.0,United Kingdom,54,520.58,3,False,High-Potential,3
17374.0,United Kingdom,31,231.34,1,False,Promising,0
17375.0,United Kingdom,67,260.45,1,False,At Risk,1
17376.0,United Kingdom,40,250.44,2,False,Promising,0
17378.0,United Kingdom,10,10.95,1,False,Promising,0
17380.0,United Kingdom,70,645.0,3,False,High-Potential,3
17382.0,United Kingdom,71,836.88,7,False,High-Potential,3
17383.0,United Kingdom,89,110.7,1,False,At Risk,1
17384.0,United Kingdom,103,171.15,1,False,At Risk,1
17386.0,United Kingdom,21,126.35000000000001,1,False,Promising,0
17388.0,United Kingdom,56,1432.01,7,False,Loyalists,2
17390.0,United Kingdom,56,149.3,1,False,At Risk,1
17392.0,United Kingdom,86,168.65,1,False,At Risk,1
17393.0,United Kingdom,46,381.15000000000003,2,False,Promising,0
17395.0,United Kingdom,144,97.5,1,False,At Risk,1
17396.0,United Kingdom,7,1476.3,7,False,Loyalists,2
17397.0,United Kingdom,52,536.77,1,False,Promising,0
17400.0,United Kingdom,217,2547.09,3,False,High-Potential,3
17401.0,United Kingdom,177,114.85,1,False,At Risk,1
17402.0,United Kingdom,5,2462.33,12,False,Loyalists,2
17403.0,United Kingdom,86,118.95,1,False,At Risk,1
17406.0,United Kingdom,2,2704.63,11,False,Loyalists,2
17407.0,United Kingdom,47,552.9,1,False,Promising,0
17408.0,United Kingdom,136,283.44,2,False,At Risk,1
17411.0,United Kingdom,22,646.44,2,False,Promising,0
17412.0,United Kingdom,8,3159.46,10,False,Loyalists,2
17413.0,United Kingdom,40,560.14,2,False,Promising,0
17414.0,United Kingdom,59,1471.52,4,False,High-Potential,3
17417.0,United Kingdom,184,164.18,1,False,At Risk,1
17418.0,United Kingdom,23,206.6,1,False,Promising,0
17419.0,United Kingdom,3,2273.95,8,False,Loyalists,2
17420.0,United Kingdom,9,485.6,4,False,Loyalists,2
17421.0,United Kingdom,22,1059.41,3,False,High-Potential,3
17422.0,United Kingdom,17,1615.39,5,False,Loyalists,2
17423.0,United Kingdom,29,420.54,1,False,Promising,0
17426.0,United Kingdom,88,3040.51,7,False,Loyalists,2
17429.0,United Kingdom,32,832.54,2,False,Promising,0
17430.0,United Kingdom,1,469.40999999999997,3,False,Promising,0
17432.0,United Kingdom,21,1385.6299999999999,7,False,Loyalists,2
17433.0,United Kingdom,21,266.8,1,False,Promising,0
17435.0,United Kingdom,47,331.35,1,False,Promising,0
17436.0,United Kingdom,44,317.76,3,False,Promising,0
17437.0,United Kingdom,165,373.17,1,False,At Risk,1
17438.0,United Kingdom,80,1034.32,4,False,High-Potential,3
17439.0,United Kingdom,291,325.74,1,False,At Risk,1
17440.0,United Kingdom,185,137.16,1,False,At Risk,1
17441.0,United Kingdom,368,293.35,1,False,At Risk,1
17442.0,United Kingdom,17,2371.7400000000002,9,False,Loyalists,2
17449.0,United Kingdom,23,2430.29,6,False,Loyalists,2
17454.0,United Kingdom,98,1030.41,6,False,High-Potential,3
17456.0,United Kingdom,1,975.5600000000001,2,False,Promising,0
17458.0,United Kingdom,17,213.08,1,False,Promising,0
17460.0,United Kingdom,8,1605.8400000000001,12,False,Loyalists,2
17463.0,United Kingdom,196,661.5,2,False,High-Potential,3
17464.0,United Kingdom,158,710.98,2,False,High-Potential,3
17465.0,United Kingdom,61,2542.79,7,False,Loyalists,2
17467.0,United Kingdom,31,102.6,1,False,Promising,0
17468.0,United Kingdom,11,57.8,1,False,Promising,0
17469.0,United Kingdom,36,3180.28,12,False,Loyalists,2
17470.0,United Kingdom,3,1679.8,7,False,Loyalists,2
17471.0,United Kingdom,110,321.65000000000003,1,False,At Risk,1
17472.0,United Kingdom,264,224.81,1,False,At Risk,1
17473.0,United Kingdom,44,607.0,2,False,Promising,0
17474.0,United Kingdom,235,1047.0,1,False,High-Potential,3
17476.0,United Kingdom,31,489.86,2,False,Promising,0
17477.0,United Kingdom,248,1144.3,2,False,High-Potential,3
17478.0,United Kingdom,44,1272.8000000000002,2,False,High-Potential,3
17479.0,United Kingdom,268,389.26000000000005,1,False,At Risk,1
17480.0,United Kingdom,80,390.21,1,False,At Risk,1
17482.0,United Kingdom,123,778.19,2,False,High-Potential,3
17483.0,United Kingdom,50,177.69,1,False,At Risk,1
17484.0,United Kingdom,212,209.57,2,False,At Risk,1
17487.0,United Kingdom,364,160.55,1,False,At Risk,1
17488.0,United Kingdom,277,336.5,1,False,At Risk,1
17490.0,United Kingdom,24,658.1800000000001,2,False,Promising,0
17491.0,United Kingdom,3,2422.2,8,False,Loyalists,2
17492.0,United Kingdom,114,747.85,2,False,High-Potential,3
17493.0,United Kingdom,21,100.91,1,False,Promising,0
17494.0,United Kingdom,137,54.7,1,False,At Risk,1
17495.0,United Kingdom,26,309.16,1,False,Promising,0
17496.0,United Kingdom,199,1141.84,3,False,High-Potential,3
17497.0,United Kingdom,26,287.25,2,False,Promising,0
17499.0,United Kingdom,197,718.51,1,False,At Risk,1
17505.0,United Kingdom,186,1289.64,3,False,High-Potential,3
17510.0,United Kingdom,56,206.08,1,False,At Risk,1
17512.0,United Kingdom,88,2542.83,8,False,Loyalists,2
17513.0,United Kingdom,44,645.6,2,False,Promising,0
17514.0,United Kingdom,305,334.18,1,False,At Risk,1
17515.0,United Kingdom,30,978.4399999999999,5,False,Loyalists,2
17516.0,United Kingdom,14,189.47,1,False,Promising,0
17518.0,United Kingdom,61,329.42,2,False,Promising,0
17519.0,United Kingdom,4,3265.4500000000003,10,False,Loyalists,2
17521.0,United Kingdom,30,554.85,2,False,Promising,0
17524.0,United Kingdom,74,394.14,2,False,Promising,0
17525.0,United Kingdom,33,739.2,2,False,Promising,0
17526.0,United Kingdom,1,2970.14,9,False,Loyalists,2
17529.0,United Kingdom,246,1240.25,2,False,High-Potential,3
17530.0,United Kingdom,1,756.51,3,False,Loyalists,2
17531.0,United Kingdom,163,970.12,2,False,High-Potential,3
17532.0,United Kingdom,21,65.34,1,False,Promising,0
17533.0,United Kingdom,70,34.8,1,False,At Risk,1
17534.0,United Kingdom,87,1445.47,4,False,High-Potential,3
17536.0,United Kingdom,56,288.33,2,False,Promising,0
17539.0,United Kingdom,253,1226.57,4,False,High-Potential,3
17540.0,United Kingdom,19,1011.7,4,False,Loyalists,2
17541.0,United Kingdom,145,124.46,1,False,At Risk,1
17542.0,United Kingdom,277,170.95,2,False,At Risk,1
17543.0,United Kingdom,185,120.05,1,False,At Risk,1
17544.0,United Kingdom,26,960.69,3,False,High-Potential,3
17545.0,United Kingdom,26,802.58,3,False,High-Potential,3
17547.0,United Kingdom,11,727.85,2,False,Promising,0
17548.0,United Kingdom,14,627.96,3,False,Promising,0
17550.0,United Kingdom,33,2280.48,6,False,Loyalists,2
17552.0,United Kingdom,8,2154.88,10,False,Loyalists,2
17553.0,United Kingdom,108,2270.0,3,False,High-Potential,3
17555.0,United Kingdom,61,574.48,3,False,High-Potential,3
17556.0,United Kingdom,15,142.77,1,False,Promising,0
17557.0,United Kingdom,368,34.0,1,False,At Risk,1
17558.0,United Kingdom,29,259.17,1,False,Promising,0
17559.0,United Kingdom,148,167.62,1,False,At Risk,1
17560.0,United Kingdom,31,1040.85,4,False,High-Potential,3
17561.0,United Kingdom,26,554.72,3,False,Promising,0
17563.0,United Kingdom,214,392.38,2,False,At Risk,1
17565.0,United Kingdom,222,131.83,1,False,At Risk,1
17567.0,United Kingdom,8,1024.55,2,False,Promising,0
17568.0,United Kingdom,269,382.79,1,False,At Risk,1
17570.0,United Kingdom,17,100.0,1,False,Promising,0
17571.0,United Kingdom,178,205.23999999999998,1,False,At Risk,1
17572.0,United Kingdom,9,496.26000000000005,7,False,Loyalists,2
17575.0,United Kingdom,303,171.7,1,False,At Risk,1
17577.0,United Kingdom,281,348.75,2,False,At Risk,1
17578.0,United Kingdom,110,903.87,6,False,High-Potential,3
17579.0,United Kingdom,214,304.38,1,False,At Risk,1
17580.0,United Kingdom,12,329.55,2,False,Promising,0
17582.0,United Kingdom,82,1275.43,4,False,High-Potential,3
17583.0,United Kingdom,196,135.95,1,False,At Risk,1
17585.0,United Kingdom,81,960.23,3,False,High-Potential,3
17586.0,United Kingdom,255,167.4,1,False,At Risk,1
17587.0,United Kingdom,264,181.66,1,False,At Risk,1
17588.0,United Kingdom,32,1699.35,4,False,High-Potential,3
17591.0,United Kingdom,3,550.7,2,False,Promising,0
17592.0,United Kingdom,374,148.3,1,False,At Risk,1
17594.0,United Kingdom,85,1504.7,2,False,High-Potential,3
17596.0,United Kingdom,4,2092.74,7,False,Loyalists,2
17597.0,United Kingdom,54,1439.72,4,False,High-Potential,3
17598.0,United Kingdom,17,409.98,1,False,Promising,0
17599.0,United Kingdom,113,52.05,1,False,At Risk,1
17601.0,United Kingdom,16,305.46999999999997,1,False,Promising,0
17602.0,United Kingdom,108,2348.16,8,False,High-Potential,3
17603.0,United Kingdom,253,1398.76,3,False,High-Potential,3
17604.0,United Kingdom,58,636.57,4,False,High-Potential,3
17605.0,United Kingdom,226,160.75,1,False,At Risk,1
17606.0,United Kingdom,373,87.30000000000001,1,False,At Risk,1
17607.0,United Kingdom,12,333.81,1,False,Promising,0
17608.0,United Kingdom,85,305.11,2,False,At Risk,1
17609.0,United Kingdom,38,782.12,6,False,Loyalists,2
17610.0,United Kingdom,176,1529.49,5,False,High-Potential,3
17612.0,United Kingdom,15,3346.41,12,False,Loyalists,2
17615.0,United Kingdom,23,403.6,3,False,Promising,0
17616.0,United Kingdom,3,489.59999999999997,2,False,Promising,0
17617.0,United Kingdom,194,395.33,1,False,At Risk,1
17618.0,United Kingdom,19,3101.66,8,False,Loyalists,2
17621.0,United Kingdom,40,1795.22,3,False,High-Potential,3
17622.0,United Kingdom,233,1130.21,2,False,High-Potential,3
17623.0,United Kingdom,45,1856.6200000000001,6,False,Loyalists,2
17624.0,United Kingdom,73,725.15,2,False,High-Potential,3
17626.0,United Kingdom,238,254.0,1,False,At Risk,1
17627.0,United Kingdom,114,296.36,1,False,At Risk,1
17629.0,United Kingdom,24,641.4,2,False,Promising,0
17631.0,United Kingdom,10,470.16,4,False,Promising,0
17633.0,United Kingdom,15,732.55,3,False,Promising,0
17635.0,United Kingdom,60,1265.58,3,False,High-Potential,3
17638.0,United Kingdom,283,842.4000000000001,2,False,High-Potential,3
17639.0,United Kingdom,23,506.67,5,False,Loyalists,2
17640.0,United Kingdom,15,2547.28,5,False,Loyalists,2
17642.0,United Kingdom,65,1112.2,3,False,High-Potential,3
17643.0,United Kingdom,9,439.7,2,False,Promising,0
17644.0,United Kingdom,30,3132.96,9,False,Loyalists,2
17646.0,United Kingdom,1,3141.4,10,False,Loyalists,2
17647.0,United Kingdom,305,198.6,2,False,At Risk,1
17648.0,United Kingdom,21,418.87,1,False,Promising,0
17649.0,United Kingdom,105,710.4,2,False,High-Potential,3
17651.0,United Kingdom,134,1758.52,6,False,High-Potential,3
17655.0,United Kingdom,2,1013.54,3,False,Loyalists,2
17657.0,United Kingdom,66,126.0,1,False,At Risk,1
17659.0,United Kingdom,8,835.33,3,False,Promising,0
17660.0,United Kingdom,373,163.47,1,False,At Risk,1
17662.0,United Kingdom,297,412.92,2,False,At Risk,1
17663.0,United Kingdom,53,3372.92,10,False,Loyalists,2
17664.0,United Kingdom,110,561.59,2,False,High-Potential,3
17665.0,United Kingdom,129,563.1,1,False,At Risk,1
17666.0,United Kingdom,113,1319.6399999999999,3,False,High-Potential,3
17667.0,United Kingdom,71,1895.19,4,False,High-Potential,3
17669.0,United Kingdom,98,2735.63,3,False,High-Potential,3
17671.0,United Kingdom,1,830.63,2,False,Promising,0
17672.0,United Kingdom,53,2600.46,5,False,High-Potential,3
17673.0,United Kingdom,11,2604.46,7,False,Loyalists,2
17674.0,United Kingdom,4,300.66,1,False,Promising,0
17676.0,United Kingdom,2,1378.16,5,False,Loyalists,2
17678.0,United Kingdom,239,301.65,1,False,At Risk,1
17679.0,United Kingdom,157,1585.5,5,False,High-Potential,3
17680.0,United Kingdom,19,313.05,2,False,Promising,0
17681.0,United Kingdom,233,731.2,5,False,High-Potential,3
17682.0,United Kingdom,4,1982.45,6,False,Loyalists,2
17683.0,United Kingdom,21,819.01,3,False,High-Potential,3
17685.0,United Kingdom,8,2751.64,6,False,Loyalists,2
17686.0,United Kingdom,59,2557.35,2,False,High-Potential,3
17687.0,United Kingdom,56,432.68,1,False,Promising,0
17688.0,United Kingdom,29,304.2,1,False,Promising,0
17689.0,United Kingdom,24,317.08,2,False,Promising,0
17690.0,United Kingdom,2,2690.15,8,False,Loyalists,2
17691.0,United Kingdom,4,489.65000000000003,3,False,Promising,0
17692.0,United Kingdom,32,2234.86,8,False,Loyalists,2
17694.0,United Kingdom,147,1412.85,2,False,High-Potential,3
17695.0,United Kingdom,30,980.6999999999999,3,False,High-Potential,3
17699.0,United Kingdom,112,442.0,2,False,High-Potential,3
17702.0,United Kingdom,19,1319.67,2,False,Promising,0
17703.0,United Kingdom,54,296.1,1,False,Promising,0
17705.0,United Kingdom,91,260.38,2,False,At Risk,1
17707.0,United Kingdom,12,456.9,6,False,Loyalists,2
17708.0,United Kingdom,38,620.85,2,False,Promising,0
17709.0,United Kingdom,106,533.5600000000001,4,False,High-Potential,3
17710.0,United Kingdom,59,293.5,1,False,Promising,0
17713.0,United Kingdom,18,1198.09,4,False,Loyalists,2
17714.0,United Kingdom,60,1257.18,4,False,High-Potential,3
17715.0,United Kingdom,228,163.2,1,False,At Risk,1
17717.0,United Kingdom,57,376.92,1,False,Promising,0
17718.0,United Kingdom,280,299.83,1,False,At Risk,1
17720.0,United Kingdom,3,1572.97,7,False,Loyalists,2
17721.0,United Kingdom,295,307.21000000000004,1,False,At Risk,1
17722.0,United Kingdom,2,2006.32,2,False,Loyalists,2
17723.0,United Kingdom,11,102.0,1,False,Promising,0
17726.0,United Kingdom,31,1092.06,7,False,Loyalists,2
17728.0,United Kingdom,40,1362.75,2,False,High-Potential,3
17729.0,United Kingdom,232,438.65000000000003,1,False,At Risk,1
17730.0,United Kingdom,18,2475.32,7,False,Loyalists,2
17731.0,United Kingdom,257,468.88,2,False,At Risk,1
17732.0,United Kingdom,8,2166.42,8,False,Loyalists,2
17734.0,United Kingdom,161,741.69,3,False,High-Potential,3
17738.0,United Kingdom,31,2304.51,9,False,Loyalists,2
17740.0,United Kingdom,25,426.90000000000003,6,False,Loyalists,2
17741.0,United Kingdom,42,101.1,2,False,Promising,0
17742.0,United Kingdom,64,1743.3700000000001,9,False,Loyalists,2
17743.0,United Kingdom,84,229.2,1,False,At Risk,1
17744.0,United Kingdom,16,326.74,1,False,Promising,0
17745.0,United Kingdom,113,600.34,2,False,High-Potential,3
17746.0,United Kingdom,107,793.9300000000001,3,False,High-Potential,3
17748.0,United Kingdom,163,358.15,1,False,At Risk,1
17749.0,United Kingdom,182,351.66,1,False,At Risk,1
17751.0,United Kingdom,57,157.85999999999999,1,False,At Risk,1
17753.0,United Kingdom,100,390.56,4,False,High-Potential,3
17754.0,United Kingdom,10,2805.27,8,False,Loyalists,2
17756.0,United Kingdom,11,733.7,3,False,Promising,0
17757.0,United Kingdom,4,3817.16,28,False,Loyalists,2
17758.0,United Kingdom,63,1555.83,4,False,High-Potential,3
17759.0,United Kingdom,29,441.92,2,False,Promising,0
17760.0,United Kingdom,9,631.34,5,False,Loyalists,2
17762.0,United Kingdom,92,129.75,1,False,At Risk,1
17763.0,United Kingdom,289,71.15,3,False,At Risk,1
17764.0,United Kingdom,38,804.82,3,False,High-Potential,3
17765.0,United Kingdom,84,158.92,1,False,At Risk,1
17766.0,United Kingdom,17,299.61,2,False,Promising,0
17767.0,United Kingdom,46,141.85,1,False,At Risk,1
17768.0,United Kingdom,23,1236.33,4,False,Loyalists,2
17769.0,United Kingdom,19,3105.1,7,False,Loyalists,2
17771.0,United Kingdom,72,141.6,2,False,At Risk,1
17772.0,United Kingdom,28,202.0,1,False,Promising,0
17773.0,United Kingdom,150,585.27,2,False,High-Potential,3
17774.0,United Kingdom,33,2102.64,5,False,Loyalists,2
17776.0,United Kingdom,22,338.56,2,False,Promising,0
17778.0,United Kingdom,297,197.70000000000002,1,False,At Risk,1
17780.0,United Kingdom,303,352.91,3,False,At Risk,1
17782.0,United Kingdom,18,679.02,2,False,Promising,0
17783.0,United Kingdom,148,96.44,1,False,At Risk,1
17784.0,United Kingdom,186,112.86,1,False,At Risk,1
17785.0,United Kingdom,81,271.44,2,False,At Risk,1
17787.0,United Kingdom,7,736.28,1,False,Promising,0
17789.0,United Kingdom,297,171.25,1,False,At Risk,1
17790.0,United Kingdom,14,818.0600000000001,6,False,Loyalists,2
17792.0,United Kingdom,103,370.05,2,False,At Risk,1
17794.0,United Kingdom,322,147.3,2,False,At Risk,1
17796.0,United Kingdom,5,664.09,4,False,Loyalists,2
17797.0,United Kingdom,31,1205.44,5,False,Loyalists,2
17798.0,United Kingdom,217,183.09,1,False,At Risk,1
17799.0,United Kingdom,25,3285.96,10,False,Loyalists,2
17801.0,United Kingdom,87,798.33,3,False,High-Potential,3
17802.0,United Kingdom,8,3768.08,8,False,Loyalists,2
17803.0,United Kingdom,28,184.66,1,False,Promising,0
17804.0,United Kingdom,12,385.23,3,False,Promising,0
17805.0,United Kingdom,246,414.72,1,False,At Risk,1
17807.0,United Kingdom,31,437.87,3,False,Promising,0
17808.0,United Kingdom,184,262.64,4,False,High-Potential,3
17810.0,United Kingdom,304,374.81,2,False,At Risk,1
17811.0,United Kingdom,10,1772.07,8,False,Loyalists,2
17812.0,United Kingdom,4,433.73,4,False,Loyalists,2
17814.0,United Kingdom,11,1617.32,2,False,Promising,0
17815.0,United Kingdom,29,591.96,1,False,Promising,0
17816.0,United Kingdom,1,75.75999999999999,3,False,Promising,0
17817.0,United Kingdom,14,420.17,3,False,Promising,0
17818.0,United Kingdom,373,130.18,1,False,At Risk,1
17819.0,United Kingdom,7,2907.65,6,False,Loyalists,2
17820.0,United Kingdom,10,183.56,1,False,Promising,0
17821.0,United Kingdom,42,334.62,1,False,Promising,0
17822.0,United Kingdom,56,2188.5,5,False,High-Potential,3
17823.0,United Kingdom,57,494.25,2,False,Promising,0
17825.0,United Kingdom,234,731.96,4,False,High-Potential,3
17826.0,United Kingdom,10,134.59,1,False,Promising,0
17827.0,United Kingdom,257,392.59,1,False,At Risk,1
17833.0,United Kingdom,359,342.36,1,False,At Risk,1
17834.0,United Kingdom,50,730.47,2,False,High-Potential,3
17840.0,United Kingdom,79,185.72,1,False,At Risk,1
17842.0,United Kingdom,238,430.69,1,False,At Risk,1
17843.0,United Kingdom,47,120.75,1,False,At Risk,1
17845.0,United Kingdom,191,598.19,4,False,High-Potential,3
17847.0,United Kingdom,151,129.69,2,False,At Risk,1
17848.0,United Kingdom,53,2749.7,21,False,Loyalists,2
17849.0,United Kingdom,116,457.96000000000004,4,False,High-Potential,3
17851.0,United Kingdom,58,1563.34,6,False,High-Potential,3
17852.0,United Kingdom,24,548.87,3,False,Promising,0
17853.0,United Kingdom,43,1608.19,3,False,High-Potential,3
17854.0,United Kingdom,98,760.1899999999999,4,False,High-Potential,3
17855.0,United Kingdom,8,208.97,1,False,Promising,0
17857.0,United Kingdom,1,1803.2,2,False,Loyalists,2
17860.0,United Kingdom,4,762.74,4,False,Loyalists,2
17861.0,United Kingdom,21,3026.89,10,False,Loyalists,2
17862.0,United Kingdom,21,948.1899999999999,3,False,High-Potential,3
17863.0,United Kingdom,5,2585.2,7,False,Loyalists,2
17864.0,United Kingdom,21,326.82,2,False,Promising,0
17866.0,United Kingdom,120,805.3000000000001,2,False,High-Potential,3
17867.0,United Kingdom,46,424.18,9,False,Loyalists,2
17868.0,United Kingdom,22,234.65,1,False,Promising,0
17869.0,United Kingdom,4,607.98,3,False,Promising,0
17870.0,United Kingdom,2,1213.8,2,False,Promising,0
17871.0,United Kingdom,33,963.09,4,False,High-Potential,3
17872.0,United Kingdom,17,235.87,1,False,Promising,0
17875.0,United Kingdom,324,167.1,1,False,At Risk,1
17876.0,United Kingdom,35,3424.02,3,False,High-Potential,3
17878.0,United Kingdom,31,1032.88,2,False,High-Potential,3
17880.0,United Kingdom,275,366.0,2,False,At Risk,1
17882.0,United Kingdom,15,313.46,2,False,Promising,0
17883.0,United Kingdom,175,324.08,3,False,At Risk,1
17884.0,United Kingdom,4,2355.44,18,False,Loyalists,2
17886.0,United Kingdom,73,708.77,3,False,High-Potential,3
17888.0,United Kingdom,10,1094.39,17,False,Loyalists,2
17889.0,United Kingdom,10,571.0,5,False,Loyalists,2
17894.0,United Kingdom,2,1333.57,11,False,Loyalists,2
17897.0,United Kingdom,3,2018.4,8,False,Loyalists,2
17898.0,United Kingdom,88,147.12,2,False,At Risk,1
17901.0,United Kingdom,157,149.7,2,False,At Risk,1
17902.0,United Kingdom,182,216.4,1,False,At Risk,1
17903.0,United Kingdom,30,381.09000000000003,1,False,Promising,0
17905.0,United Kingdom,9,1583.28,10,False,Loyalists,2
17907.0,United Kingdom,276,291.76,1,False,At Risk,1
17908.0,United Kingdom,9,1168.26,5,False,Loyalists,2
17909.0,United Kingdom,373,132.55,1,False,At Risk,1
17910.0,United Kingdom,362,261.7,1,False,At Risk,1
17912.0,United Kingdom,11,64.49,1,False,Promising,0
17913.0,United Kingdom,36,3068.04,12,False,Loyalists,2
17915.0,United Kingdom,187,242.13,1,False,At Risk,1
17916.0,United Kingdom,264,43.87,2,False,At Risk,1
17918.0,United Kingdom,136,396.39,3,False,High-Potential,3
17919.0,United Kingdom,74,536.28,1,False,Promising,0
17921.0,United Kingdom,15,1596.98,6,False,Loyalists,2
17922.0,United Kingdom,179,170.4,1,False,At Risk,1
17923.0,United Kingdom,163,289.5,2,False,At Risk,1
17924.0,United Kingdom,9,574.2,2,False,Promising,0
17925.0,United Kingdom,8,244.08,1,False,Promising,0
17926.0,United Kingdom,80,638.2,3,False,High-Potential,3
17927.0,United Kingdom,357,294.0,1,False,At Risk,1
17928.0,United Kingdom,207,128.7,1,False,At Risk,1
17929.0,United Kingdom,23,2239.1,8,False,Loyalists,2
17930.0,United Kingdom,29,2534.7400000000002,8,False,Loyalists,2
17931.0,United Kingdom,33,3028.93,12,False,Loyalists,2
17933.0,United Kingdom,268,114.69,1,False,At Risk,1
17934.0,United Kingdom,42,344.90000000000003,1,False,Promising,0
17935.0,United Kingdom,36,540.35,5,False,High-Potential,3
17938.0,United Kingdom,56,144.29,1,False,At Risk,1
17941.0,United Kingdom,226,1128.72,3,False,High-Potential,3
17944.0,United Kingdom,59,75.41,1,False,At Risk,1
17945.0,United Kingdom,332,360.35,3,False,At Risk,1
17950.0,United Kingdom,1,950.61,6,False,Loyalists,2
17951.0,United Kingdom,9,627.5400000000001,2,False,Promising,0
17952.0,United Kingdom,14,819.61,4,False,Loyalists,2
17953.0,United Kingdom,176,160.82,1,False,At Risk,1
17954.0,United Kingdom,3,1633.33,9,False,Loyalists,2
17955.0,United Kingdom,291,392.6,2,False,At Risk,1
17958.0,United Kingdom,364,465.41999999999996,1,False,At Risk,1
17959.0,United Kingdom,228,140.75,1,False,At Risk,1
17960.0,United Kingdom,158,61.300000000000004,2,False,At Risk,1
17961.0,United Kingdom,8,1699.1,62,False,Loyalists,2
17962.0,United Kingdom,185,584.59,3,False,High-Potential,3
17963.0,United Kingdom,107,651.51,4,False,High-Potential,3
17964.0,United Kingdom,8,261.76,1,False,Promising,0
17966.0,United Kingdom,227,875.99,5,False,High-Potential,3
17967.0,United Kingdom,7,234.22,2,False,Promising,0
17968.0,United Kingdom,9,610.69,4,False,Loyalists,2
17969.0,United Kingdom,138,2141.7400000000002,18,False,Loyalists,2
17971.0,United Kingdom,184,161.94,1,False,At Risk,1
17974.0,United Kingdom,17,1117.27,3,False,Loyalists,2
17975.0,United Kingdom,2,2540.02,12,False,Loyalists,2
17976.0,United Kingdom,8,353.19,1,False,Promising,0
17977.0,United Kingdom,36,1277.49,1,False,Promising,0
17978.0,United Kingdom,1,1160.84,4,False,Loyalists,2
17980.0,United Kingdom,29,221.97,1,False,Promising,0
17981.0,United Kingdom,46,239.12,1,False,Promising,0
17982.0,United Kingdom,316,138.18,1,False,At Risk,1
17983.0,United Kingdom,31,171.71,1,False,Promising,0
17984.0,United Kingdom,28,1038.59,4,False,High-Potential,3
17987.0,United Kingdom,12,805.0699999999999,4,False,Loyalists,2
17988.0,United Kingdom,123,288.42,7,False,High-Potential,3
17989.0,United Kingdom,15,228.83,1,False,Promising,0
17990.0,United Kingdom,16,896.7700000000001,3,False,Promising,0
17991.0,United Kingdom,227,227.2,1,False,At Risk,1
17992.0,United Kingdom,25,254.13,1,False,Promising,0
17993.0,United Kingdom,253,235.19,1,False,At Risk,1
17994.0,United Kingdom,24,1634.83,7,False,Loyalists,2
17995.0,United Kingdom,18,419.38,2,False,Promising,0
17996.0,United Kingdom,15,482.33,3,False,Promising,0
17998.0,United Kingdom,16,639.24,3,False,Promising,0
17999.0,United Kingdom,2,348.84,2,False,Promising,0
18000.0,United Kingdom,200,124.25,1,False,At Risk,1
18001.0,United Kingdom,85,536.61,4,False,High-Potential,3
18002.0,United Kingdom,11,249.92,4,False,Promising,0
18003.0,United Kingdom,12,358.61,1,False,Promising,0
18006.0,United Kingdom,17,553.1800000000001,3,False,Promising,0
18007.0,United Kingdom,28,220.32,1,False,Promising,0
18009.0,United Kingdom,178,1898.49,7,False,High-Potential,3
18011.0,United Kingdom,9,424.24,2,False,Promising,0
18012.0,United Kingdom,359,115.3,1,False,At Risk,1
18016.0,United Kingdom,46,476.90000000000003,2,False,Promising,0
18017.0,United Kingdom,67,165.0,1,False,At Risk,1
18018.0,United Kingdom,35,175.85,2,False,Promising,0
18020.0,United Kingdom,179,190.48000000000002,1,False,At Risk,1
18021.0,United Kingdom,145,227.06,2,False,At Risk,1
18022.0,United Kingdom,21,983.6800000000001,4,False,Loyalists,2
18025.0,United Kingdom,15,1177.72,6,False,Loyalists,2
18026.0,United Kingdom,136,2074.07,2,False,High-Potential,3
18028.0,United Kingdom,219,192.05,1,False,At Risk,1
18029.0,United Kingdom,278,433.77,1,False,At Risk,1
18031.0,United Kingdom,14,462.1,1,False,Promising,0
18034.0,United Kingdom,11,370.82,1,False,Promising,0
18035.0,United Kingdom,21,546.34,2,False,Promising,0
18036.0,United Kingdom,21,1158.02,8,False,Loyalists,2
18037.0,United Kingdom,57,97.39999999999999,9,False,High-Potential,3
18038.0,United Kingdom,192,149.41,1,False,At Risk,1
18039.0,United Kingdom,10,579.17,4,False,Loyalists,2
18042.0,United Kingdom,177,116.10000000000001,1,False,At Risk,1
18043.0,United Kingdom,2,316.46,1,False,Promising,0
18044.0,United Kingdom,23,1417.01,8,False,Loyalists,2
18046.0,United Kingdom,285,189.63,1,False,At Risk,1
18047.0,United Kingdom,17,342.69,2,False,Promising,0
18048.0,United Kingdom,129,229.44,1,False,At Risk,1
18049.0,United Kingdom,73,556.52,2,False,High-Potential,3
18050.0,United Kingdom,29,337.66,1,False,Promising,0
18051.0,United Kingdom,270,2282.28,7,False,High-Potential,3
18053.0,United Kingdom,161,271.05,2,False,At Risk,1
18054.0,United Kingdom,28,176.5,1,False,Promising,0
18056.0,United Kingdom,254,190.95,1,False,At Risk,1
18057.0,United Kingdom,29,1203.56,3,False,High-Potential,3
18058.0,United Kingdom,177,603.9,2,False,High-Potential,3
18060.0,United Kingdom,44,1185.46,2,False,High-Potential,3
18062.0,United Kingdom,22,912.15,3,False,High-Potential,3
18063.0,United Kingdom,26,186.60000000000002,2,False,Promising,0
18064.0,United Kingdom,82,3681.03,9,False,Loyalists,2
18065.0,United Kingdom,24,3473.8,15,False,Loyalists,2
18066.0,United Kingdom,22,1122.4,2,False,Promising,0
18069.0,United Kingdom,19,2503.89,6,False,Loyalists,2
18070.0,United Kingdom,305,314.1,1,False,At Risk,1
18071.0,United Kingdom,1,975.63,5,False,Loyalists,2
18074.0,United Kingdom,9,1019.44,2,False,Promising,0
18075.0,United Kingdom,10,3171.54,10,False,Loyalists,2
18076.0,United Kingdom,16,151.49,1,False,Promising,0
18077.0,United Kingdom,2,1705.55,8,False,Loyalists,2
18078.0,United Kingdom,61,508.47,2,False,Promising,0
18079.0,United Kingdom,127,590.78,1,False,At Risk,1
18083.0,United Kingdom,33,470.73,1,False,Promising,0
18084.0,United Kingdom,19,722.45,2,False,Promising,0
18085.0,United Kingdom,9,955.8000000000001,3,False,Loyalists,2
18089.0,United Kingdom,82,428.45,1,False,At Risk,1
18090.0,United Kingdom,57,349.4,1,False,Promising,0
18091.0,United Kingdom,229,360.85,1,False,At Risk,1
18093.0,United Kingdom,80,2346.19,4,False,High-Potential,3
18094.0,United Kingdom,82,3374.22,6,False,High-Potential,3
18095.0,United Kingdom,63,1723.04,3,False,High-Potential,3
18096.0,United Kingdom,78,894.13,3,False,High-Potential,3
18097.0,United Kingdom,21,1965.52,5,False,Loyalists,2
18098.0,United Kingdom,32,550.84,1,False,Promising,0
18100.0,United Kingdom,186,451.56,1,False,At Risk,1
18101.0,United Kingdom,10,405.51,3,False,Promising,0
18103.0,United Kingdom,185,105.8,1,False,At Risk,1
18106.0,United Kingdom,112,1030.76,5,False,High-Potential,3
18107.0,United Kingdom,78,167.13,1,False,At Risk,1
18108.0,United Kingdom,232,577.8100000000001,2,False,High-Potential,3
18109.0,United Kingdom,5,1840.99,13,False,Loyalists,2
18110.0,United Kingdom,47,199.13,1,False,Promising,0
18111.0,United Kingdom,225,405.85,1,False,At Risk,1
18112.0,United Kingdom,54,423.27,2,False,Promising,0
18113.0,United Kingdom,4,76.32000000000001,1,False,Promising,0
18115.0,United Kingdom,333,9.700000000000001,1,False,At Risk,1
18116.0,United Kingdom,12,736.27,5,False,Loyalists,2
18118.0,United Kingdom,5,1079.4,4,False,Loyalists,2
18119.0,United Kingdom,3,181.12,1,False,Promising,0
18123.0,United Kingdom,149,95.15,1,False,At Risk,1
18124.0,United Kingdom,108,111.53,1,False,At Risk,1
18127.0,United Kingdom,39,212.8,1,False,Promising,0
18128.0,United Kingdom,173,420.04,1,False,At Risk,1
18131.0,United Kingdom,267,222.95999999999998,1,False,At Risk,1
18132.0,United Kingdom,140,226.9,1,False,At Risk,1
18134.0,United Kingdom,234,445.0,2,False,At Risk,1
18135.0,United Kingdom,28,567.71,5,False,High-Potential,3
18136.0,United Kingdom,45,847.03,2,False,High-Potential,3
18137.0,United Kingdom,187,145.99,2,False,At Risk,1
18140.0,West Indies,109,536.41,1,False,At Risk,1
18141.0,United Kingdom,37,882.47,2,False,High-Potential,3
18144.0,United Kingdom,9,2169.25,8,False,Loyalists,2
18145.0,United Kingdom,18,2756.2400000000002,7,False,Loyalists,2
18148.0,United Kingdom,282,114.10000000000001,1,False,At Risk,1
18149.0,United Kingdom,40,1012.63,4,False,High-Potential,3
18151.0,United Kingdom,56,1226.09,4,False,High-Potential,3
18152.0,United Kingdom,282,426.69,1,False,At Risk,1
18153.0,United Kingdom,295,246.22,1,False,At Risk,1
18154.0,United Kingdom,24,533.41,3,False,Promising,0
18156.0,United Kingdom,5,206.23000000000002,1,False,Promising,0
18157.0,United Kingdom,207,215.35,1,False,At Risk,1
18160.0,United Kingdom,22,365.82,1,False,Promising,0
18161.0,United Kingdom,15,184.41,1,False,Promising,0
18162.0,United Kingdom,368,379.15999999999997,1,False,At Risk,1
18163.0,United Kingdom,220,728.84,1,False,At Risk,1
18166.0,United Kingdom,259,175.5,1,False,At Risk,1
18168.0,United Kingdom,8,2600.33,11,False,Loyalists,2
18170.0,United Kingdom,10,1897.69,6,False,Loyalists,2
18171.0,United Kingdom,106,1206.0,4,False,High-Potential,3
18173.0,United Kingdom,248,589.52,1,False,At Risk,1
18174.0,United Kingdom,239,58.5,1,False,At Risk,1
18175.0,United Kingdom,311,176.10000000000002,1,False,At Risk,1
18177.0,United Kingdom,196,875.45,3,False,High-Potential,3
18179.0,United Kingdom,158,754.38,2,False,High-Potential,3
18181.0,United Kingdom,36,823.14,4,False,High-Potential,3
18182.0,United Kingdom,99,291.13,1,False,At Risk,1
18186.0,United Kingdom,358,329.58000000000004,1,False,At Risk,1
18187.0,United Kingdom,267,724.89,1,False,At Risk,1
18188.0,United Kingdom,66,1279.55,3,False,High-Potential,3
18189.0,United Kingdom,261,313.49,1,False,At Risk,1
18190.0,United Kingdom,239,461.16,3,False,High-Potential,3
18191.0,United Kingdom,113,321.6,1,False,At Risk,1
18193.0,United Kingdom,16,963.59,2,False,Promising,0
18194.0,United Kingdom,74,3188.2,5,False,High-Potential,3
18195.0,United Kingdom,23,101.16,1,False,Promising,0
18196.0,United Kingdom,107,775.18,2,False,High-Potential,3
18197.0,United Kingdom,211,230.1,1,False,At Risk,1
18199.0,United Kingdom,319,344.75,1,False,At Risk,1
18201.0,United Kingdom,358,447.53000000000003,1,False,At Risk,1
18203.0,United Kingdom,17,344.0,3,False,Promising,0
18206.0,United Kingdom,189,314.65999999999997,1,False,At Risk,1
18207.0,United Kingdom,135,544.47,1,False,At Risk,1
18208.0,United Kingdom,201,360.08,1,False,At Risk,1
18210.0,United Kingdom,18,147.45,1,False,Promising,0
18212.0,United Kingdom,313,298.3,1,False,At Risk,1
18214.0,United Kingdom,166,1780.34,4,False,High-Potential,3
18215.0,United Kingdom,73,1948.15,4,False,High-Potential,3
18217.0,United Kingdom,149,323.29,2,False,At Risk,1
18218.0,United Kingdom,232,479.91999999999996,2,False,At Risk,1
18219.0,United Kingdom,4,1493.1200000000001,8,False,Loyalists,2
18220.0,United Kingdom,30,1616.48,5,False,Loyalists,2
18221.0,United Kingdom,26,383.33,1,False,Promising,0
18227.0,United Kingdom,120,295.0,1,False,At Risk,1
18229.0,United Kingdom,2,3526.81,10,False,Loyalists,2
18230.0,United Kingdom,14,1480.8600000000001,2,False,Promising,0
18234.0,United Kingdom,187,179.6,1,False,At Risk,1
18236.0,United Kingdom,24,913.11,6,False,Loyalists,2
18238.0,United Kingdom,151,270.92,1,False,At Risk,1
18239.0,United Kingdom,8,588.75,2,False,Promising,0
18241.0,United Kingdom,51,913.9,4,False,High-Potential,3
18242.0,United Kingdom,81,1372.72,4,False,High-Potential,3
18243.0,United Kingdom,50,515.78,1,False,Promising,0
18244.0,United Kingdom,66,568.64,2,False,High-Potential,3
18245.0,United Kingdom,15,3757.92,13,False,Loyalists,2
18246.0,United Kingdom,245,162.72,1,False,At Risk,1
18247.0,United Kingdom,50,839.73,3,False,High-Potential,3
18252.0,United Kingdom,184,1015.42,5,False,High-Potential,3
18253.0,United Kingdom,278,317.88,1,False,At Risk,1
18254.0,United Kingdom,217,267.9,1,False,At Risk,1
18255.0,United Kingdom,92,199.85,1,False,At Risk,1
18256.0,United Kingdom,23,110.69999999999999,1,False,Promising,0
18257.0,United Kingdom,82,2262.52,4,False,High-Potential,3
18258.0,United Kingdom,100,2059.67,6,False,High-Potential,3
18259.0,United Kingdom,2,1979.6000000000001,5,False,Loyalists,2
18262.0,United Kingdom,29,428.06,2,False,Promising,0
18264.0,United Kingdom,134,603.25,1,False,At Risk,1
18266.0,United Kingdom,70,251.1,1,False,At Risk,1
18267.0,United Kingdom,308,269.37,1,False,At Risk,1
18268.0,United Kingdom,227,1464.73,5,False,High-Potential,3
18269.0,United Kingdom,2,168.60000000000002,1,False,Promising,0
18270.0,United Kingdom,68,161.4,1,False,At Risk,1
18271.0,United Kingdom,245,680.85,2,False,High-Potential,3
18272.0,United Kingdom,184,1307.4,3,False,High-Potential,3
18273.0,United Kingdom,226,153.0,1,False,At Risk,1
18275.0,United Kingdom,214,741.85,2,False,High-Potential,3
18276.0,United Kingdom,28,1320.66,5,False,Loyalists,2
18277.0,United Kingdom,33,1069.67,4,False,High-Potential,3
18278.0,United Kingdom,40,240.3,1,False,Promising,0
18279.0,United Kingdom,155,231.34,1,False,At Risk,1
18280.0,United Kingdom,30,307.55,1,False,Promising,0
18281.0,United Kingdom,213,120.32,1,False,At Risk,1
18283.0,United Kingdom,18,641.77,6,False,Loyalists,2
18284.0,United Kingdom,67,461.68,1,False,Promising,0
18285.0,United Kingdom,296,427.0,1,False,At Risk,1
18286.0,United Kingdom,112,1296.43,2,False,High-Potential,3
18287.0,United Kingdom,18,2345.71,4,False,Loyalists,2
