,Recency,Monetary,Frequency,Average,Count,Amount
0,283,230.55,10,1867.5143861460956,3970,142.31
1,206,1268.52,2,1369.7436363636364,11,1402.62
2,203,488.21000000000004,1,402.985,2,0.0
3,186,1697.93,2,1341.433,10,1021.08
4,262,1522.23,4,1627.107142857143,7,1041.13
5,199,780.04,3,1341.433,10,810.79
6,215,207.35,2,1681.608125,16,114.0
7,374,130.0,1,1681.608125,16,0.0
8,269,500.24,1,1627.107142857143,7,0.0
9,264,917.6999999999999,1,1627.107142857143,7,0.0
10,277,348.32,1,1341.433,10,1442.83
11,260,774.62,3,1341.433,10,0.0
12,281,607.6800000000001,2,3224.2346153846156,13,1571.74
13,260,763.0500000000001,2,1341.433,10,0.0
14,224,1388.54,1,1341.433,10,857.75
15,225,1210.96,1,3224.2346153846156,13,587.24
16,198,1407.7,1,3224.2346153846156,13,0.0
17,282,3217.3,3,1681.608125,16,3734.19
18,218,461.62,1,2203.0192857142856,14,658.83
19,203,563.03,2,2203.0192857142856,14,870.3
20,233,1902.19,4,1627.107142857143,7,410.34
21,227,234.75000000000003,1,2203.0192857142856,14,0.0
22,238,1125.44,1,1681.608125,16,923.2
23,310,931.43,1,931.43,1,0.0
24,280,205.98,1,1681.608125,16,647.6700000000001
25,236,505.35,2,1681.608125,16,525.95
26,318,63.24,1,1054.2085714285715,7,0.0
27,232,1629.2,2,5707.903333333334,9,1345.8600000000001
28,185,7013.68,2,3224.2346153846156,13,5332.94
29,292,202.56,1,2203.0192857142856,14,0.0
30,253,1465.95,5,1681.608125,16,1701.8600000000001
31,212,879.3100000000001,2,3224.2346153846156,13,473.31
32,199,2676.34,7,2203.0192857142856,14,1751.9
33,184,446.54,1,2203.0192857142856,14,1132.53
34,298,762.48,1,3020.825686567164,67,0.0
35,182,1407.3600000000001,2,5707.903333333334,9,2328.15
36,200,1967.76,5,1681.608125,16,2402.76
37,273,1736.88,2,5707.903333333334,9,4359.16
38,191,4412.02,9,3110.9663829787237,47,3319.97
39,318,1158.18,2,1627.107142857143,7,0.0
40,353,568.51,1,1341.433,10,290.69
41,368,485.31,1,4788.836,5,0.0
42,213,2929.95,3,1627.107142857143,7,483.14
43,241,454.36,1,1974.9733333333334,24,0.0
44,318,56.73,1,3110.9663829787237,47,0.0
45,245,2329.54,2,3020.825686567164,67,611.66
46,325,211.95,1,1486.645,4,0.0
47,186,9936.63,26,3020.825686567164,67,10203.11
48,228,4302.29,7,3020.825686567164,67,7006.19
49,180,1166.07,4,3020.825686567164,67,3882.59
50,259,2021.23,1,3020.825686567164,67,5035.4
51,242,3275.6,2,3020.825686567164,67,3489.47
52,212,23691.4,29,3323.211875,16,0.0
53,184,1353.1000000000001,6,3323.211875,16,1282.5
54,285,706.8,3,1974.9733333333334,24,1121.63
55,366,285.29999999999995,1,3323.211875,16,0.0
56,217,2547.17,7,3110.9663829787237,47,1858.54
57,212,344.87,1,3110.9663829787237,47,281.9
58,276,357.4,1,3323.211875,16,0.0
59,256,54.09,2,1974.9733333333334,24,0.0
60,280,1211.76,1,3020.825686567164,67,3993.6400000000003
61,196,393.72,1,3020.825686567164,67,0.0
62,243,1327.04,6,3020.825686567164,67,370.35
63,220,1126.0,1,1974.9733333333334,24,0.0
64,232,134.4,1,3020.825686567164,67,162.60000000000002
65,220,539.25,1,1974.9733333333334,24,0.0
66,260,3414.23,6,1974.9733333333334,24,781.22
67,277,580.08,1,1369.7436363636364,11,0.0
68,235,689.46,1,3020.825686567164,67,647.1
69,189,1624.15,6,3110.9663829787237,47,958.23
70,261,2282.58,3,3020.825686567164,67,4357.81
71,192,713.83,2,3110.9663829787237,47,259.9
72,233,657.54,2,3020.825686567164,67,1439.44
73,322,1807.98,1,3020.825686567164,67,0.0
74,263,1367.89,2,3020.825686567164,67,0.0
75,352,5149.06,2,1974.9733333333334,24,497.34000000000003
76,211,4065.57,10,1974.9733333333334,24,4788.68
77,276,364.79,1,1974.9733333333334,24,117.09
78,211,1575.68,6,797.745,6,0.0
79,318,129.23,1,1974.9733333333334,24,0.0
80,182,3661.2000000000003,2,1974.9733333333334,24,3063.98
81,218,871.13,2,3110.9663829787237,47,3437.45
82,280,70.0,1,3020.825686567164,67,0.0
83,318,77.52,1,1974.9733333333334,24,0.0
84,372,210.55,1,3110.9663829787237,47,785.4
85,212,637.2,1,3020.825686567164,67,0.0
86,213,837.11,1,1054.2085714285715,7,631.9300000000001
87,190,3235.45,6,3110.9663829787237,47,3930.61
88,359,422.35,1,1369.7436363636364,11,1443.38
89,233,328.9,1,1054.2085714285715,7,414.98
90,325,715.5,1,3110.9663829787237,47,3333.48
91,282,154.14,1,1369.7436363636364,11,1597.75
92,282,649.71,2,3110.9663829787237,47,861.3
93,184,588.6800000000001,2,3110.9663829787237,47,675.46
94,213,1392.81,6,3020.825686567164,67,1052.0700000000002
95,318,21.0,1,1974.9733333333334,24,0.0
96,197,1025.75,3,3020.825686567164,67,1283.26
97,245,1743.43,2,3020.825686567164,67,1747.26
98,267,1155.48,1,3110.9663829787237,47,2294.31
99,196,140.14,1,3020.825686567164,67,0.0
100,201,2566.5,4,3020.825686567164,67,8519.64
101,180,2719.79,4,3020.825686567164,67,722.95
102,232,969.69,1,3020.825686567164,67,1511.37
103,180,2198.55,4,1054.2085714285715,7,642.52
104,200,394.32,1,3020.825686567164,67,410.56
105,184,360.0,1,797.745,6,130.0
106,374,141.0,1,797.745,6,0.0
107,275,249.8,1,3323.211875,16,0.0
108,263,253.57999999999998,1,3323.211875,16,572.69
109,190,2319.4,3,3110.9663829787237,47,2686.38
110,306,868.13,2,3020.825686567164,67,572.45
111,282,846.74,2,3020.825686567164,67,917.38
112,185,8902.81,16,3020.825686567164,67,5298.72
113,276,311.8,2,3020.825686567164,67,482.15
114,219,781.8,3,3020.825686567164,67,889.34
115,198,945.0,1,3110.9663829787237,47,1411.66
116,183,1199.39,4,3020.825686567164,67,1938.85
117,260,239.4,2,3020.825686567164,67,0.0
118,362,549.08,1,1054.2085714285715,7,639.08
119,305,168.8,1,3020.825686567164,67,81.8
120,203,4502.35,4,3020.825686567164,67,3135.18
121,302,225.60000000000002,1,3110.9663829787237,47,538.64
122,242,2622.481,1,3020.825686567164,67,0.0
123,231,211.15,1,3110.9663829787237,47,0.0
124,189,958.5,2,1369.7436363636364,11,0.0
125,191,395.1,2,3110.9663829787237,47,0.0
126,218,8874.67,3,3110.9663829787237,47,7778.05
127,182,7324.1,13,3110.9663829787237,47,9756.64
128,187,6772.38,12,3110.9663829787237,47,4973.31
129,211,2290.08,4,3110.9663829787237,47,1930.1299999999999
130,273,110.95,1,3110.9663829787237,47,0.0
131,226,743.36,2,3110.9663829787237,47,81.66
132,226,339.75,1,3020.825686567164,67,0.0
133,189,1469.42,3,3020.825686567164,67,179.28
134,269,722.98,3,3020.825686567164,67,0.0
135,224,1425.78,5,3020.825686567164,67,1175.41
136,187,12948.15,11,3020.825686567164,67,8408.67
137,247,1339.05,2,3020.825686567164,67,0.0
138,204,1102.75,4,3020.825686567164,67,1694.78
139,226,5077.82,4,3110.9663829787237,47,4307.03
140,226,277.93,1,3583.9175,4,0.0
141,207,1228.95,2,1369.7436363636364,11,1037.81
142,183,536.88,2,3110.9663829787237,47,868.62
143,183,1293.75,2,3110.9663829787237,47,405.08000000000004
144,208,2835.54,2,3110.9663829787237,47,4044.2599999999998
145,325,1130.22,1,797.745,6,910.7
146,261,1201.52,1,1825.1025,4,0.0
147,227,1252.95,1,4037.77,1,2784.82
148,210,658.48,2,71361.812,5,266.93
149,180,2339.87,9,1867.5143861460956,3970,2740.66
150,182,7264.45,47,1867.5143861460956,3970,15615.21
151,270,147.41,3,1620.3366666666668,6,5071.299999999999
152,184,6015.7,4,1324.745,18,1095.95
153,200,1703.68,2,12217.545454545454,22,1785.6200000000001
154,222,528.3,3,12217.545454545454,22,876.28
155,200,124.25,1,1324.745,18,0.0
156,303,55.5,1,1324.745,18,0.0
157,238,378.6,1,12217.545454545454,22,574.85
158,284,690.68,2,1783.8999999999999,2,2050.23
159,234,337.4,1,12217.545454545454,22,0.0
160,367,366.9,1,1324.745,18,421.55
161,245,728.5,1,12217.545454545454,22,0.0
162,329,89.25,1,12217.545454545454,22,92.25
163,236,555.11,4,12217.545454545454,22,308.40000000000003
164,264,381.0,1,12217.545454545454,22,0.0
165,312,403.33000000000004,2,1324.745,18,180.92
166,199,774.25,1,12217.545454545454,22,1214.59
167,241,520.2,2,12217.545454545454,22,914.75
168,208,2843.96,2,12217.545454545454,22,35.0
169,201,1266.63,2,1324.745,18,0.0
170,312,159.66,1,1620.3366666666668,6,375.33
171,214,1065.8,2,12217.545454545454,22,622.0
172,199,1083.3,4,1867.5143861460956,3970,663.88
173,247,128.07999999999998,1,1867.5143861460956,3970,0.0
174,190,1940.5,7,1867.5143861460956,3970,2801.5
175,277,214.82999999999998,1,1867.5143861460956,3970,303.8
176,357,458.20000000000005,1,1867.5143861460956,3970,1022.83
177,186,92.30000000000001,1,1867.5143861460956,3970,0.0
178,182,4690.26,31,1867.5143861460956,3970,1353.05
179,187,2189.16,6,1867.5143861460956,3970,1783.6000000000001
180,205,554.31,1,1867.5143861460956,3970,0.0
181,190,539.84,3,1867.5143861460956,3970,2175.51
182,214,2161.98,7,1867.5143861460956,3970,2318.33
183,185,641.69,2,1867.5143861460956,3970,673.51
184,373,397.20000000000005,1,1867.5143861460956,3970,401.8
185,185,2994.53,9,1867.5143861460956,3970,1891.6200000000001
186,229,123.03,1,1867.5143861460956,3970,199.60999999999999
187,318,15.58,1,1867.5143861460956,3970,0.0
188,311,208.0,1,1867.5143861460956,3970,0.0
189,227,472.29,1,1867.5143861460956,3970,1567.38
190,186,924.04,2,1867.5143861460956,3970,1026.3600000000001
191,197,1669.52,4,1867.5143861460956,3970,0.0
192,225,644.65,2,1867.5143861460956,3970,1936.95
193,329,55.47,1,1867.5143861460956,3970,0.0
194,255,68.25,1,1867.5143861460956,3970,0.0
195,183,1364.85,3,1867.5143861460956,3970,906.5
196,214,1638.77,3,1867.5143861460956,3970,2237.7
197,317,337.66999999999996,1,1867.5143861460956,3970,0.0
198,260,209.3,1,1867.5143861460956,3970,1467.65
199,217,1600.2,5,1867.5143861460956,3970,1485.32
200,317,492.4,1,1867.5143861460956,3970,1160.9
201,190,489.26,1,1681.608125,16,459.15999999999997
202,238,659.52,2,1867.5143861460956,3970,354.24
203,226,885.5400000000001,1,1681.608125,16,978.23
204,190,606.76,3,1867.5143861460956,3970,812.64
205,210,337.18,1,1867.5143861460956,3970,302.95
206,183,199.5,4,1867.5143861460956,3970,310.0
207,211,157.35,1,1867.5143861460956,3970,0.0
208,295,158.32,1,1867.5143861460956,3970,152.64000000000001
209,212,1018.42,2,1867.5143861460956,3970,0.0
210,266,318.0,1,1867.5143861460956,3970,708.0
211,200,586.61,2,1867.5143861460956,3970,337.90999999999997
212,257,1017.96,1,1867.5143861460956,3970,1703.52
213,187,1680.47,1,1867.5143861460956,3970,0.0
214,206,1903.74,5,1867.5143861460956,3970,2313.49
215,225,206.3,1,1867.5143861460956,3970,604.8
216,243,1155.62,2,1867.5143861460956,3970,492.25
217,214,2102.0,2,1867.5143861460956,3970,1663.1999999999998
218,262,10953.5,1,1867.5143861460956,3970,0.0
219,207,323.86,3,1867.5143861460956,3970,0.0
220,200,8580.86,14,1867.5143861460956,3970,10753.09
221,211,426.2,1,1867.5143861460956,3970,186.7
222,198,1147.99,5,1867.5143861460956,3970,387.71000000000004
223,228,35.28,1,1867.5143861460956,3970,0.0
224,283,612.4,2,1867.5143861460956,3970,936.0600000000001
225,185,484.79,1,1867.5143861460956,3970,1757.4
226,185,19622.66,24,1867.5143861460956,3970,30668.72
227,185,1562.06,7,1867.5143861460956,3970,136.5
228,365,155.79,1,1867.5143861460956,3970,923.71
229,372,181.65,1,1867.5143861460956,3970,0.0
230,213,831.65,4,1867.5143861460956,3970,1251.51
231,186,902.44,3,1867.5143861460956,3970,690.9
232,185,2250.0,5,1867.5143861460956,3970,11433.0
233,360,377.49,1,1867.5143861460956,3970,0.0
234,194,496.5,2,1867.5143861460956,3970,0.0
235,292,437.16,1,1867.5143861460956,3970,0.0
236,366,252.48000000000002,2,1867.5143861460956,3970,0.0
237,235,5276.51,8,1867.5143861460956,3970,6082.97
238,214,705.6,4,1867.5143861460956,3970,1444.05
239,274,162.45,1,1867.5143861460956,3970,0.0
240,320,413.82,3,1867.5143861460956,3970,0.0
241,241,3437.3,3,1867.5143861460956,3970,1252.13
242,219,166.89,1,1867.5143861460956,3970,372.6
243,213,733.57,2,1867.5143861460956,3970,588.5
244,238,122.45,1,1867.5143861460956,3970,0.0
245,371,260.64,1,1867.5143861460956,3970,812.09
246,180,2174.25,9,1867.5143861460956,3970,2608.63
247,218,1019.0400000000001,3,1867.5143861460956,3970,142.16000000000003
248,201,264.15,1,1867.5143861460956,3970,0.0
249,369,441.63,1,1867.5143861460956,3970,1658.46
250,210,1619.02,4,1867.5143861460956,3970,798.76
251,281,1946.46,4,1867.5143861460956,3970,556.36
252,365,517.7,1,1825.1025,4,0.0
253,206,3513.48,5,1867.5143861460956,3970,5357.400000000001
254,197,1372.22,3,1867.5143861460956,3970,982.05
255,234,490.08000000000004,1,1867.5143861460956,3970,0.0
256,186,1108.8200000000002,4,1867.5143861460956,3970,1621.02
257,246,460.68,2,1867.5143861460956,3970,292.83
258,192,3340.14,11,1867.5143861460956,3970,3287.5
259,255,117.0,1,1867.5143861460956,3970,429.0
260,361,93.35000000000001,1,1867.5143861460956,3970,0.0
261,267,436.45,2,1867.5143861460956,3970,408.42
262,218,274.7,2,1867.5143861460956,3970,609.32
263,246,604.1,2,1867.5143861460956,3970,315.98
264,361,497.65000000000003,1,1867.5143861460956,3970,0.0
265,180,7719.11,10,1867.5143861460956,3970,6634.17
266,196,3343.86,10,1867.5143861460956,3970,2651.08
267,215,175.25,1,1867.5143861460956,3970,0.0
268,359,189.31,1,1867.5143861460956,3970,193.35
269,308,234.0,1,1867.5143861460956,3970,0.0
270,284,177.12,1,1867.5143861460956,3970,153.0
271,228,381.89,1,1867.5143861460956,3970,929.1
272,182,3859.8900000000003,7,1867.5143861460956,3970,3954.94
273,228,1259.85,2,1867.5143861460956,3970,1980.29
274,206,1464.35,5,1867.5143861460956,3970,1021.11
275,201,780.85,4,1867.5143861460956,3970,449.1
276,198,618.96,2,1867.5143861460956,3970,0.0
277,229,962.39,3,1867.5143861460956,3970,1308.47
278,218,247.83,1,1867.5143861460956,3970,308.04
279,367,323.39,1,1867.5143861460956,3970,0.0
280,227,696.88,3,1867.5143861460956,3970,60.839999999999996
281,199,4464.0,7,1867.5143861460956,3970,5959.2
282,190,978.24,1,1867.5143861460956,3970,2441.03
283,320,307.1,1,1867.5143861460956,3970,0.0
284,227,1733.86,5,1867.5143861460956,3970,1300.02
285,220,1010.73,4,1867.5143861460956,3970,0.0
286,225,256.16,1,1867.5143861460956,3970,542.97
287,234,1556.54,3,1867.5143861460956,3970,0.0
288,198,3460.85,8,1867.5143861460956,3970,832.58
289,191,3047.2200000000003,7,1867.5143861460956,3970,2510.4
290,199,919.35,3,1867.5143861460956,3970,1328.95
291,182,2579.98,7,1867.5143861460956,3970,3927.69
292,214,155.8,2,1867.5143861460956,3970,0.0
293,186,2064.83,4,1867.5143861460956,3970,755.5500000000001
294,257,127.65,1,1867.5143861460956,3970,0.0
295,187,209.48,1,1867.5143861460956,3970,0.0
296,267,353.49,1,1867.5143861460956,3970,368.6
297,183,881.48,3,1867.5143861460956,3970,1238.29
298,186,561.25,2,1867.5143861460956,3970,0.0
299,183,187.57,1,1867.5143861460956,3970,867.48
300,225,308.4,2,1867.5143861460956,3970,214.5
301,248,129.22,1,1867.5143861460956,3970,0.0
302,253,1062.24,3,1867.5143861460956,3970,316.5
303,225,974.54,3,1867.5143861460956,3970,1360.8600000000001
304,180,8187.42,16,1867.5143861460956,3970,8717.09
305,197,160.75,2,1867.5143861460956,3970,61.9
306,196,14345.23,8,1867.5143861460956,3970,16522.54
307,186,2153.54,6,1867.5143861460956,3970,1568.58
308,315,2017.2,6,1867.5143861460956,3970,0.0
309,362,313.64,1,1867.5143861460956,3970,0.0
310,185,21611.05,44,1867.5143861460956,3970,36300.98
311,365,1976.0,2,1867.5143861460956,3970,0.0
312,183,1095.95,4,1867.5143861460956,3970,566.5
313,182,14554.33,18,1867.5143861460956,3970,32556.85
314,206,4409.82,11,1867.5143861460956,3970,2968.98
315,197,449.31,2,1867.5143861460956,3970,144.9
316,200,839.95,2,1867.5143861460956,3970,4432.88
317,213,123.34,1,1867.5143861460956,3970,342.36
318,289,96.66,1,1867.5143861460956,3970,513.96
319,246,1302.33,2,1867.5143861460956,3970,2419.12
320,187,347.49,1,1867.5143861460956,3970,0.0
321,192,947.7,4,1867.5143861460956,3970,521.1
322,354,321.88000000000005,1,1867.5143861460956,3970,0.0
323,194,1942.94,3,1867.5143861460956,3970,4436.83
324,366,234.38,1,1867.5143861460956,3970,0.0
325,207,959.04,2,1867.5143861460956,3970,2240.88
326,215,407.25,3,1867.5143861460956,3970,1251.6499999999999
327,304,134.9,1,1867.5143861460956,3970,0.0
328,231,782.29,2,1867.5143861460956,3970,1116.32
329,267,263.5,1,1867.5143861460956,3970,0.0
330,190,1393.58,3,1867.5143861460956,3970,846.89
331,222,1931.07,2,1867.5143861460956,3970,1735.88
332,185,2426.18,6,1867.5143861460956,3970,2853.65
333,220,405.1,1,1867.5143861460956,3970,0.0
334,235,102.0,1,1867.5143861460956,3970,703.0
335,203,2824.52,7,1867.5143861460956,3970,2090.17
336,266,176.51999999999998,1,1867.5143861460956,3970,273.45
337,261,1322.8700000000001,2,1867.5143861460956,3970,0.0
338,205,1334.69,4,1867.5143861460956,3970,811.69
339,371,337.1,1,1867.5143861460956,3970,1287.74
340,304,1239.6,2,1867.5143861460956,3970,346.94
341,210,1805.86,2,1867.5143861460956,3970,2140.28
342,180,6628.8,9,1867.5143861460956,3970,958.4
343,246,17.65,1,1867.5143861460956,3970,0.0
344,205,372.2,2,1867.5143861460956,3970,0.0
345,198,127.2,1,1867.5143861460956,3970,0.0
346,197,1724.8500000000001,8,1867.5143861460956,3970,560.85
347,203,3928.38,6,1867.5143861460956,3970,2749.43
348,218,831.45,2,1867.5143861460956,3970,0.0
349,185,5188.72,6,1867.5143861460956,3970,3145.0
350,254,572.3100000000001,1,1867.5143861460956,3970,0.0
351,243,86.10000000000001,1,1867.5143861460956,3970,0.0
352,218,879.0600000000001,2,1867.5143861460956,3970,2199.34
353,260,130.99,3,1867.5143861460956,3970,0.0
354,180,570.66,3,1867.5143861460956,3970,0.0
355,294,164.69,1,1867.5143861460956,3970,0.0
356,227,1365.97,2,1867.5143861460956,3970,280.67
357,253,199.97,1,1867.5143861460956,3970,1071.09
358,245,373.01000000000005,1,1867.5143861460956,3970,0.0
359,184,3277.01,14,1867.5143861460956,3970,3338.76
360,200,653.08,2,1867.5143861460956,3970,587.53
361,180,1221.63,5,1867.5143861460956,3970,358.67
362,267,460.22,2,1867.5143861460956,3970,1318.57
363,367,966.6600000000001,1,1867.5143861460956,3970,0.0
364,200,7533.04,11,1867.5143861460956,3970,844.28
365,248,214.20000000000002,1,1867.5143861460956,3970,71.4
366,372,61.12,1,1867.5143861460956,3970,703.48
367,217,2126.5,4,1867.5143861460956,3970,491.4
368,215,688.15,4,1867.5143861460956,3970,843.75
369,204,295.55,1,1867.5143861460956,3970,2035.39
370,218,1957.83,3,1867.5143861460956,3970,1306.4
371,291,132.5,1,1867.5143861460956,3970,0.0
372,254,76.23,1,1867.5143861460956,3970,0.0
373,211,516.8,1,1867.5143861460956,3970,0.0
374,213,88.5,1,1867.5143861460956,3970,0.0
375,208,402.72,2,1867.5143861460956,3970,403.20000000000005
376,242,5842.07,5,1867.5143861460956,3970,3954.1600000000003
377,190,863.35,5,1867.5143861460956,3970,2690.46
378,330,290.63,1,1867.5143861460956,3970,280.71
379,308,356.95,2,1867.5143861460956,3970,0.0
380,226,117.0,1,1867.5143861460956,3970,188.9
381,236,269.47,3,1867.5143861460956,3970,805.4
382,198,214.5,2,1867.5143861460956,3970,214.5
383,267,292.66,1,1867.5143861460956,3970,385.31
384,224,305.6,3,1867.5143861460956,3970,591.92
385,261,346.9,1,1867.5143861460956,3970,52.4
386,339,974.39,1,1867.5143861460956,3970,946.32
387,208,827.01,6,1867.5143861460956,3970,314.05
388,236,232.41,1,1867.5143861460956,3970,140.75
389,199,1317.72,4,1867.5143861460956,3970,983.06
390,214,2431.86,7,1867.5143861460956,3970,2804.9100000000003
391,231,1564.99,7,1867.5143861460956,3970,1980.48
392,268,180.16,1,1867.5143861460956,3970,61.5
393,278,396.83,1,1867.5143861460956,3970,951.5
394,246,297.69,1,1867.5143861460956,3970,595.43
395,280,478.5,1,1867.5143861460956,3970,1029.27
396,203,279.7,2,1867.5143861460956,3970,0.0
397,236,655.47,2,1867.5143861460956,3970,0.0
398,236,734.91,1,1867.5143861460956,3970,0.0
399,239,781.59,3,1867.5143861460956,3970,0.0
400,288,548.64,2,1867.5143861460956,3970,378.97
401,359,307.95,1,1867.5143861460956,3970,0.0
402,204,1125.1,4,1867.5143861460956,3970,1834.63
403,229,746.13,3,1867.5143861460956,3970,446.81
404,282,815.79,1,1867.5143861460956,3970,0.0
405,212,306.5,1,1867.5143861460956,3970,594.27
406,184,299.13,2,1867.5143861460956,3970,405.98
407,210,314.98,1,1867.5143861460956,3970,598.64
408,182,616.15,2,1867.5143861460956,3970,301.42
409,275,415.78000000000003,1,1867.5143861460956,3970,1338.07
410,228,227.74,1,1867.5143861460956,3970,30.599999999999998
411,232,284.86,1,1867.5143861460956,3970,0.0
412,186,1618.2,6,1867.5143861460956,3970,271.8
413,325,310.26,1,1867.5143861460956,3970,0.0
414,275,2017.3600000000001,1,1867.5143861460956,3970,5196.4800000000005
415,184,1769.02,5,1867.5143861460956,3970,2443.391
416,210,5148.09,16,1867.5143861460956,3970,6088.860000000001
417,199,350.15999999999997,1,1867.5143861460956,3970,3041.36
418,200,2986.85,6,1867.5143861460956,3970,3264.86
419,371,334.65,1,1867.5143861460956,3970,3989.32
420,201,1229.15,2,1867.5143861460956,3970,436.1
421,294,162.18,1,1867.5143861460956,3970,853.5600000000001
422,288,1191.6200000000001,1,1867.5143861460956,3970,1535.31
423,182,1575.26,1,1867.5143861460956,3970,0.0
424,196,1508.75,2,1867.5143861460956,3970,449.85
425,256,6986.0599999999995,3,1867.5143861460956,3970,4378.02
426,207,105.9,2,1867.5143861460956,3970,193.5
427,197,2316.94,3,1867.5143861460956,3970,911.47
428,330,715.15,2,1867.5143861460956,3970,838.5
429,253,817.25,1,1867.5143861460956,3970,633.25
430,268,1189.01,1,1867.5143861460956,3970,1108.65
431,257,2154.85,2,1867.5143861460956,3970,2120.09
432,281,815.32,1,1867.5143861460956,3970,737.56
433,200,2164.4700000000003,3,1867.5143861460956,3970,2420.59
434,254,655.65,3,1867.5143861460956,3970,508.94
435,239,508.55,1,1867.5143861460956,3970,0.0
436,313,91.14,1,1867.5143861460956,3970,0.0
437,219,1131.45,4,1867.5143861460956,3970,0.0
438,180,2744.32,7,1867.5143861460956,3970,1357.3600000000001
439,213,1339.34,4,1867.5143861460956,3970,308.4
440,218,310.83,1,1867.5143861460956,3970,0.0
441,200,290.6,1,1867.5143861460956,3970,623.3000000000001
442,359,78.6,1,1867.5143861460956,3970,75.9
443,205,532.76,2,1867.5143861460956,3970,108.60000000000001
444,267,140.16,1,1867.5143861460956,3970,428.76
445,214,2244.7,3,1867.5143861460956,3970,0.0
446,194,13597.222,25,1867.5143861460956,3970,10019.2
447,334,682.9200000000001,2,1867.5143861460956,3970,515.98
448,256,487.34999999999997,1,1867.5143861460956,3970,0.0
449,275,429.44,6,1867.5143861460956,3970,0.0
450,239,219.85999999999999,1,1867.5143861460956,3970,883.78
451,266,749.67,3,1867.5143861460956,3970,51.0
452,372,228.3,1,1867.5143861460956,3970,0.0
453,183,1028.66,4,1867.5143861460956,3970,0.0
454,200,2904.73,6,1867.5143861460956,3970,3201.44
455,299,819.49,3,1867.5143861460956,3970,1432.55
456,215,836.5600000000001,1,1867.5143861460956,3970,942.86
457,214,2164.67,5,1867.5143861460956,3970,2361.39
458,358,96.0,1,1867.5143861460956,3970,327.93
459,233,531.15,2,1867.5143861460956,3970,1515.99
460,207,439.1,2,1867.5143861460956,3970,0.0
461,239,410.73999999999995,2,1867.5143861460956,3970,247.57999999999998
462,291,339.18,1,1867.5143861460956,3970,793.44
463,183,46.5,1,1867.5143861460956,3970,0.0
464,303,419.87,3,1867.5143861460956,3970,0.0
465,189,1083.92,5,1867.5143861460956,3970,196.24
466,262,241.89999999999998,1,1867.5143861460956,3970,0.0
467,183,2776.64,8,1867.5143861460956,3970,1105.25
468,204,2740.1,4,1867.5143861460956,3970,2961.4
469,183,784.4,3,1867.5143861460956,3970,1291.92
470,208,2153.94,2,1867.5143861460956,3970,2060.83
471,277,219.87,1,1867.5143861460956,3970,0.0
472,229,914.8,3,1867.5143861460956,3970,932.79
473,324,148.22,2,1867.5143861460956,3970,0.0
474,260,1160.4099999999999,2,1867.5143861460956,3970,0.0
475,233,336.6,1,1867.5143861460956,3970,2378.4
476,273,526.46,3,1867.5143861460956,3970,475.89
477,254,299.34000000000003,1,1867.5143861460956,3970,2123.62
478,222,611.5,1,1867.5143861460956,3970,319.62
479,264,262.31,1,1867.5143861460956,3970,443.14
480,185,3595.29,16,1867.5143861460956,3970,4090.25
481,289,82.4,1,1867.5143861460956,3970,0.0
482,191,262.18,1,1867.5143861460956,3970,330.06
483,210,2235.12,6,1867.5143861460956,3970,0.0
484,280,240.8,1,1867.5143861460956,3970,582.2
485,225,809.84,2,1867.5143861460956,3970,569.75
486,268,1650.51,3,1867.5143861460956,3970,565.27
487,315,493.94,1,1867.5143861460956,3970,133.88
488,224,1156.04,3,1867.5143861460956,3970,870.24
489,263,151.45,1,1867.5143861460956,3970,0.0
490,275,165.78,1,1867.5143861460956,3970,311.14
491,197,1309.05,4,1867.5143861460956,3970,1255.93
492,370,103.95,1,1867.5143861460956,3970,167.52
493,207,1656.66,3,1867.5143861460956,3970,4962.91
494,290,154.25,1,1867.5143861460956,3970,0.0
495,187,2435.92,10,1867.5143861460956,3970,914.82
496,262,1210.51,3,1867.5143861460956,3970,2118.88
497,261,582.23,3,1867.5143861460956,3970,390.05
498,366,327.38,1,1867.5143861460956,3970,0.0
499,206,595.17,1,3224.2346153846156,13,949.62
500,184,307.9,1,1867.5143861460956,3970,180.6
501,192,1302.8700000000001,3,1867.5143861460956,3970,385.67
502,278,176.07999999999998,1,1867.5143861460956,3970,0.0
503,229,1312.79,3,1867.5143861460956,3970,1453.94
504,312,282.76,1,1867.5143861460956,3970,0.0
505,219,153.3,1,1867.5143861460956,3970,308.88
506,291,299.64,1,1867.5143861460956,3970,319.85
507,215,588.7,2,1867.5143861460956,3970,75.0
508,280,188.1,1,1867.5143861460956,3970,186.60000000000002
509,243,1795.88,3,3224.2346153846156,13,1489.17
510,374,1182.0,2,1867.5143861460956,3970,0.0
511,229,1349.16,3,1867.5143861460956,3970,1047.07
512,270,402.97999999999996,1,1867.5143861460956,3970,0.0
513,231,607.3100000000001,2,1867.5143861460956,3970,647.41
514,292,803.54,2,1867.5143861460956,3970,1028.34
515,217,346.09000000000003,2,1867.5143861460956,3970,591.9300000000001
516,291,369.25,2,1867.5143861460956,3970,263.14
517,206,310.35,1,1867.5143861460956,3970,474.9
518,183,2378.91,10,1867.5143861460956,3970,1627.26
519,270,1439.6100000000001,2,1867.5143861460956,3970,0.0
520,192,356.94,3,1867.5143861460956,3970,180.65
521,180,124.14,1,1867.5143861460956,3970,250.5
522,302,152.39999999999998,1,1867.5143861460956,3970,0.0
523,245,1346.06,3,1867.5143861460956,3970,1892.79
524,310,517.8,1,1867.5143861460956,3970,0.0
525,228,1623.35,5,1867.5143861460956,3970,3226.56
526,260,1525.38,6,1867.5143861460956,3970,922.82
527,180,1036.73,6,1867.5143861460956,3970,642.13
528,310,1600.0,3,1867.5143861460956,3970,1438.85
529,189,5875.4400000000005,15,1867.5143861460956,3970,9625.09
530,275,291.12,1,1867.5143861460956,3970,542.29
531,184,1159.93,6,1867.5143861460956,3970,1294.29
532,273,81.85,1,1867.5143861460956,3970,540.22
533,210,2736.8,6,1867.5143861460956,3970,2097.6
534,234,624.48,4,1867.5143861460956,3970,1177.2
535,295,383.55,1,1867.5143861460956,3970,688.45
536,253,77.5,1,1867.5143861460956,3970,164.18
537,315,664.001,1,1867.5143861460956,3970,0.0
538,311,1.3,1,1867.5143861460956,3970,248.75
539,214,366.17,2,1867.5143861460956,3970,318.37
540,299,568.3,1,1867.5143861460956,3970,392.8
541,215,428.55,2,1867.5143861460956,3970,312.54
542,241,1388.78,4,1867.5143861460956,3970,2978.89
543,219,653.8100000000001,3,1867.5143861460956,3970,323.0
544,187,1801.59,5,1867.5143861460956,3970,1685.02
545,215,745.03,2,1867.5143861460956,3970,73.19
546,215,391.38,3,1867.5143861460956,3970,218.04
547,196,2909.12,6,1867.5143861460956,3970,2104.84
548,270,298.9,1,1867.5143861460956,3970,0.0
549,182,207.58,1,1867.5143861460956,3970,284.24
550,196,169.38,1,1867.5143861460956,3970,426.90000000000003
551,294,717.62,1,1867.5143861460956,3970,0.0
552,207,169.89,1,1867.5143861460956,3970,352.78000000000003
553,229,167.35,1,1867.5143861460956,3970,0.0
554,205,722.93,4,1867.5143861460956,3970,321.07
555,246,781.87,3,1867.5143861460956,3970,1365.8600000000001
556,268,818.29,1,1867.5143861460956,3970,0.0
557,262,627.5,2,1867.5143861460956,3970,412.35
558,187,304.85,1,1867.5143861460956,3970,443.88
559,200,1739.97,3,1867.5143861460956,3970,4114.87
560,204,288.1,2,1867.5143861460956,3970,0.0
561,180,231.69,2,1867.5143861460956,3970,0.0
562,332,658.95,1,1867.5143861460956,3970,0.0
563,186,1434.09,3,1867.5143861460956,3970,384.62
564,232,301.26,1,1867.5143861460956,3970,0.0
565,276,304.4,1,1867.5143861460956,3970,303.03
566,312,310.14,1,1867.5143861460956,3970,0.0
567,206,1980.0,3,1867.5143861460956,3970,3598.5
568,212,881.99,2,1867.5143861460956,3970,644.89
569,210,1804.91,5,1867.5143861460956,3970,1693.4
570,360,797.15,2,1867.5143861460956,3970,1130.98
571,247,405.0,1,1867.5143861460956,3970,0.0
572,276,1016.47,5,1867.5143861460956,3970,0.0
573,220,551.5500000000001,3,1867.5143861460956,3970,1085.78
574,201,832.2,2,1867.5143861460956,3970,561.36
575,231,952.4,3,1867.5143861460956,3970,811.62
576,206,1093.81,2,1867.5143861460956,3970,357.85
577,288,393.96000000000004,1,1867.5143861460956,3970,1081.81
578,282,258.68,2,1867.5143861460956,3970,3341.99
579,225,580.58,2,1867.5143861460956,3970,766.96
580,231,325.15,1,1867.5143861460956,3970,374.05
581,183,1816.51,2,1867.5143861460956,3970,1569.82
582,204,2508.4900000000002,6,1867.5143861460956,3970,813.19
583,239,325.24,1,1867.5143861460956,3970,0.0
584,294,300.47,2,1867.5143861460956,3970,1051.88
585,282,545.45,1,1867.5143861460956,3970,1312.5900000000001
586,371,19.5,1,1867.5143861460956,3970,23.75
587,187,2583.77,7,1867.5143861460956,3970,4142.58
588,366,233.53000000000003,1,1867.5143861460956,3970,0.0
589,255,128.3,1,1867.5143861460956,3970,115.60000000000001
590,235,179.55,2,1867.5143861460956,3970,101.71000000000001
591,282,5643.63,6,1867.5143861460956,3970,2069.62
592,198,396.92,2,1867.5143861460956,3970,132.83
593,271,375.5,1,1867.5143861460956,3970,0.0
594,229,1160.07,6,1867.5143861460956,3970,851.75
595,189,99544.99,75,1867.5143861460956,3970,31898.2
596,213,266.6,1,1867.5143861460956,3970,0.0
597,227,1386.2,2,1867.5143861460956,3970,634.2
598,232,465.53000000000003,2,1867.5143861460956,3970,0.0
599,186,455.57,1,1867.5143861460956,3970,0.0
600,304,81.55,2,1867.5143861460956,3970,266.79
601,260,250.45,1,1867.5143861460956,3970,1073.02
602,262,300.38,1,1867.5143861460956,3970,0.0
603,183,771.33,3,1867.5143861460956,3970,492.37
604,248,228.0,1,1867.5143861460956,3970,101.03999999999999
605,214,1360.1200000000001,6,1867.5143861460956,3970,180.08
606,246,537.58,1,1867.5143861460956,3970,0.0
607,219,250.48000000000002,1,1867.5143861460956,3970,492.78
608,189,1901.08,4,1867.5143861460956,3970,5502.87
609,192,872.43,2,1867.5143861460956,3970,901.14
610,282,664.54,1,1867.5143861460956,3970,2595.46
611,196,420.58,2,1867.5143861460956,3970,588.77
612,273,213.01,1,1867.5143861460956,3970,0.0
613,247,746.57,6,1867.5143861460956,3970,0.0
614,196,945.08,5,1867.5143861460956,3970,893.95
615,320,357.88,1,1867.5143861460956,3970,366.85
616,371,149.10000000000002,1,1867.5143861460956,3970,337.93
617,238,279.6,1,1867.5143861460956,3970,6422.040000000001
618,211,3126.38,5,1867.5143861460956,3970,3801.6
619,180,1369.3,2,1867.5143861460956,3970,665.01
620,212,622.59,2,1867.5143861460956,3970,624.43
621,182,477.32,1,1867.5143861460956,3970,0.0
622,374,173.1,1,1867.5143861460956,3970,1147.0
623,180,938.52,3,1867.5143861460956,3970,1016.4000000000001
624,234,1353.31,3,1867.5143861460956,3970,0.0
625,212,876.39,4,1867.5143861460956,3970,3141.59
626,310,195.55,1,1867.5143861460956,3970,0.0
627,225,3682.17,5,1867.5143861460956,3970,2544.26
628,229,298.32,1,1867.5143861460956,3970,778.53
629,210,589.4,2,1867.5143861460956,3970,292.12
630,229,2165.76,4,1867.5143861460956,3970,0.0
631,205,1431.5,3,1867.5143861460956,3970,0.0
632,289,352.821,1,1867.5143861460956,3970,0.0
633,182,7260.35,16,1867.5143861460956,3970,11059.820000000002
634,362,875.97,2,1867.5143861460956,3970,0.0
635,232,984.0500000000001,4,1867.5143861460956,3970,2019.8600000000001
636,281,264.33000000000004,2,1867.5143861460956,3970,521.04
637,185,2738.67,4,1867.5143861460956,3970,355.7
638,218,832.08,2,1867.5143861460956,3970,1150.01
639,295,91.4,1,1867.5143861460956,3970,210.14000000000001
640,226,1049.66,1,1867.5143861460956,3970,0.0
641,180,10203.86,15,1867.5143861460956,3970,20297.4
642,201,352.71,1,1867.5143861460956,3970,593.08
643,228,650.99,2,1867.5143861460956,3970,0.0
644,208,582.34,4,1867.5143861460956,3970,299.38
645,205,1335.24,3,1867.5143861460956,3970,206.85
646,225,2253.2400000000002,4,1867.5143861460956,3970,875.3
647,190,504.93,3,1867.5143861460956,3970,408.53
648,282,96.0,1,1867.5143861460956,3970,0.0
649,182,126.03,1,1867.5143861460956,3970,0.0
650,273,222.5,1,1867.5143861460956,3970,613.8
651,204,666.87,2,1867.5143861460956,3970,512.58
652,182,17339.35,28,1867.5143861460956,3970,21343.67
653,210,911.07,3,1867.5143861460956,3970,1203.6399999999999
654,372,478.7,1,1867.5143861460956,3970,642.54
655,184,9429.17,9,1867.5143861460956,3970,12230.52
656,254,433.53000000000003,1,1867.5143861460956,3970,628.31
657,210,309.6,2,1867.5143861460956,3970,112.6
658,238,926.74,3,3020.825686567164,67,471.87
659,186,2025.04,2,3020.825686567164,67,1423.34
660,305,1502.0,3,1867.5143861460956,3970,0.0
661,282,394.42,2,1867.5143861460956,3970,266.23
662,329,692.2,3,1867.5143861460956,3970,332.89
663,274,1230.74,3,1867.5143861460956,3970,1215.05
664,196,688.26,3,1867.5143861460956,3970,927.5600000000001
665,257,255.59,2,1867.5143861460956,3970,0.0
666,217,156.85000000000002,1,1867.5143861460956,3970,0.0
667,205,2832.27,9,1867.5143861460956,3970,1988.32
668,212,324.19,2,1867.5143861460956,3970,0.0
669,261,183.95,2,1867.5143861460956,3970,76.75
670,215,240.44,1,1867.5143861460956,3970,1033.92
671,183,683.54,5,1867.5143861460956,3970,1560.75
672,355,310.72,1,1867.5143861460956,3970,0.0
673,182,1120.0,3,1867.5143861460956,3970,960.0
674,260,509.65,1,1867.5143861460956,3970,1421.7
675,315,199.29999999999998,1,1867.5143861460956,3970,1755.7
676,246,187.35000000000002,1,1867.5143861460956,3970,0.0
677,211,1785.47,7,1867.5143861460956,3970,2358.97
678,232,1203.1000000000001,3,1867.5143861460956,3970,107.24000000000001
679,184,465.63,5,1867.5143861460956,3970,287.9
680,207,214.75,1,1867.5143861460956,3970,786.26
681,229,304.52000000000004,1,1867.5143861460956,3970,629.25
682,192,2526.01,3,1867.5143861460956,3970,2480.61
683,218,1285.4,2,1867.5143861460956,3970,1655.74
684,185,1164.0,3,1867.5143861460956,3970,318.6
685,262,616.43,2,1867.5143861460956,3970,303.14
686,210,262.7,2,1867.5143861460956,3970,386.62
687,197,940.98,4,1867.5143861460956,3970,567.72
688,196,1567.52,5,1867.5143861460956,3970,1460.06
689,325,154.83,1,1867.5143861460956,3970,177.61
690,183,1191.53,3,1867.5143861460956,3970,0.0
691,281,395.5,1,1867.5143861460956,3970,0.0
692,198,225.57,1,1867.5143861460956,3970,946.32
693,184,10814.12,8,1867.5143861460956,3970,17205.46
694,198,1661.44,6,1867.5143861460956,3970,2224.1
695,211,287.92,2,1867.5143861460956,3970,1275.5
696,287,630.68,2,1867.5143861460956,3970,943.6500000000001
697,217,730.2900000000001,3,1867.5143861460956,3970,313.28000000000003
698,218,398.4,1,1867.5143861460956,3970,465.16
699,211,525.24,1,1867.5143861460956,3970,109.44
700,372,831.0,1,1867.5143861460956,3970,584.4499999999999
701,261,388.55,1,1867.5143861460956,3970,0.0
702,313,482.67,1,1867.5143861460956,3970,366.89
703,260,260.5,1,1867.5143861460956,3970,609.14
704,190,1786.57,6,1867.5143861460956,3970,1022.57
705,268,34095.26,5,5707.903333333334,9,0.0
706,368,312.65,1,1867.5143861460956,3970,0.0
707,327,136.8,1,1867.5143861460956,3970,0.0
708,198,787.24,7,1867.5143861460956,3970,866.84
709,191,623.13,2,1867.5143861460956,3970,652.68
710,198,523.65,1,1867.5143861460956,3970,1251.03
711,357,102.75,1,1867.5143861460956,3970,627.95
712,196,1462.52,6,1867.5143861460956,3970,1188.9299999999998
713,259,2131.42,4,1867.5143861460956,3970,1888.43
714,232,6116.92,3,1867.5143861460956,3970,0.0
715,235,293.13,2,1867.5143861460956,3970,699.28
716,180,3703.54,7,1867.5143861460956,3970,2305.8
717,213,246.54,1,1867.5143861460956,3970,0.0
718,289,200.43,1,1867.5143861460956,3970,0.0
719,270,760.95,2,1867.5143861460956,3970,553.71
720,284,262.31,2,1867.5143861460956,3970,184.45000000000002
721,204,6577.13,7,1867.5143861460956,3970,2995.32
722,204,2125.0,3,1867.5143861460956,3970,1000.0
723,208,258.9,2,1867.5143861460956,3970,199.35
724,226,1942.7,5,1867.5143861460956,3970,2766.53
725,200,404.17,2,1867.5143861460956,3970,1943.16
726,305,786.01,2,1867.5143861460956,3970,210.6
727,217,674.4,3,1867.5143861460956,3970,3637.53
728,245,586.91,2,1867.5143861460956,3970,1322.4
729,218,264.13,1,1867.5143861460956,3970,0.0
730,186,1432.9,3,1867.5143861460956,3970,1399.66
731,226,532.82,2,1867.5143861460956,3970,301.56
732,212,1302.1100000000001,4,1867.5143861460956,3970,1244.25
733,213,260.55,2,1867.5143861460956,3970,339.23
734,205,1367.29,3,1867.5143861460956,3970,1206.49
735,186,2854.99,6,1867.5143861460956,3970,1650.03
736,306,369.77,3,1867.5143861460956,3970,758.32
737,198,593.23,2,1867.5143861460956,3970,2367.5
738,261,310.2,1,1867.5143861460956,3970,299.64
739,199,361.68,1,1867.5143861460956,3970,398.3
740,228,1178.68,4,1867.5143861460956,3970,2130.67
741,189,1037.4,5,1867.5143861460956,3970,1470.92
742,186,143.55,1,1867.5143861460956,3970,238.76
743,212,264.05,1,1867.5143861460956,3970,302.65
744,183,3037.39,9,1867.5143861460956,3970,2563.06
745,232,882.7,2,1867.5143861460956,3970,527.98
746,368,209.41,1,1867.5143861460956,3970,0.0
747,196,1078.48,3,1867.5143861460956,3970,156.0
748,201,445.15,2,1867.5143861460956,3970,0.0
749,243,292.34,1,1867.5143861460956,3970,165.48000000000002
750,259,174.2,1,1867.5143861460956,3970,437.35
751,212,276.65999999999997,1,1867.5143861460956,3970,1166.37
752,240,3881.22,4,71361.812,5,3180.98
753,207,229.75,1,1867.5143861460956,3970,0.0
754,281,367.15000000000003,1,1867.5143861460956,3970,0.0
755,228,301.09000000000003,1,1867.5143861460956,3970,783.59
756,183,2572.52,4,1867.5143861460956,3970,1485.38
757,261,386.53000000000003,1,1867.5143861460956,3970,326.58
758,186,10396.5,3,1867.5143861460956,3970,0.0
759,231,3213.08,7,1867.5143861460956,3970,2689.12
760,182,11238.880000000001,13,1867.5143861460956,3970,12473.43
761,319,922.98,3,1867.5143861460956,3970,951.7
762,191,109.44,1,1867.5143861460956,3970,0.0
763,205,446.57,2,1867.5143861460956,3970,982.13
764,280,530.82,3,1867.5143861460956,3970,158.93
765,309,704.5500000000001,1,1867.5143861460956,3970,804.95
766,211,115.08000000000001,1,1867.5143861460956,3970,0.0
767,197,3982.4900000000002,12,1867.5143861460956,3970,5048.16
768,361,431.98,1,1867.5143861460956,3970,0.0
769,365,164.31,1,1867.5143861460956,3970,139.94
770,215,853.09,3,1867.5143861460956,3970,1617.19
771,224,3018.48,3,1867.5143861460956,3970,6634.8
772,211,970.4,2,1867.5143861460956,3970,1976.02
773,199,2061.15,2,1867.5143861460956,3970,5496.16
774,263,2980.02,6,1867.5143861460956,3970,3843.59
775,213,795.3199999999999,2,1867.5143861460956,3970,0.0
776,241,782.42,2,1867.5143861460956,3970,1408.46
777,199,312.2,3,1867.5143861460956,3970,3066.46
778,360,553.4300000000001,2,1867.5143861460956,3970,364.0
779,212,6533.780000000001,5,1867.5143861460956,3970,8605.57
780,322,9471.5,7,1867.5143861460956,3970,13238.699999999999
781,211,967.13,4,1867.5143861460956,3970,1011.55
782,239,1262.52,3,1867.5143861460956,3970,0.0
783,197,119.62,1,1867.5143861460956,3970,110.44
784,320,326.55,1,1867.5143861460956,3970,0.0
785,302,390.85,1,1867.5143861460956,3970,0.0
786,259,219.39999999999998,1,1867.5143861460956,3970,0.0
787,207,395.61,2,1867.5143861460956,3970,247.65
788,318,243.63,1,1867.5143861460956,3970,0.0
789,264,694.65,3,1867.5143861460956,3970,375.43
790,234,3099.43,7,1867.5143861460956,3970,1336.15
791,357,64.17,1,1867.5143861460956,3970,324.66
792,190,2976.67,8,1867.5143861460956,3970,2679.76
793,371,236.69,1,1867.5143861460956,3970,415.11
794,290,9530.08,2,1867.5143861460956,3970,0.0
795,200,1283.31,5,1867.5143861460956,3970,1869.23
796,358,2.95,1,1867.5143861460956,3970,0.0
797,281,132.0,1,1867.5143861460956,3970,290.86
798,184,1317.55,4,1867.5143861460956,3970,1343.99
799,204,1166.44,2,1867.5143861460956,3970,2818.7
800,301,0.0,1,1867.5143861460956,3970,0.0
801,184,394.15,2,1867.5143861460956,3970,161.22
802,246,2090.35,2,1867.5143861460956,3970,2632.25
803,373,214.79999999999998,1,1867.5143861460956,3970,0.0
804,215,962.62,2,1867.5143861460956,3970,1211.45
805,367,447.05,2,1867.5143861460956,3970,0.0
806,183,4599.81,14,1867.5143861460956,3970,2704.9900000000002
807,198,1684.82,3,1867.5143861460956,3970,1234.6200000000001
808,197,2402.8900000000003,6,1867.5143861460956,3970,2849.3
809,242,313.75,1,1867.5143861460956,3970,663.8100000000001
810,302,117.80000000000001,1,1867.5143861460956,3970,504.87
811,354,66.48,1,1867.5143861460956,3970,116.89
812,364,131.58999999999997,2,1867.5143861460956,3970,230.83
813,369,436.18,1,1867.5143861460956,3970,0.0
814,187,286.71,1,1867.5143861460956,3970,0.0
815,215,409.91999999999996,1,1867.5143861460956,3970,1057.56
816,364,358.32,1,1867.5143861460956,3970,1040.49
817,284,187.87,1,1867.5143861460956,3970,0.0
818,369,305.5,1,1867.5143861460956,3970,0.0
819,185,5645.38,9,1867.5143861460956,3970,5477.97
820,184,2490.56,4,1867.5143861460956,3970,2463.05
821,190,1210.97,4,1867.5143861460956,3970,359.84000000000003
822,331,332.7,1,1867.5143861460956,3970,0.0
823,282,359.53000000000003,1,1867.5143861460956,3970,311.81
824,246,1383.6,1,1867.5143861460956,3970,2474.25
825,269,1433.61,4,1867.5143861460956,3970,3825.69
826,206,1372.6,3,1867.5143861460956,3970,734.1999999999999
827,309,679.45,2,1867.5143861460956,3970,0.0
828,295,301.31,1,1867.5143861460956,3970,1074.74
829,331,530.34,1,1867.5143861460956,3970,4584.74
830,190,105928.0,48,71361.812,5,90638.74
831,282,152.85,1,1867.5143861460956,3970,417.05
832,186,1974.97,6,1867.5143861460956,3970,1270.03
833,246,8421.47,7,1867.5143861460956,3970,0.0
834,271,957.1,2,1867.5143861460956,3970,1251.26
835,262,111.95,1,1867.5143861460956,3970,144.9
836,186,523.25,3,1867.5143861460956,3970,198.4
837,200,302.95,1,1867.5143861460956,3970,67.5
838,366,135.0,1,1867.5143861460956,3970,0.0
839,241,402.72,3,1867.5143861460956,3970,0.0
840,277,135.16,2,1867.5143861460956,3970,0.0
841,219,1772.27,2,1867.5143861460956,3970,2684.31
842,215,728.55,6,1867.5143861460956,3970,941.38
843,184,51.8,1,1867.5143861460956,3970,1518.93
844,198,216.1,1,1867.5143861460956,3970,94.45
845,232,157.3,1,1867.5143861460956,3970,521.47
846,198,984.09,3,1867.5143861460956,3970,566.54
847,302,79.9,1,1867.5143861460956,3970,0.0
848,364,15.9,1,1867.5143861460956,3970,117.0
849,185,4371.94,10,1867.5143861460956,3970,2949.13
850,217,1215.4,3,1867.5143861460956,3970,388.2
851,296,282.89,2,1867.5143861460956,3970,585.44
852,253,379.2,1,1867.5143861460956,3970,0.0
853,206,283.95,2,1867.5143861460956,3970,162.15
854,192,333.21000000000004,2,1867.5143861460956,3970,514.55
855,373,371.27000000000004,1,1867.5143861460956,3970,530.66
856,219,564.1999999999999,2,1867.5143861460956,3970,1383.3
857,323,157.8,1,1867.5143861460956,3970,0.0
858,187,415.31,1,1867.5143861460956,3970,0.0
859,185,1201.6,4,1867.5143861460956,3970,1718.24
860,185,2175.26,5,1867.5143861460956,3970,1780.42
861,185,1017.43,4,1867.5143861460956,3970,1143.76
862,323,1259.11,2,1867.5143861460956,3970,367.5
863,203,882.5999999999999,2,1867.5143861460956,3970,0.0
864,186,1556.15,3,1867.5143861460956,3970,1528.54
865,180,363.63,1,1867.5143861460956,3970,484.15
866,206,1247.46,2,1867.5143861460956,3970,789.56
867,192,2014.43,3,1867.5143861460956,3970,1003.32
868,182,81.05,1,1867.5143861460956,3970,664.45
869,184,475.5,1,1867.5143861460956,3970,504.3
870,226,1037.2,2,1867.5143861460956,3970,404.35
871,205,1067.66,2,1867.5143861460956,3970,505.47
872,226,310.14,1,1867.5143861460956,3970,161.0
873,298,287.38,2,1867.5143861460956,3970,0.0
874,214,1150.41,7,1867.5143861460956,3970,731.9100000000001
875,332,120.0,1,1867.5143861460956,3970,0.0
876,296,366.41999999999996,1,1867.5143861460956,3970,0.0
877,187,184.35,1,1867.5143861460956,3970,451.54
878,187,4360.691,9,1867.5143861460956,3970,1264.77
879,259,205.35000000000002,1,1867.5143861460956,3970,158.05
880,182,1000.63,1,1867.5143861460956,3970,0.0
881,330,953.5,1,1867.5143861460956,3970,551.4300000000001
882,284,1189.34,1,1867.5143861460956,3970,1665.39
883,203,10585.16,8,1867.5143861460956,3970,8796.2
884,184,538.8,1,1867.5143861460956,3970,285.48
885,208,666.84,2,1867.5143861460956,3970,516.5500000000001
886,248,252.51999999999998,1,1486.645,4,590.65
887,198,482.85,2,1867.5143861460956,3970,0.0
888,322,256.6,1,1867.5143861460956,3970,0.0
889,225,259.2,2,1867.5143861460956,3970,930.18
890,296,307.89,1,1867.5143861460956,3970,675.05
891,214,739.39,3,3110.9663829787237,47,12270.22
892,317,110.5,1,1867.5143861460956,3970,81.36
893,191,1673.05,3,1867.5143861460956,3970,2447.27
894,205,233.05,1,1867.5143861460956,3970,395.39
895,289,704.4,1,1867.5143861460956,3970,0.0
896,198,631.55,3,1867.5143861460956,3970,742.86
897,275,2613.02,3,1867.5143861460956,3970,1237.99
898,277,1385.1100000000001,2,1867.5143861460956,3970,816.8
899,204,2059.82,4,1867.5143861460956,3970,1961.03
900,225,1101.03,2,1867.5143861460956,3970,3253.29
901,323,1259.35,3,1867.5143861460956,3970,962.0200000000001
902,366,598.85,2,1867.5143861460956,3970,1597.8600000000001
903,210,168.25,1,1867.5143861460956,3970,288.15
904,182,22315.67,19,1867.5143861460956,3970,17351.52
905,203,5009.6900000000005,10,1867.5143861460956,3970,5524.18
906,208,928.62,2,1867.5143861460956,3970,423.42
907,298,471.25,2,1867.5143861460956,3970,271.65000000000003
908,206,671.97,1,1867.5143861460956,3970,669.59
909,313,302.08,1,1867.5143861460956,3970,756.0000000000001
910,263,1036.76,3,1867.5143861460956,3970,1038.55
911,185,1147.02,2,1867.5143861460956,3970,0.0
912,186,664.24,1,1867.5143861460956,3970,764.04
913,203,206.19,1,1867.5143861460956,3970,0.0
914,200,716.69,2,1867.5143861460956,3970,0.0
915,183,1064.1,4,1867.5143861460956,3970,306.24
916,182,868.96,3,1867.5143861460956,3970,0.0
917,273,153.60000000000002,2,1867.5143861460956,3970,320.5
918,329,361.81,1,1867.5143861460956,3970,339.8
919,205,245.48000000000002,1,1867.5143861460956,3970,0.0
920,266,945.32,3,1867.5143861460956,3970,637.96
921,214,2236.63,4,1867.5143861460956,3970,2675.75
922,259,200.63,1,1867.5143861460956,3970,0.0
923,204,476.89,1,1867.5143861460956,3970,1289.38
924,261,1241.61,5,1867.5143861460956,3970,1043.43
925,270,725.69,2,1867.5143861460956,3970,363.22
926,213,1076.1200000000001,4,1867.5143861460956,3970,1367.65
927,372,82.6,1,1867.5143861460956,3970,0.0
928,263,301.14,1,1867.5143861460956,3970,538.9100000000001
929,214,214.70999999999998,1,1867.5143861460956,3970,0.0
930,317,324.5,1,1867.5143861460956,3970,310.18
931,278,469.13,2,1867.5143861460956,3970,0.0
932,218,857.5,4,1867.5143861460956,3970,318.28
933,235,590.35,1,1867.5143861460956,3970,269.73
934,319,215.46,1,1867.5143861460956,3970,0.0
935,257,131.25,1,1867.5143861460956,3970,0.0
936,318,48.96,1,1867.5143861460956,3970,0.0
937,184,1570.35,4,1867.5143861460956,3970,1917.81
938,226,228.4,1,1867.5143861460956,3970,626.15
939,212,135.6,1,1867.5143861460956,3970,0.0
940,200,93.8,1,1867.5143861460956,3970,0.0
941,196,2269.25,6,1867.5143861460956,3970,2431.05
942,285,1180.94,4,1867.5143861460956,3970,453.0
943,198,1134.03,4,1867.5143861460956,3970,979.13
944,267,656.25,1,1867.5143861460956,3970,501.52
945,228,1692.83,5,1867.5143861460956,3970,1051.59
946,288,285.6,1,1867.5143861460956,3970,0.0
947,225,404.7,2,1867.5143861460956,3970,0.0
948,214,1114.29,6,1867.5143861460956,3970,310.5
949,196,1082.2800000000002,3,1867.5143861460956,3970,420.96000000000004
950,203,600.05,1,1867.5143861460956,3970,1096.5900000000001
951,318,465.5,2,1867.5143861460956,3970,182.17
952,187,2450.75,4,1867.5143861460956,3970,3740.57
953,327,400.8,1,1867.5143861460956,3970,850.85
954,186,1344.13,3,1867.5143861460956,3970,312.13
955,199,2430.5,6,1867.5143861460956,3970,3577.38
956,330,244.79999999999998,1,1867.5143861460956,3970,406.61
957,358,422.29,2,1867.5143861460956,3970,239.1
958,190,2153.08,3,1867.5143861460956,3970,5093.1900000000005
959,267,595.1,1,1867.5143861460956,3970,305.08
960,243,635.5,1,1867.5143861460956,3970,585.4000000000001
961,323,537.25,1,1867.5143861460956,3970,1606.59
962,189,182.64000000000001,1,1867.5143861460956,3970,0.0
963,219,365.48,1,1867.5143861460956,3970,530.36
964,203,6001.74,3,3583.9175,4,780.06
965,234,2093.75,4,1867.5143861460956,3970,2187.3
966,187,1518.27,4,1867.5143861460956,3970,1380.53
967,205,1621.55,2,2231.4836363636364,11,2155.65
968,246,196.07999999999998,1,1867.5143861460956,3970,449.11
969,180,1187.1,5,1867.5143861460956,3970,1459.08
970,194,581.35,3,1867.5143861460956,3970,395.95
971,287,3537.821,1,1867.5143861460956,3970,0.0
972,222,389.04,3,1867.5143861460956,3970,270.12
973,218,1319.6100000000001,3,1867.5143861460956,3970,3290.83
974,204,111.0,2,1867.5143861460956,3970,0.0
975,180,2317.41,6,1867.5143861460956,3970,570.0
976,184,1210.85,5,1867.5143861460956,3970,1163.65
977,186,616.58,4,1867.5143861460956,3970,1005.65
978,369,204.24,1,1867.5143861460956,3970,0.0
979,255,1141.47,2,1867.5143861460956,3970,970.74
980,227,400.95,2,1867.5143861460956,3970,0.0
981,325,291.38,1,1867.5143861460956,3970,0.0
982,215,730.42,1,1867.5143861460956,3970,0.0
983,340,165.0,1,1867.5143861460956,3970,495.0
984,318,578.68,2,1867.5143861460956,3970,697.98
985,369,355.13,1,1867.5143861460956,3970,627.73
986,354,303.85,1,1867.5143861460956,3970,716.62
987,248,893.4,2,1867.5143861460956,3970,781.5799999999999
988,372,120.0,1,1867.5143861460956,3970,0.0
989,273,528.6800000000001,2,1867.5143861460956,3970,220.38
990,189,97.5,1,1867.5143861460956,3970,78.0
991,248,450.85,1,1867.5143861460956,3970,660.7
992,190,596.52,2,1867.5143861460956,3970,1325.39
993,228,859.45,2,1867.5143861460956,3970,1887.46
994,367,114.3,1,1867.5143861460956,3970,147.6
995,295,51.0,1,1867.5143861460956,3970,0.0
996,215,1031.74,2,1867.5143861460956,3970,1097.68
997,309,221.69,1,1867.5143861460956,3970,0.0
998,186,308.67,1,1867.5143861460956,3970,1645.28
999,201,2870.53,7,1867.5143861460956,3970,3225.67
1000,235,391.5,1,1867.5143861460956,3970,887.0
1001,285,407.9,2,1867.5143861460956,3970,1493.3500000000001
1002,214,426.35,3,1867.5143861460956,3970,521.84
1003,204,271.46000000000004,1,1867.5143861460956,3970,60.959999999999994
1004,186,2174.18,4,1867.5143861460956,3970,1369.45
1005,186,196.1,1,1867.5143861460956,3970,1451.07
1006,319,206.09,2,1867.5143861460956,3970,0.0
1007,231,784.08,4,1867.5143861460956,3970,0.0
1008,203,1756.29,5,1867.5143861460956,3970,2152.15
1009,191,15211.44,40,1867.5143861460956,3970,4072.04
1010,196,1210.87,5,1867.5143861460956,3970,2060.62
1011,236,1785.1200000000001,4,1867.5143861460956,3970,1141.21
1012,214,789.7099999999999,2,1867.5143861460956,3970,726.94
1013,186,660.1,2,1867.5143861460956,3970,1163.96
1014,185,2184.28,4,1867.5143861460956,3970,982.26
1015,259,285.84000000000003,1,1867.5143861460956,3970,0.0
1016,180,659.4,2,1867.5143861460956,3970,323.19
1017,312,1143.91,4,1867.5143861460956,3970,1655.17
1018,231,634.58,4,1867.5143861460956,3970,403.45
1019,185,6070.9,10,1867.5143861460956,3970,5205.54
1020,310,349.25,1,1867.5143861460956,3970,0.0
1021,194,1438.28,3,1867.5143861460956,3970,1181.53
1022,206,1648.29,6,1867.5143861460956,3970,326.4
1023,229,510.31,2,1867.5143861460956,3970,117.0
1024,317,148.85,1,1867.5143861460956,3970,544.96
1025,228,173.72,1,1867.5143861460956,3970,172.49
1026,206,750.04,2,1867.5143861460956,3970,1241.45
1027,232,835.34,3,1867.5143861460956,3970,0.0
1028,290,655.5,3,1867.5143861460956,3970,0.0
1029,201,2855.13,13,1867.5143861460956,3970,1021.13
1030,246,645.07,4,1867.5143861460956,3970,1009.5600000000001
1031,228,529.79,1,1867.5143861460956,3970,149.65
1032,371,989.18,1,2231.4836363636364,11,1616.44
1033,239,183.45,1,1867.5143861460956,3970,188.14
1034,194,1001.85,2,1867.5143861460956,3970,1780.49
1035,180,554.9,4,1867.5143861460956,3970,413.1
1036,368,143.70000000000002,1,1867.5143861460956,3970,0.0
1037,317,323.74,2,1867.5143861460956,3970,190.8
1038,180,295.2,1,1867.5143861460956,3970,0.0
1039,257,256.83,1,1867.5143861460956,3970,471.65
1040,266,393.21,2,1867.5143861460956,3970,312.44
1041,214,135.39,1,1867.5143861460956,3970,0.0
1042,214,2031.72,13,1867.5143861460956,3970,974.9
1043,282,1208.0,5,1867.5143861460956,3970,1886.02
1044,324,202.35,1,1867.5143861460956,3970,221.5
1045,262,229.47,1,1867.5143861460956,3970,0.0
1046,205,162.07,1,1867.5143861460956,3970,0.0
1047,292,205.35999999999999,1,1867.5143861460956,3970,0.0
1048,269,143.85999999999999,1,1867.5143861460956,3970,0.0
1049,233,589.96,3,1867.5143861460956,3970,347.20000000000005
1050,183,10012.27,49,1867.5143861460956,3970,8692.14
1051,203,7034.93,6,1867.5143861460956,3970,533.2
1052,200,650.39,3,1867.5143861460956,3970,917.4
1053,219,168.48000000000002,2,1867.5143861460956,3970,716.1600000000001
1054,234,291.4,1,1867.5143861460956,3970,312.93
1055,316,76.32000000000001,1,1867.5143861460956,3970,0.0
1056,184,303.65,1,1867.5143861460956,3970,648.11
1057,184,42.5,1,1867.5143861460956,3970,79.2
1058,182,245.73000000000002,1,1867.5143861460956,3970,543.15
1059,319,518.35,1,1867.5143861460956,3970,693.86
1060,231,375.83,2,1867.5143861460956,3970,794.5
1061,190,336.91,2,1867.5143861460956,3970,251.31
1062,227,1368.42,3,1867.5143861460956,3970,2229.83
1063,198,1552.55,4,1867.5143861460956,3970,1067.1
1064,277,693.73,2,1867.5143861460956,3970,632.31
1065,313,106.67999999999999,1,1867.5143861460956,3970,0.0
1066,297,745.47,1,1867.5143861460956,3970,1249.0
1067,260,807.1,2,1867.5143861460956,3970,734.88
1068,253,986.08,3,1867.5143861460956,3970,0.0
1069,372,338.5,1,1867.5143861460956,3970,1078.46
1070,270,279.8,1,1867.5143861460956,3970,0.0
1071,190,110110.75,34,12217.545454545454,22,138285.75
1072,198,2846.46,9,1867.5143861460956,3970,1700.4
1073,198,1295.26,3,1867.5143861460956,3970,1062.76
1074,224,62.5,1,1867.5143861460956,3970,0.0
1075,198,835.02,4,1867.5143861460956,3970,544.5
1076,187,1251.38,4,1867.5143861460956,3970,415.61
1077,374,246.86,1,1867.5143861460956,3970,0.0
1078,232,972.54,1,1867.5143861460956,3970,973.74
1079,239,144.45,1,1867.5143861460956,3970,379.15
1080,268,221.65,2,1867.5143861460956,3970,423.51
1081,228,279.6,1,1867.5143861460956,3970,634.35
1082,187,5027.43,14,1867.5143861460956,3970,7658.51
1083,269,1973.94,4,1867.5143861460956,3970,0.0
1084,368,190.47,1,1867.5143861460956,3970,0.0
1085,185,1127.45,2,1867.5143861460956,3970,0.0
1086,316,155.86,1,1867.5143861460956,3970,191.73
1087,254,884.88,2,1867.5143861460956,3970,4923.67
1088,228,184.91,1,1867.5143861460956,3970,0.0
1089,215,403.39,1,1867.5143861460956,3970,0.0
1090,367,438.74,1,1867.5143861460956,3970,850.6999999999999
1091,184,18472.8,30,1867.5143861460956,3970,10185.86
1092,280,168.0,2,1867.5143861460956,3970,208.20000000000002
1093,260,469.22,2,1867.5143861460956,3970,993.59
1094,224,146.56,1,1867.5143861460956,3970,0.0
1095,212,4619.79,8,1867.5143861460956,3970,0.0
1096,295,316.97,2,1867.5143861460956,3970,568.86
1097,187,311.65999999999997,1,1867.5143861460956,3970,462.02000000000004
1098,197,261.52,2,1867.5143861460956,3970,892.02
1099,253,244.31,1,1867.5143861460956,3970,0.0
1100,368,984.03,2,1867.5143861460956,3970,636.0400000000001
1101,320,501.23,1,1867.5143861460956,3970,1511.49
1102,236,1850.46,6,1867.5143861460956,3970,1611.62
1103,260,119.84,1,1867.5143861460956,3970,146.82
1104,254,390.69,1,1867.5143861460956,3970,0.0
1105,212,69.6,1,1867.5143861460956,3970,69.6
1106,187,2056.56,6,1867.5143861460956,3970,1908.73
1107,200,597.93,5,1867.5143861460956,3970,718.53
1108,190,1281.51,6,1867.5143861460956,3970,1471.0
1109,211,463.12,2,1867.5143861460956,3970,282.93
1110,198,671.52,2,1867.5143861460956,3970,301.54999999999995
1111,369,81.3,1,1867.5143861460956,3970,0.0
1112,241,278.16,2,1867.5143861460956,3970,656.6
1113,226,345.25,1,1867.5143861460956,3970,0.0
1114,290,124.75,1,1867.5143861460956,3970,0.0
1115,182,199.35,2,1867.5143861460956,3970,0.0
1116,261,280.4,2,1867.5143861460956,3970,313.49
1117,225,1644.8100000000002,7,1867.5143861460956,3970,1169.77
1118,187,198.36,1,1867.5143861460956,3970,858.06
1119,197,2953.0,11,1867.5143861460956,3970,3221.47
1120,196,507.45,2,1867.5143861460956,3970,0.0
1121,190,4387.8,10,1867.5143861460956,3970,3997.42
1122,192,1535.44,5,1867.5143861460956,3970,1177.41
1123,228,50.48,1,1867.5143861460956,3970,0.0
1124,199,1137.7,4,1867.5143861460956,3970,1647.4
1125,199,829.05,4,1867.5143861460956,3970,522.5
1126,253,727.12,2,1867.5143861460956,3970,1009.45
1127,372,112.03,1,1867.5143861460956,3970,0.0
1128,320,126.45,2,1867.5143861460956,3970,0.0
1129,197,477.59000000000003,2,1867.5143861460956,3970,434.84
1130,217,2145.27,8,1867.5143861460956,3970,2817.0
1131,246,442.5,1,1867.5143861460956,3970,938.41
1132,262,117.05000000000001,1,1867.5143861460956,3970,0.0
1133,187,1319.53,1,1867.5143861460956,3970,2763.23
1134,262,2141.37,4,1867.5143861460956,3970,2955.76
1135,197,2292.7400000000002,4,1867.5143861460956,3970,468.48
1136,257,594.62,2,1867.5143861460956,3970,0.0
1137,228,140.55,1,1867.5143861460956,3970,0.0
1138,295,307.3,1,1867.5143861460956,3970,0.0
1139,186,90.96,1,1867.5143861460956,3970,0.0
1140,232,476.88,1,1867.5143861460956,3970,0.0
1141,253,800.88,3,1867.5143861460956,3970,980.68
1142,242,303.63,1,1867.5143861460956,3970,0.0
1143,253,750.65,4,1867.5143861460956,3970,2116.5
1144,246,334.49,2,1867.5143861460956,3970,216.07999999999998
1145,373,180.45,1,1867.5143861460956,3970,0.0
1146,257,197.78,1,1867.5143861460956,3970,352.21
1147,285,349.64,1,1867.5143861460956,3970,169.65
1148,257,686.76,2,1867.5143861460956,3970,0.0
1149,234,185.8,1,1867.5143861460956,3970,0.0
1150,246,460.34,1,1867.5143861460956,3970,475.1
1151,217,160.46,1,1867.5143861460956,3970,0.0
1152,236,987.38,2,1867.5143861460956,3970,1862.14
1153,283,108.5,1,1867.5143861460956,3970,404.11
1154,354,30.64,1,1867.5143861460956,3970,167.45
1155,228,265.12,2,1867.5143861460956,3970,502.35
1156,267,293.65,3,1867.5143861460956,3970,944.0
1157,200,1614.65,3,1867.5143861460956,3970,1280.55
1158,185,768.58,4,1867.5143861460956,3970,1929.5900000000001
1159,217,385.2,2,1867.5143861460956,3970,0.0
1160,301,0.0,1,1867.5143861460956,3970,0.0
1161,204,4748.16,5,1867.5143861460956,3970,2951.54
1162,316,1676.57,3,1867.5143861460956,3970,0.0
1163,266,322.69,1,1867.5143861460956,3970,0.0
1164,253,178.2,1,1867.5143861460956,3970,118.8
1165,227,743.23,2,1867.5143861460956,3970,1067.59
1166,372,119.10000000000001,1,1867.5143861460956,3970,654.57
1167,215,609.08,2,1867.5143861460956,3970,306.2
1168,281,1627.59,4,1867.5143861460956,3970,2239.65
1169,242,1160.66,1,1867.5143861460956,3970,2351.96
1170,235,150.0,1,1867.5143861460956,3970,0.0
1171,200,304.79999999999995,1,1867.5143861460956,3970,734.75
1172,180,4009.7400000000002,9,1867.5143861460956,3970,3823.17
1173,204,473.32,2,1867.5143861460956,3970,994.94
1174,266,318.06,1,1867.5143861460956,3970,0.0
1175,231,865.99,3,1867.5143861460956,3970,2444.5
1176,241,420.47,1,1867.5143861460956,3970,480.6
1177,212,948.91,2,1867.5143861460956,3970,614.12
1178,246,1623.8,1,1867.5143861460956,3970,4250.85
1179,192,1586.821,3,1867.5143861460956,3970,891.91
1180,190,351.9,1,1867.5143861460956,3970,0.0
1181,309,606.36,3,1867.5143861460956,3970,648.58
1182,374,31.200000000000003,1,1867.5143861460956,3970,46.32
1183,198,1796.84,11,1867.5143861460956,3970,444.94
1184,299,1142.41,2,1867.5143861460956,3970,936.13
1185,284,732.1,2,1867.5143861460956,3970,779.6
1186,186,610.79,4,1867.5143861460956,3970,125.8
1187,220,506.76,2,1867.5143861460956,3970,309.84000000000003
1188,269,334.45,1,1867.5143861460956,3970,0.0
1189,197,203.6,1,1867.5143861460956,3970,53.1
1190,278,206.7,1,1867.5143861460956,3970,230.3
1191,187,1341.56,8,1867.5143861460956,3970,1278.14
1192,320,185.06,1,1867.5143861460956,3970,0.0
1193,227,284.1,2,1867.5143861460956,3970,2754.35
1194,305,120.6,1,1867.5143861460956,3970,0.0
1195,254,691.6,2,1867.5143861460956,3970,0.0
1196,326,202.35000000000002,1,1867.5143861460956,3970,0.0
1197,253,571.76,1,1867.5143861460956,3970,0.0
1198,373,299.70000000000005,1,1867.5143861460956,3970,537.36
1199,186,6415.04,9,1867.5143861460956,3970,7565.79
1200,280,938.99,4,1867.5143861460956,3970,684.66
1201,228,621.66,2,1867.5143861460956,3970,1152.5
1202,241,1050.33,4,1867.5143861460956,3970,1153.96
1203,189,398.40000000000003,1,1867.5143861460956,3970,304.56
1204,242,674.2,3,1867.5143861460956,3970,681.04
1205,238,294.72,1,1867.5143861460956,3970,2369.9700000000003
1206,200,1105.28,2,1867.5143861460956,3970,299.4
1207,182,59580.35,75,71361.812,5,92567.22
1208,226,496.99999999999994,2,1369.7436363636364,11,524.4
1209,213,537.3100000000001,3,1867.5143861460956,3970,966.46
1210,215,1218.81,3,1867.5143861460956,3970,555.1600000000001
1211,232,1123.75,2,1867.5143861460956,3970,0.0
1212,183,1507.8700000000001,3,1867.5143861460956,3970,2837.79
1213,201,629.4,1,1867.5143861460956,3970,0.0
1214,246,620.96,2,1867.5143861460956,3970,0.0
1215,234,220.2,1,1867.5143861460956,3970,139.2
1216,263,223.91000000000003,1,1867.5143861460956,3970,0.0
1217,199,2005.63,2,2231.4836363636364,11,868.14
1218,255,1065.12,1,2231.4836363636364,11,0.0
1219,219,1194.48,2,2231.4836363636364,11,3079.31
1220,198,2322.43,2,2231.4836363636364,11,0.0
1221,369,182.01,1,1867.5143861460956,3970,349.48
1222,214,182.1,1,1867.5143861460956,3970,0.0
1223,228,440.78,3,1867.5143861460956,3970,305.78
1224,299,107.62,1,1867.5143861460956,3970,0.0
1225,239,1578.3,3,1867.5143861460956,3970,2306.12
1226,239,471.6,2,1867.5143861460956,3970,287.37
1227,284,330.77,3,1867.5143861460956,3970,184.23000000000002
1228,198,4700.2,12,1867.5143861460956,3970,4829.66
1229,339,167.27,1,1867.5143861460956,3970,0.0
1230,368,163.77,1,1867.5143861460956,3970,0.0
1231,280,274.8,1,1867.5143861460956,3970,0.0
1232,231,458.26,3,1867.5143861460956,3970,0.0
1233,191,4697.92,5,1867.5143861460956,3970,4667.55
1234,207,187.11,2,1867.5143861460956,3970,53.10000000000001
1235,359,335.12,2,1867.5143861460956,3970,589.4
1236,295,769.61,2,1867.5143861460956,3970,749.2
1237,339,906.23,1,1867.5143861460956,3970,0.0
1238,190,1951.08,5,1867.5143861460956,3970,1376.21
1239,361,31.929999999999996,1,1867.5143861460956,3970,0.0
1240,226,250.04,1,1867.5143861460956,3970,960.6800000000001
1241,371,439.46,1,1867.5143861460956,3970,0.0
1242,373,150.68,1,1867.5143861460956,3970,0.0
1243,208,237.78,1,1867.5143861460956,3970,0.0
1244,325,183.20000000000002,1,1867.5143861460956,3970,0.0
1245,187,509.5,3,1867.5143861460956,3970,548.64
1246,320,323.38,1,1867.5143861460956,3970,243.51999999999998
1247,354,566.6999999999999,4,1867.5143861460956,3970,820.75
1248,220,506.42,2,1867.5143861460956,3970,1225.64
1249,297,342.4,1,1867.5143861460956,3970,0.0
1250,248,305.42,2,1867.5143861460956,3970,0.0
1251,199,36.13,1,1867.5143861460956,3970,0.0
1252,224,346.65,2,1867.5143861460956,3970,613.98
1253,291,230.4,1,1867.5143861460956,3970,0.0
1254,241,113.49,1,1867.5143861460956,3970,227.37
1255,228,129.48000000000002,1,1867.5143861460956,3970,0.0
1256,296,1595.27,3,1867.5143861460956,3970,1580.25
1257,262,883.9,5,1867.5143861460956,3970,176.8
1258,187,3896.33,15,1867.5143861460956,3970,3893.3
1259,273,120.0,1,1867.5143861460956,3970,240.0
1260,212,246.52,1,1867.5143861460956,3970,191.06
1261,197,1134.66,7,1867.5143861460956,3970,506.64
1262,197,1905.63,11,1867.5143861460956,3970,459.39
1263,313,281.05,1,1867.5143861460956,3970,0.0
1264,207,1927.36,4,1867.5143861460956,3970,3440.56
1265,204,636.08,1,1867.5143861460956,3970,0.0
1266,199,1156.16,4,1867.5143861460956,3970,973.29
1267,255,365.1,1,1867.5143861460956,3970,0.0
1268,187,946.5300000000001,3,1867.5143861460956,3970,515.1
1269,214,1748.24,6,1867.5143861460956,3970,740.2
1270,239,2123.95,2,1867.5143861460956,3970,6697.6
1271,213,708.92,1,1867.5143861460956,3970,3295.87
1272,185,4209.0,17,1867.5143861460956,3970,15907.99
1273,231,179.52,1,1867.5143861460956,3970,0.0
1274,242,4194.58,7,1867.5143861460956,3970,4309.52
1275,187,1751.94,7,1867.5143861460956,3970,846.68
1276,297,766.12,2,1867.5143861460956,3970,1777.43
1277,229,422.62,2,1867.5143861460956,3970,137.45
1278,261,865.04,2,1867.5143861460956,3970,901.42
1279,228,511.25,2,1867.5143861460956,3970,773.79
1280,186,1294.35,6,1867.5143861460956,3970,891.5
1281,196,31248.079999999998,31,1867.5143861460956,3970,52036.299999999996
1282,246,585.73,1,1867.5143861460956,3970,1012.03
1283,211,648.78,2,1867.5143861460956,3970,605.63
1284,243,764.64,1,1867.5143861460956,3970,1368.48
1285,257,334.87,1,1867.5143861460956,3970,288.62
1286,227,630.85,2,1867.5143861460956,3970,106.2
1287,206,166.24,1,1867.5143861460956,3970,307.25
1288,232,725.78,2,1867.5143861460956,3970,1018.83
1289,366,873.48,1,1867.5143861460956,3970,1554.6
1290,186,3774.42,9,1867.5143861460956,3970,4244.35
1291,182,2066.7599999999998,4,1867.5143861460956,3970,804.98
1292,304,93.35000000000001,1,1867.5143861460956,3970,0.0
1293,281,349.4,1,1867.5143861460956,3970,615.8
1294,365,347.54,1,1867.5143861460956,3970,0.0
1295,200,218.53,2,1867.5143861460956,3970,0.0
1296,310,565.9,2,1867.5143861460956,3970,0.0
1297,232,3269.96,5,1867.5143861460956,3970,6459.13
1298,280,50.0,1,1867.5143861460956,3970,33.0
1299,232,704.89,2,1867.5143861460956,3970,1066.15
1300,219,660.27,2,1867.5143861460956,3970,0.0
1301,337,217.2,1,1867.5143861460956,3970,1801.5
1302,189,463.52,2,1867.5143861460956,3970,696.8900000000001
1303,182,355.89,1,1867.5143861460956,3970,198.77999999999997
1304,262,330.38,1,1867.5143861460956,3970,465.6
1305,215,498.15000000000003,2,1867.5143861460956,3970,0.0
1306,228,286.81,1,1867.5143861460956,3970,876.58
1307,247,209.4,1,1867.5143861460956,3970,0.0
1308,368,191.74,1,1867.5143861460956,3970,0.0
1309,270,359.69,2,1867.5143861460956,3970,574.5
1310,220,1143.67,2,1867.5143861460956,3970,1720.02
1311,269,456.65999999999997,1,1867.5143861460956,3970,2000.2
1312,287,134.03,1,1867.5143861460956,3970,132.6
1313,225,4063.4700000000003,4,1867.5143861460956,3970,1432.92
1314,323,192.45000000000002,1,1867.5143861460956,3970,257.04
1315,218,902.25,3,1867.5143861460956,3970,2510.53
1316,192,166.63,1,1867.5143861460956,3970,0.0
1317,316,392.82,1,1867.5143861460956,3970,430.58
1318,182,827.17,4,1867.5143861460956,3970,561.3
1319,240,1953.6000000000001,3,1867.5143861460956,3970,3626.27
1320,212,1033.81,4,1867.5143861460956,3970,0.0
1321,337,518.14,1,1867.5143861460956,3970,0.0
1322,205,718.04,2,1867.5143861460956,3970,0.0
1323,367,312.9,1,1867.5143861460956,3970,0.0
1324,186,582.85,3,1867.5143861460956,3970,643.02
1325,309,686.03,1,1867.5143861460956,3970,810.64
1326,362,356.17,1,1867.5143861460956,3970,213.05
1327,184,949.27,4,1867.5143861460956,3970,545.33
1328,303,988.04,1,1867.5143861460956,3970,0.0
1329,184,3771.39,5,1867.5143861460956,3970,1513.58
1330,225,452.84000000000003,1,1867.5143861460956,3970,364.09000000000003
1331,367,162.72,1,1867.5143861460956,3970,348.0
1332,199,963.5210000000001,2,1867.5143861460956,3970,1412.5810000000001
1333,183,639.93,3,1867.5143861460956,3970,0.0
1334,359,123.19,1,1867.5143861460956,3970,160.0
1335,212,518.86,2,1867.5143861460956,3970,472.93
1336,361,310.43,1,1867.5143861460956,3970,0.0
1337,324,342.75,2,1867.5143861460956,3970,245.3
1338,211,622.07,2,1867.5143861460956,3970,315.0
1339,239,2214.9900000000002,6,1867.5143861460956,3970,2596.17
1340,362,152.25,1,1867.5143861460956,3970,164.0
1341,364,117.96000000000001,1,1867.5143861460956,3970,679.94
1342,253,207.31,2,1867.5143861460956,3970,170.4
1343,211,300.90000000000003,1,1867.5143861460956,3970,1552.8
1344,247,293.06,1,1867.5143861460956,3970,313.35
1345,225,1237.25,5,1867.5143861460956,3970,1335.1299999999999
1346,183,408.0,1,1867.5143861460956,3970,275.92
1347,366,178.98000000000002,1,1867.5143861460956,3970,0.0
1348,211,301.92,1,1867.5143861460956,3970,543.09
1349,220,466.22,2,1867.5143861460956,3970,1221.27
1350,254,389.49,1,1867.5143861460956,3970,0.0
1351,199,426.24,1,1867.5143861460956,3970,0.0
1352,197,3104.93,6,1867.5143861460956,3970,2654.75
1353,284,379.7,1,1867.5143861460956,3970,0.0
1354,229,787.1500000000001,2,1867.5143861460956,3970,1275.05
1355,240,2420.66,8,1867.5143861460956,3970,545.25
1356,245,662.2,3,1867.5143861460956,3970,0.0
1357,282,389.2,2,1867.5143861460956,3970,160.07999999999998
1358,206,658.86,2,1867.5143861460956,3970,610.23
1359,222,160.5,1,1867.5143861460956,3970,0.0
1360,257,250.26,1,1867.5143861460956,3970,0.0
1361,220,931.23,2,1867.5143861460956,3970,1822.18
1362,206,848.26,2,1867.5143861460956,3970,445.46
1363,302,280.51,1,1867.5143861460956,3970,0.0
1364,231,512.26,1,1867.5143861460956,3970,1582.74
1365,191,266.25,1,1867.5143861460956,3970,0.0
1366,186,1580.95,3,1867.5143861460956,3970,996.59
1367,276,60.0,1,1867.5143861460956,3970,0.0
1368,201,7685.77,6,1867.5143861460956,3970,2153.78
1369,212,992.87,2,1867.5143861460956,3970,369.76
1370,222,411.46,1,1867.5143861460956,3970,725.4300000000001
1371,182,787.99,2,1867.5143861460956,3970,0.0
1372,180,399.44,2,1867.5143861460956,3970,2439.13
1373,197,71.95,1,1867.5143861460956,3970,0.0
1374,238,734.9,2,1867.5143861460956,3970,447.48
1375,186,2705.14,12,1867.5143861460956,3970,4672.32
1376,240,1839.52,2,1867.5143861460956,3970,0.0
1377,322,292.2,2,1867.5143861460956,3970,440.71000000000004
1378,241,547.6,1,1867.5143861460956,3970,414.30000000000007
1379,254,3471.7200000000003,8,1867.5143861460956,3970,2673.65
1380,208,956.55,2,1867.5143861460956,3970,406.99
1381,235,228.96,1,1867.5143861460956,3970,0.0
1382,197,496.15999999999997,4,1867.5143861460956,3970,0.0
1383,266,665.53,2,1867.5143861460956,3970,624.5
1384,207,141.6,1,1867.5143861460956,3970,151.5
1385,206,348.59,1,1867.5143861460956,3970,0.0
1386,373,58.2,1,1867.5143861460956,3970,311.14
1387,231,768.5600000000001,2,1867.5143861460956,3970,808.05
1388,257,439.62,1,1867.5143861460956,3970,213.69
1389,184,1007.04,3,1867.5143861460956,3970,1546.02
1390,214,5432.01,16,1867.5143861460956,3970,3746.25
1391,301,247.5,1,1867.5143861460956,3970,0.0
1392,290,217.23999999999998,1,1867.5143861460956,3970,0.0
1393,207,3312.59,2,1867.5143861460956,3970,3357.38
1394,184,2413.28,6,1867.5143861460956,3970,2246.19
1395,332,731.52,1,1867.5143861460956,3970,2753.01
1396,366,308.0,1,1867.5143861460956,3970,0.0
1397,201,650.16,2,1867.5143861460956,3970,0.0
1398,191,93.6,1,1867.5143861460956,3970,0.0
1399,200,1776.31,4,1867.5143861460956,3970,534.07
1400,246,797.96,4,1867.5143861460956,3970,0.0
1401,183,36885.07,74,1867.5143861460956,3970,19118.19
1402,217,1414.89,5,1867.5143861460956,3970,590.45
1403,313,129.75,1,1867.5143861460956,3970,0.0
1404,199,3005.91,8,1867.5143861460956,3970,955.51
1405,198,434.6,3,1867.5143861460956,3970,0.0
1406,337,140.22000000000003,1,1867.5143861460956,3970,0.0
1407,220,590.83,3,1867.5143861460956,3970,848.89
1408,245,1388.81,4,1867.5143861460956,3970,0.0
1409,210,789.47,4,1867.5143861460956,3970,1145.16
1410,245,365.59000000000003,1,1867.5143861460956,3970,402.32
1411,313,283.43,1,1867.5143861460956,3970,0.0
1412,259,290.73,2,1867.5143861460956,3970,963.04
1413,197,105.5,1,1867.5143861460956,3970,0.0
1414,184,114.95,1,1867.5143861460956,3970,0.0
1415,185,877.33,2,1867.5143861460956,3970,1521.6
1416,239,284.4,3,1867.5143861460956,3970,0.0
1417,213,2877.12,7,1867.5143861460956,3970,5826.09
1418,298,181.35,8,1867.5143861460956,3970,0.0
1419,374,310.75,1,1867.5143861460956,3970,302.33
1420,309,325.12,1,1867.5143861460956,3970,1917.69
1421,186,1126.79,3,1867.5143861460956,3970,659.78
1422,227,2048.87,5,1867.5143861460956,3970,1154.87
1423,227,1728.3999999999999,6,1867.5143861460956,3970,4522.86
1424,298,59.400000000000006,1,1867.5143861460956,3970,0.0
1425,297,2416.08,4,1867.5143861460956,3970,1593.58
1426,187,321.67,3,1867.5143861460956,3970,683.81
1427,260,139.32,1,1867.5143861460956,3970,0.0
1428,326,60.959999999999994,1,1867.5143861460956,3970,0.0
1429,185,1224.26,5,1867.5143861460956,3970,564.5400000000001
1430,219,349.5,1,1867.5143861460956,3970,944.22
1431,217,3766.73,3,1867.5143861460956,3970,4011.11
1432,228,276.5,1,1867.5143861460956,3970,1108.88
1433,313,307.8,1,1867.5143861460956,3970,317.4
1434,191,1733.8,3,1867.5143861460956,3970,500.0
1435,220,289.87,1,1867.5143861460956,3970,0.0
1436,203,659.48,3,1867.5143861460956,3970,0.0
1437,201,1027.66,3,1867.5143861460956,3970,2075.6
1438,219,508.20000000000005,1,1867.5143861460956,3970,0.0
1439,196,194.0,1,1867.5143861460956,3970,392.1
1440,204,136.20000000000002,1,1867.5143861460956,3970,80.75
1441,227,584.06,1,1867.5143861460956,3970,619.71
1442,366,95.75999999999999,1,1867.5143861460956,3970,75.12
1443,212,310.74,1,1867.5143861460956,3970,0.0
1444,357,131.25,1,1867.5143861460956,3970,0.0
1445,204,1234.88,2,1867.5143861460956,3970,0.0
1446,327,6798.72,5,1867.5143861460956,3970,0.0
1447,312,389.03000000000003,1,1867.5143861460956,3970,199.47
1448,222,206.49,1,1867.5143861460956,3970,245.83
1449,194,636.0,5,1867.5143861460956,3970,107.0
1450,199,1733.95,4,1867.5143861460956,3970,1121.03
1451,206,758.7,2,1867.5143861460956,3970,763.5699999999999
1452,217,223.39,2,1867.5143861460956,3970,0.0
1453,264,1509.67,2,1867.5143861460956,3970,434.90000000000003
1454,222,407.57,1,1867.5143861460956,3970,760.43
1455,273,381.72,2,1867.5143861460956,3970,287.25
1456,320,285.35,1,1867.5143861460956,3970,1240.23
1457,276,193.29000000000002,1,1867.5143861460956,3970,0.0
1458,289,748.85,2,1867.5143861460956,3970,520.2
1459,366,301.57,1,1867.5143861460956,3970,952.64
1460,194,1224.99,5,1867.5143861460956,3970,714.03
1461,226,171.0,1,1867.5143861460956,3970,0.0
1462,264,230.77,2,1867.5143861460956,3970,176.18
1463,234,237.06,3,1867.5143861460956,3970,100.65
1464,310,294.17,1,1867.5143861460956,3970,0.0
1465,235,110.26,1,1867.5143861460956,3970,122.95
1466,254,128.59,1,1867.5143861460956,3970,0.0
1467,233,38.25,1,1867.5143861460956,3970,0.0
1468,206,1109.35,5,1867.5143861460956,3970,562.7
1469,267,210.0,1,1867.5143861460956,3970,219.7
1470,217,1908.95,9,1867.5143861460956,3970,3392.08
1471,242,910.26,2,1867.5143861460956,3970,326.22
1472,211,63.419999999999995,1,1867.5143861460956,3970,0.0
1473,186,269.25,1,1867.5143861460956,3970,577.83
1474,231,163.1,1,1867.5143861460956,3970,0.0
1475,285,368.4,1,1867.5143861460956,3970,0.0
1476,211,583.56,1,1867.5143861460956,3970,0.0
1477,369,147.4,1,1867.5143861460956,3970,0.0
1478,312,1636.38,2,5373.5,1,3737.12
1479,236,2842.43,6,1867.5143861460956,3970,695.17
1480,320,175.26,1,1867.5143861460956,3970,453.13
1481,370,689.5,1,1867.5143861460956,3970,372.19
1482,317,1222.92,3,1867.5143861460956,3970,1973.5900000000001
1483,315,231.32,1,1867.5143861460956,3970,0.0
1484,219,37.980000000000004,1,1867.5143861460956,3970,302.62
1485,243,413.20000000000005,2,1867.5143861460956,3970,872.13
1486,248,779.94,2,1867.5143861460956,3970,1533.24
1487,364,917.76,1,1867.5143861460956,3970,1563.06
1488,267,146.14000000000001,1,1867.5143861460956,3970,0.0
1489,213,3816.0099999999998,5,1867.5143861460956,3970,3579.18
1490,199,6583.01,6,1867.5143861460956,3970,6140.17
1491,359,161.6,1,1867.5143861460956,3970,0.0
1492,190,1686.41,1,1867.5143861460956,3970,1922.1299999999999
1493,362,120.06,1,1867.5143861460956,3970,0.0
1494,242,309.18,2,1867.5143861460956,3970,61.84
1495,312,39.0,1,1867.5143861460956,3970,171.58
1496,180,5368.77,10,1867.5143861460956,3970,7623.56
1497,231,1770.95,5,1867.5143861460956,3970,688.14
1498,200,1606.1200000000001,5,1867.5143861460956,3970,670.37
1499,182,1807.32,4,1867.5143861460956,3970,2299.17
1500,185,5578.77,9,1867.5143861460956,3970,11369.21
1501,242,151.4,1,1867.5143861460956,3970,0.0
1502,184,1902.3600000000001,9,1867.5143861460956,3970,1243.5
1503,185,406.04,1,1867.5143861460956,3970,1784.93
1504,361,162.25,1,1867.5143861460956,3970,0.0
1505,235,2800.3999999999996,4,1867.5143861460956,3970,558.0
1506,373,540.73,2,1867.5143861460956,3970,377.71999999999997
1507,189,2735.0499999999997,7,1867.5143861460956,3970,1880.67
1508,242,1079.1000000000001,2,1867.5143861460956,3970,0.0
1509,189,2476.82,5,1867.5143861460956,3970,2722.73
1510,231,158.09,1,1867.5143861460956,3970,0.0
1511,260,380.65,3,1867.5143861460956,3970,272.05
1512,311,700.71,4,1867.5143861460956,3970,942.46
1513,186,287.12,1,1867.5143861460956,3970,986.9
1514,259,162.4,1,1867.5143861460956,3970,0.0
1515,194,3138.82,9,1867.5143861460956,3970,4168.36
1516,275,214.13,1,1867.5143861460956,3970,0.0
1517,204,1109.4,1,1867.5143861460956,3970,0.0
1518,180,1033.6,3,1867.5143861460956,3970,100.2
1519,362,360.51000000000005,1,1867.5143861460956,3970,178.32
1520,240,953.78,2,1867.5143861460956,3970,512.78
1521,312,35.04,1,1867.5143861460956,3970,35.7
1522,360,138.22,1,1867.5143861460956,3970,89.65
1523,236,780.03,2,1867.5143861460956,3970,1430.61
1524,184,2634.64,6,1867.5143861460956,3970,2510.88
1525,194,766.39,4,1867.5143861460956,3970,2634.81
1526,240,359.11,1,1867.5143861460956,3970,1156.7
1527,254,599.73,3,1867.5143861460956,3970,0.0
1528,255,30.1,1,1867.5143861460956,3970,0.0
1529,359,139.1,2,1867.5143861460956,3970,0.0
1530,194,535.66,3,1867.5143861460956,3970,845.53
1531,205,1152.05,13,1867.5143861460956,3970,2962.57
1532,306,357.04,1,1867.5143861460956,3970,195.35
1533,228,1139.1,3,1867.5143861460956,3970,0.0
1534,313,579.6,1,1867.5143861460956,3970,0.0
1535,219,694.76,3,1867.5143861460956,3970,801.84
1536,218,217.9,3,1867.5143861460956,3970,0.0
1537,211,238.8,1,1867.5143861460956,3970,0.0
1538,229,328.48,1,1867.5143861460956,3970,870.83
1539,183,5706.84,12,1867.5143861460956,3970,2476.7200000000003
1540,260,527.4,3,1867.5143861460956,3970,1405.24
1541,284,40.0,1,1867.5143861460956,3970,0.0
1542,224,543.72,4,1867.5143861460956,3970,194.85000000000002
1543,225,905.75,3,1867.5143861460956,3970,1405.08
1544,197,1534.01,7,1867.5143861460956,3970,70.2
1545,194,788.6800000000001,8,1867.5143861460956,3970,617.15
1546,246,433.71999999999997,1,1867.5143861460956,3970,0.0
1547,262,1327.98,1,1867.5143861460956,3970,1819.38
1548,183,5334.21,12,1867.5143861460956,3970,5640.02
1549,186,3829.15,7,1867.5143861460956,3970,313.9
1550,191,1422.84,4,1867.5143861460956,3970,713.1800000000001
1551,238,908.33,3,1867.5143861460956,3970,1873.69
1552,280,295.05,1,1867.5143861460956,3970,0.0
1553,278,596.67,1,1867.5143861460956,3970,0.0
1554,180,4164.51,12,1867.5143861460956,3970,187.95
1555,205,388.94,1,1867.5143861460956,3970,330.88
1556,276,412.98,2,1867.5143861460956,3970,161.25
1557,229,575.4,2,1867.5143861460956,3970,1689.8
1558,241,394.24,1,1867.5143861460956,3970,245.51999999999998
1559,186,5906.19,9,1867.5143861460956,3970,5535.73
1560,225,1722.01,4,1867.5143861460956,3970,1736.3400000000001
1561,365,105.78000000000002,1,1867.5143861460956,3970,0.0
1562,264,359.08,1,1867.5143861460956,3970,194.8
1563,232,291.26,1,1867.5143861460956,3970,321.5
1564,372,321.65,1,1867.5143861460956,3970,1077.72
1565,289,108.44,1,1867.5143861460956,3970,117.6
1566,204,368.12,3,1867.5143861460956,3970,844.01
1567,214,320.95,1,1867.5143861460956,3970,585.2
1568,297,283.73,2,1867.5143861460956,3970,0.0
1569,217,527.78,2,1867.5143861460956,3970,339.82
1570,271,591.43,1,1867.5143861460956,3970,1181.68
1571,192,152.15,1,1867.5143861460956,3970,0.0
1572,361,45.300000000000004,1,1867.5143861460956,3970,0.0
1573,207,1780.81,3,1867.5143861460956,3970,1752.96
1574,196,2660.98,4,1867.5143861460956,3970,1840.65
1575,217,1686.99,5,1867.5143861460956,3970,1486.91
1576,186,598.0,2,1867.5143861460956,3970,965.54
1577,235,318.24,2,1867.5143861460956,3970,0.0
1578,183,173.95,3,1867.5143861460956,3970,0.0
1579,253,266.93,1,1867.5143861460956,3970,0.0
1580,225,359.5,2,1867.5143861460956,3970,75.0
1581,295,37.5,1,1867.5143861460956,3970,0.0
1582,231,811.47,2,1867.5143861460956,3970,3519.94
1583,233,721.06,2,1867.5143861460956,3970,0.0
1584,183,817.02,4,1867.5143861460956,3970,353.09000000000003
1585,325,246.75,1,1867.5143861460956,3970,0.0
1586,260,46.2,1,1867.5143861460956,3970,0.0
1587,318,27.82,1,140.39,1,112.57000000000001
1588,219,841.17,1,1867.5143861460956,3970,683.1700000000001
1589,225,194.6,1,1867.5143861460956,3970,0.0
1590,192,420.25,2,1867.5143861460956,3970,0.0
1591,180,1591.15,4,1867.5143861460956,3970,808.9
1592,255,482.94,2,1867.5143861460956,3970,171.15
1593,185,300.0,2,1867.5143861460956,3970,153.93
1594,191,658.02,5,1867.5143861460956,3970,0.0
1595,208,834.96,4,1867.5143861460956,3970,1103.04
1596,228,73.5,1,1867.5143861460956,3970,383.20000000000005
1597,197,2980.43,10,1867.5143861460956,3970,2197.02
1598,186,143.19,1,1867.5143861460956,3970,0.0
1599,239,1134.79,3,1867.5143861460956,3970,1900.75
1600,210,240.91,1,1867.5143861460956,3970,503.64
1601,190,1937.66,3,1867.5143861460956,3970,2328.89
1602,189,125.3,1,1867.5143861460956,3970,0.0
1603,222,889.63,7,1867.5143861460956,3970,498.32
1604,183,310.65000000000003,1,1867.5143861460956,3970,613.2
1605,180,5466.43,16,1867.5143861460956,3970,3094.12
1606,254,63.150000000000006,1,1867.5143861460956,3970,145.47
1607,255,156.87,1,1867.5143861460956,3970,0.0
1608,231,357.33,2,1867.5143861460956,3970,1231.24
1609,198,952.63,3,1867.5143861460956,3970,3379.081
1610,180,991.97,8,1867.5143861460956,3970,388.47
1611,253,2126.82,4,1867.5143861460956,3970,452.22
1612,182,2029.9,6,1867.5143861460956,3970,1598.97
1613,183,529.07,1,1867.5143861460956,3970,1696.8700000000001
1614,210,252.93,2,1867.5143861460956,3970,324.96000000000004
1615,266,13916.34,2,4788.836,5,0.0
1616,302,370.63,1,1867.5143861460956,3970,0.0
1617,318,201.60000000000002,1,1867.5143861460956,3970,314.4
1618,185,13280.19,26,1867.5143861460956,3970,1699.07
1619,182,14991.0,8,1867.5143861460956,3970,17460.6
1620,248,321.45,1,1867.5143861460956,3970,0.0
1621,240,1006.54,3,1867.5143861460956,3970,0.0
1622,208,549.54,3,1867.5143861460956,3970,509.6
1623,267,45.6,1,1867.5143861460956,3970,0.0
1624,204,9.3,1,1867.5143861460956,3970,706.2
1625,308,466.19,1,1867.5143861460956,3970,382.14
1626,197,1773.93,5,1867.5143861460956,3970,1867.03
1627,259,383.75,1,1867.5143861460956,3970,1226.96
1628,226,997.38,2,1867.5143861460956,3970,998.27
1629,254,476.84000000000003,1,1867.5143861460956,3970,457.0
1630,235,792.58,3,1867.5143861460956,3970,641.38
1631,372,777.0,2,1867.5143861460956,3970,0.0
1632,222,986.38,6,1867.5143861460956,3970,383.48
1633,187,1215.28,3,1867.5143861460956,3970,1248.99
1634,217,613.6800000000001,2,1867.5143861460956,3970,0.0
1635,281,1124.66,2,1867.5143861460956,3970,410.71000000000004
1636,254,367.58,4,1867.5143861460956,3970,175.92000000000002
1637,312,603.8,1,1867.5143861460956,3970,910.04
1638,211,1933.57,4,1867.5143861460956,3970,2727.1800000000003
1639,302,401.94,1,1867.5143861460956,3970,511.68
1640,180,8819.07,11,1867.5143861460956,3970,5855.89
1641,263,849.2,2,1867.5143861460956,3970,757.86
1642,190,2531.92,5,1867.5143861460956,3970,868.4100000000001
1643,239,294.08,1,1867.5143861460956,3970,395.03000000000003
1644,224,340.5,1,1867.5143861460956,3970,0.0
1645,224,1030.3,4,1867.5143861460956,3970,999.04
1646,187,785.29,3,1867.5143861460956,3970,169.3
1647,365,3867.17,2,1867.5143861460956,3970,15.0
1648,204,943.97,1,1867.5143861460956,3970,0.0
1649,197,1059.1,8,1867.5143861460956,3970,898.88
1650,373,80.4,1,1867.5143861460956,3970,0.0
1651,191,1890.56,4,1867.5143861460956,3970,38629.36
1652,355,603.75,2,1867.5143861460956,3970,914.6
1653,227,595.96,2,1867.5143861460956,3970,118.55000000000001
1654,277,80.62,1,1867.5143861460956,3970,352.68
1655,257,139.94,1,1867.5143861460956,3970,0.0
1656,362,106.65,1,1867.5143861460956,3970,713.22
1657,185,1056.82,4,1867.5143861460956,3970,1552.3400000000001
1658,182,8381.03,12,1867.5143861460956,3970,9451.74
1659,192,1487.41,5,1867.5143861460956,3970,1034.11
1660,194,636.97,5,1867.5143861460956,3970,891.03
1661,203,923.07,3,1867.5143861460956,3970,313.36
1662,196,1297.19,7,1867.5143861460956,3970,798.22
1663,253,289.86,3,1867.5143861460956,3970,0.0
1664,339,714.05,1,1867.5143861460956,3970,639.74
1665,190,3328.06,11,1867.5143861460956,3970,1923.25
1666,219,94.53,1,1867.5143861460956,3970,0.0
1667,262,174.02,1,1867.5143861460956,3970,0.0
1668,186,121.54,1,1867.5143861460956,3970,313.21
1669,206,3316.51,8,1867.5143861460956,3970,3562.37
1670,282,111.72,1,1867.5143861460956,3970,0.0
1671,197,330.77,2,1867.5143861460956,3970,0.0
1672,205,625.22,2,1867.5143861460956,3970,532.08
1673,312,347.94,2,1867.5143861460956,3970,631.6800000000001
1674,372,241.8,1,1867.5143861460956,3970,7.9
1675,234,504.85,4,1867.5143861460956,3970,1067.62
1676,234,294.37,1,1867.5143861460956,3970,577.41
1677,191,442.15,1,1867.5143861460956,3970,585.0
1678,220,789.9399999999999,5,1867.5143861460956,3970,569.47
1679,233,286.95,2,1867.5143861460956,3970,248.70000000000002
1680,305,128.2,1,1867.5143861460956,3970,0.0
1681,182,2541.23,14,1867.5143861460956,3970,1666.2
1682,198,136.22,1,1867.5143861460956,3970,413.07
1683,330,39.8,1,1867.5143861460956,3970,3773.28
1684,182,770.37,4,1867.5143861460956,3970,679.25
1685,259,1702.34,8,1867.5143861460956,3970,0.0
1686,205,654.99,6,1867.5143861460956,3970,155.09
1687,194,1105.7,4,1867.5143861460956,3970,793.38
1688,242,437.53000000000003,4,1867.5143861460956,3970,0.0
1689,267,248.65,1,1867.5143861460956,3970,0.0
1690,261,164.49,3,1867.5143861460956,3970,239.65
1691,276,100.18,1,1867.5143861460956,3970,365.9
1692,367,102.82,1,1867.5143861460956,3970,0.0
1693,283,123.39,1,1867.5143861460956,3970,0.0
1694,292,293.53,1,1867.5143861460956,3970,0.0
1695,280,594.0,1,1867.5143861460956,3970,0.0
1696,192,112.24,1,1867.5143861460956,3970,217.99
1697,273,405.0,1,1867.5143861460956,3970,0.0
1698,285,271.28999999999996,2,1867.5143861460956,3970,0.0
1699,362,588.4,1,1867.5143861460956,3970,1250.74
1700,329,351.32,2,1867.5143861460956,3970,294.95000000000005
1701,269,1155.02,1,1867.5143861460956,3970,1149.16
1702,190,2199.4900000000002,3,1867.5143861460956,3970,3215.71
1703,285,647.48,3,1867.5143861460956,3970,1362.69
1704,225,190.75,1,1867.5143861460956,3970,0.0
1705,218,1623.63,3,1867.5143861460956,3970,2618.4700000000003
1706,187,617.6,2,1867.5143861460956,3970,0.0
1707,186,81.44999999999999,1,1867.5143861460956,3970,307.19
1708,318,579.49,3,1867.5143861460956,3970,0.0
1709,299,272.96000000000004,1,1867.5143861460956,3970,0.0
1710,241,849.3,4,1867.5143861460956,3970,1318.15
1711,206,652.89,4,1867.5143861460956,3970,1969.88
1712,234,703.22,1,1867.5143861460956,3970,0.0
1713,360,446.28,2,1867.5143861460956,3970,1256.7000000000003
1714,210,1113.86,2,1867.5143861460956,3970,696.4100000000001
1715,187,200.35999999999999,1,1867.5143861460956,3970,1115.34
1716,280,599.12,1,1867.5143861460956,3970,1581.52
1717,238,329.22,1,1867.5143861460956,3970,0.0
1718,192,2177.64,2,1867.5143861460956,3970,2017.1799999999998
1719,206,2137.44,4,1867.5143861460956,3970,3816.85
1720,241,324.51,1,1867.5143861460956,3970,0.0
1721,362,1199.59,3,1867.5143861460956,3970,1284.21
1722,198,3228.11,12,1867.5143861460956,3970,2693.54
1723,197,487.92,1,1867.5143861460956,3970,1084.94
1724,187,612.0600000000001,2,1867.5143861460956,3970,0.0
1725,373,143.11,1,1867.5143861460956,3970,229.4
1726,228,852.63,4,1867.5143861460956,3970,365.31
1727,271,404.16,1,1867.5143861460956,3970,370.95000000000005
1728,262,2722.0099999999998,6,1867.5143861460956,3970,2496.36
1729,371,20.4,1,1867.5143861460956,3970,0.0
1730,261,169.21,1,1867.5143861460956,3970,0.0
1731,261,997.27,3,1867.5143861460956,3970,1881.19
1732,199,1763.44,3,1867.5143861460956,3970,382.95000000000005
1733,198,849.39,4,1867.5143861460956,3970,4055.96
1734,194,950.98,6,1867.5143861460956,3970,1566.77
1735,198,5081.12,15,1867.5143861460956,3970,15234.72
1736,313,257.71,1,1867.5143861460956,3970,210.18
1737,267,927.35,3,1867.5143861460956,3970,414.6
1738,368,195.78,1,1867.5143861460956,3970,93.44999999999999
1739,256,4264.32,8,1867.5143861460956,3970,9415.29
1740,180,151.39,1,1867.5143861460956,3970,380.86
1741,217,961.1,7,1867.5143861460956,3970,152.64000000000001
1742,231,82.2,1,1867.5143861460956,3970,0.0
1743,184,25878.52,25,1867.5143861460956,3970,15305.78
1744,196,217.73,1,1867.5143861460956,3970,0.0
1745,256,848.6800000000001,1,1867.5143861460956,3970,949.24
1746,180,654.32,2,1867.5143861460956,3970,0.0
1747,264,143.48000000000002,1,1867.5143861460956,3970,312.92
1748,245,374.95,1,1867.5143861460956,3970,728.4
1749,198,235.78,1,1867.5143861460956,3970,0.0
1750,318,107.14,1,71361.812,5,0.0
1751,185,201.0,1,1867.5143861460956,3970,617.7900000000001
1752,317,188.44,1,1867.5143861460956,3970,0.0
1753,246,632.66,1,1867.5143861460956,3970,1490.23
1754,253,452.48,1,1867.5143861460956,3970,875.5
1755,291,1265.43,2,1867.5143861460956,3970,326.3
1756,187,372.05,2,1867.5143861460956,3970,1385.8600000000001
1757,361,111.0,1,1867.5143861460956,3970,0.0
1758,198,3395.29,3,1867.5143861460956,3970,0.0
1759,229,122.93,1,1867.5143861460956,3970,0.0
1760,262,566.16,2,1867.5143861460956,3970,184.4
1761,185,1859.64,1,1867.5143861460956,3970,1884.93
1762,200,469.70000000000005,1,1867.5143861460956,3970,267.23
1763,261,2300.4,1,1867.5143861460956,3970,0.0
1764,305,283.79,1,1867.5143861460956,3970,0.0
1765,210,273.03,2,1867.5143861460956,3970,1380.25
1766,306,106.75,1,1867.5143861460956,3970,0.0
1767,254,679.65,3,1867.5143861460956,3970,682.37
1768,185,950.86,3,1867.5143861460956,3970,792.74
1769,245,997.24,3,1867.5143861460956,3970,742.6800000000001
1770,211,1437.43,2,1867.5143861460956,3970,0.0
1771,260,205.91,1,1867.5143861460956,3970,0.0
1772,215,473.42,2,1867.5143861460956,3970,296.66
1773,207,690.75,2,1867.5143861460956,3970,1926.58
1774,224,883.47,2,1867.5143861460956,3970,380.88
1775,185,1015.73,4,1867.5143861460956,3970,1426.74
1776,228,383.2,2,1867.5143861460956,3970,458.1
1777,197,823.51,1,1867.5143861460956,3970,1114.95
1778,205,1557.88,6,1867.5143861460956,3970,3204.19
1779,243,1873.6,6,1867.5143861460956,3970,602.65
1780,240,595.55,1,1867.5143861460956,3970,1453.68
1781,218,860.99,2,1867.5143861460956,3970,532.4300000000001
1782,334,327.6,1,1867.5143861460956,3970,0.0
1783,210,194.03,1,1867.5143861460956,3970,713.14
1784,227,133.5,1,1867.5143861460956,3970,288.69
1785,288,4376.25,1,1867.5143861460956,3970,0.0
1786,222,313.19,2,1867.5143861460956,3970,984.26
1787,201,155.67,1,1867.5143861460956,3970,454.31
1788,219,931.64,2,1867.5143861460956,3970,591.85
1789,199,2739.15,8,1867.5143861460956,3970,1559.15
1790,218,2135.34,5,1867.5143861460956,3970,6223.6900000000005
1791,362,145.06,1,1867.5143861460956,3970,0.0
1792,189,713.25,3,1867.5143861460956,3970,274.23
1793,232,4499.94,2,1867.5143861460956,3970,1950.94
1794,180,664.1999999999999,2,1867.5143861460956,3970,0.0
1795,189,1726.94,5,1867.5143861460956,3970,6676.28
1796,219,301.9,1,1867.5143861460956,3970,0.0
1797,299,237.42,1,1867.5143861460956,3970,0.0
1798,316,422.7,1,1867.5143861460956,3970,0.0
1799,226,516.21,1,1867.5143861460956,3970,394.14
1800,358,475.74,2,1867.5143861460956,3970,0.0
1801,211,1137.49,3,1867.5143861460956,3970,1348.4
1802,182,1154.24,2,1867.5143861460956,3970,1851.71
1803,206,1186.3700000000001,2,1867.5143861460956,3970,837.5400000000001
1804,224,994.3199999999999,3,1867.5143861460956,3970,1348.25
1805,198,1395.98,1,1867.5143861460956,3970,1913.28
1806,280,1073.77,4,1867.5143861460956,3970,2022.3700000000001
1807,180,557.17,8,1867.5143861460956,3970,71.15
1808,283,657.01,2,1867.5143861460956,3970,227.58
1809,182,834.91,7,1867.5143861460956,3970,6421.33
1810,182,1160.53,3,1867.5143861460956,3970,832.45
1811,327,239.84,1,1867.5143861460956,3970,195.99
1812,253,873.24,2,1867.5143861460956,3970,512.88
1813,183,1574.51,13,1867.5143861460956,3970,5274.36
1814,182,1999.81,6,1867.5143861460956,3970,2984.14
1815,217,516.3,2,1867.5143861460956,3970,720.9
1816,199,289.65,1,1867.5143861460956,3970,509.2
1817,232,745.39,2,1867.5143861460956,3970,1307.3
1818,204,707.28,2,1867.5143861460956,3970,1208.08
1819,226,1209.0,2,1867.5143861460956,3970,2145.0
1820,200,115.31,1,1867.5143861460956,3970,0.0
1821,184,2159.89,6,1867.5143861460956,3970,2859.28
1822,196,986.97,3,1867.5143861460956,3970,1521.5
1823,182,2380.08,2,1867.5143861460956,3970,8127.42
1824,371,351.3,1,1867.5143861460956,3970,0.0
1825,359,323.25,1,1867.5143861460956,3970,0.0
1826,227,800.8,3,1867.5143861460956,3970,1215.91
1827,184,132.0,2,1867.5143861460956,3970,810.75
1828,187,3476.32,8,1867.5143861460956,3970,1086.51
1829,190,1427.35,6,1867.5143861460956,3970,709.37
1830,367,213.27,1,1867.5143861460956,3970,325.26
1831,183,768.88,3,1867.5143861460956,3970,1296.38
1832,208,1275.81,3,1867.5143861460956,3970,1500.38
1833,182,757.26,1,1867.5143861460956,3970,1126.9
1834,227,5733.04,11,1867.5143861460956,3970,11670.17
1835,254,603.37,2,1867.5143861460956,3970,0.0
1836,197,113.2,1,1867.5143861460956,3970,1242.09
1837,357,498.5,1,1867.5143861460956,3970,0.0
1838,184,1147.8700000000001,6,1867.5143861460956,3970,623.22
1839,200,420.36,1,1867.5143861460956,3970,1436.9
1840,233,291.55,1,1867.5143861460956,3970,786.67
1841,186,678.75,1,1867.5143861460956,3970,1043.34
1842,200,814.85,3,1867.5143861460956,3970,614.18
1843,197,91.36,1,1867.5143861460956,3970,241.82
1844,187,1590.1,3,1867.5143861460956,3970,2281.09
1845,305,166.9,1,1867.5143861460956,3970,660.35
1846,325,1055.53,2,1867.5143861460956,3970,2570.7599999999998
1847,268,177.44,1,1867.5143861460956,3970,807.7
1848,187,951.35,3,1867.5143861460956,3970,1335.54
1849,233,569.84,1,1867.5143861460956,3970,307.1
1850,224,1575.79,3,1867.5143861460956,3970,5163.22
1851,241,159.82,2,1867.5143861460956,3970,202.12
1852,248,271.12,2,1867.5143861460956,3970,624.9399999999999
1853,227,186.66,1,1867.5143861460956,3970,0.0
1854,187,1175.99,2,1867.5143861460956,3970,857.79
1855,284,336.03999999999996,2,1867.5143861460956,3970,0.0
1856,277,695.84,1,1867.5143861460956,3970,895.4
1857,243,1057.3600000000001,1,1867.5143861460956,3970,761.4300000000001
1858,369,188.69,1,1867.5143861460956,3970,0.0
1859,190,1237.26,2,1867.5143861460956,3970,2958.2400000000002
1860,361,238.05,1,1867.5143861460956,3970,0.0
1861,318,781.52,1,1867.5143861460956,3970,580.44
1862,354,270.0,1,1867.5143861460956,3970,869.28
1863,285,873.12,1,1867.5143861460956,3970,1959.89
1864,282,176.9,1,1867.5143861460956,3970,0.0
1865,259,272.95,1,1867.5143861460956,3970,56.0
1866,277,364.32,2,1867.5143861460956,3970,500.16
1867,180,1850.65,2,1867.5143861460956,3970,218.65
1868,318,117.72,1,1324.745,18,0.0
1869,180,509.21,2,1867.5143861460956,3970,442.3
1870,205,610.31,2,1867.5143861460956,3970,1798.65
1871,262,1313.67,4,1867.5143861460956,3970,0.0
1872,261,863.47,2,1867.5143861460956,3970,528.96
1873,372,107.33,1,1867.5143861460956,3970,0.0
1874,204,1228.3400000000001,2,1867.5143861460956,3970,1339.3
1875,330,381.66,1,1867.5143861460956,3970,0.0
1876,213,435.85,1,1867.5143861460956,3970,759.07
1877,360,960.0,1,1867.5143861460956,3970,1600.0
1878,278,190.38,1,1867.5143861460956,3970,269.7
1879,186,850.86,2,1867.5143861460956,3970,0.0
1880,317,823.15,1,1486.645,4,3767.38
1881,262,230.9,2,2203.0192857142856,14,0.0
1882,213,146.16,1,1867.5143861460956,3970,0.0
1883,239,909.0,4,1867.5143861460956,3970,2094.2599999999998
1884,203,843.72,5,1867.5143861460956,3970,872.3100000000001
1885,226,3967.67,6,1867.5143861460956,3970,2919.45
1886,199,310.83,1,1867.5143861460956,3970,0.0
1887,281,685.25,2,1867.5143861460956,3970,1017.8199999999999
1888,298,51.43,1,1867.5143861460956,3970,330.99
1889,268,1452.1,2,1867.5143861460956,3970,585.6
1890,225,107.75,1,1867.5143861460956,3970,309.46
1891,187,2774.0,7,1867.5143861460956,3970,0.0
1892,267,1787.9,2,1867.5143861460956,3970,1729.79
1893,187,373.53,1,1867.5143861460956,3970,603.46
1894,245,762.28,1,1867.5143861460956,3970,1116.64
1895,232,316.76,2,1867.5143861460956,3970,424.56
1896,192,1234.0,6,1867.5143861460956,3970,1387.76
1897,197,2145.51,9,1867.5143861460956,3970,1030.62
1898,218,1913.05,11,1867.5143861460956,3970,1410.7
1899,227,210.83,1,1867.5143861460956,3970,522.88
1900,187,98.3,2,1867.5143861460956,3970,105.80000000000001
1901,183,410.63,3,1867.5143861460956,3970,536.2
1902,246,778.54,3,1867.5143861460956,3970,988.24
1903,218,1220.83,3,1867.5143861460956,3970,0.0
1904,198,559.45,2,1867.5143861460956,3970,551.7
1905,243,113.45,1,1867.5143861460956,3970,847.23
1906,224,479.79,1,1867.5143861460956,3970,818.63
1907,253,632.28,1,1867.5143861460956,3970,0.0
1908,186,195.77,1,1867.5143861460956,3970,157.33
1909,225,1301.06,2,1867.5143861460956,3970,1005.42
1910,226,319.75,1,1867.5143861460956,3970,454.7
1911,267,110.26,1,1867.5143861460956,3970,364.46000000000004
1912,274,140.19,1,1867.5143861460956,3970,684.0
1913,289,186.05,1,1867.5143861460956,3970,0.0
1914,315,193.8,1,1867.5143861460956,3970,273.70000000000005
1915,197,165.48,1,1867.5143861460956,3970,938.13
1916,197,192.29,1,1867.5143861460956,3970,349.57
1917,254,944.16,3,1867.5143861460956,3970,1571.29
1918,366,244.66,2,1867.5143861460956,3970,1806.29
1919,264,127.88,1,1867.5143861460956,3970,0.0
1920,207,1586.28,4,1867.5143861460956,3970,1269.23
1921,191,92.1,1,1867.5143861460956,3970,2658.73
1922,289,212.85,1,1867.5143861460956,3970,176.76
1923,227,231.93,1,1867.5143861460956,3970,0.0
1924,236,1177.81,3,1867.5143861460956,3970,2502.35
1925,370,130.32,1,1867.5143861460956,3970,0.0
1926,245,194.04,2,1867.5143861460956,3970,301.36
1927,229,232.57,2,1867.5143861460956,3970,200.89000000000001
1928,219,509.09000000000003,2,1867.5143861460956,3970,0.0
1929,290,637.4399999999999,1,1867.5143861460956,3970,1284.04
1930,213,515.1899999999999,2,1867.5143861460956,3970,0.0
1931,186,9535.16,19,1867.5143861460956,3970,19431.91
1932,190,222.39,2,1867.5143861460956,3970,594.7
1933,253,661.28,3,1867.5143861460956,3970,558.21
1934,304,329.34,3,1867.5143861460956,3970,0.0
1935,358,310.70000000000005,1,1867.5143861460956,3970,0.0
1936,263,225.74,1,1867.5143861460956,3970,427.49
1937,240,282.68,2,1867.5143861460956,3970,0.0
1938,180,684.97,4,1867.5143861460956,3970,2316.94
1939,226,516.13,2,1867.5143861460956,3970,0.0
1940,220,1193.81,2,1867.5143861460956,3970,0.0
1941,197,746.1800000000001,2,1867.5143861460956,3970,0.0
1942,266,332.17,2,1867.5143861460956,3970,0.0
1943,184,149.46,1,1867.5143861460956,3970,102.25
1944,242,24.05,2,1867.5143861460956,3970,0.0
1945,255,905.16,1,1867.5143861460956,3970,1638.03
1946,208,1441.67,3,1867.5143861460956,3970,3262.87
1947,198,116.0,1,1867.5143861460956,3970,2116.6
1948,365,71.78999999999999,1,1867.5143861460956,3970,0.0
1949,226,1463.8,2,1867.5143861460956,3970,0.0
1950,187,1422.05,4,1867.5143861460956,3970,813.08
1951,191,2718.44,5,1867.5143861460956,3970,150.72
1952,189,530.36,4,1867.5143861460956,3970,1165.85
1953,204,663.23,2,1867.5143861460956,3970,302.8
1954,233,557.04,1,1867.5143861460956,3970,232.56
1955,318,453.38,1,1867.5143861460956,3970,0.0
1956,229,1339.0,3,1867.5143861460956,3970,592.03
1957,213,209.4,2,1867.5143861460956,3970,0.0
1958,259,465.51,1,1867.5143861460956,3970,314.95
1959,182,2262.2,10,1867.5143861460956,3970,1467.39
1960,182,223.91,1,1867.5143861460956,3970,1988.98
1961,256,266.5,2,1867.5143861460956,3970,0.0
1962,208,152.76,1,1867.5143861460956,3970,0.0
1963,266,248.8,1,1867.5143861460956,3970,0.0
1964,259,974.98,3,1867.5143861460956,3970,876.92
1965,284,300.15,1,1867.5143861460956,3970,568.61
1966,192,155.0,1,1867.5143861460956,3970,320.05
1967,284,177.63,1,1867.5143861460956,3970,163.54999999999998
1968,225,648.38,2,1867.5143861460956,3970,787.6700000000001
1969,284,95.12,1,1867.5143861460956,3970,1052.89
1970,228,1123.23,3,1867.5143861460956,3970,1374.6299999999999
1971,327,101.3,1,1867.5143861460956,3970,206.84
1972,184,7870.900000000001,14,1867.5143861460956,3970,3684.29
1973,220,426.85,1,1867.5143861460956,3970,0.0
1974,304,48.349999999999994,1,1867.5143861460956,3970,0.0
1975,256,861.5999999999999,1,1867.5143861460956,3970,1146.24
1976,278,635.9,1,1867.5143861460956,3970,0.0
1977,316,20.0,1,1867.5143861460956,3970,387.84
1978,277,23.35,1,1867.5143861460956,3970,0.0
1979,231,230.11,1,1867.5143861460956,3970,169.51
1980,371,424.03,1,1867.5143861460956,3970,0.0
1981,227,292.21,1,1867.5143861460956,3970,0.0
1982,298,266.40000000000003,3,1867.5143861460956,3970,110.3
1983,182,111.71,1,1867.5143861460956,3970,0.0
1984,235,30.15,1,1867.5143861460956,3970,0.0
1985,182,1139.81,7,1867.5143861460956,3970,7887.74
1986,211,3672.93,8,1867.5143861460956,3970,3463.23
1987,253,961.44,3,1867.5143861460956,3970,353.56
1988,260,2255.96,6,1867.5143861460956,3970,8668.23
1989,260,743.79,2,1867.5143861460956,3970,1260.83
1990,219,2641.39,5,1867.5143861460956,3970,2057.4
1991,180,2053.58,5,1867.5143861460956,3970,3481.44
1992,218,1874.8400000000001,5,1867.5143861460956,3970,332.13
1993,295,851.42,2,1867.5143861460956,3970,2493.6
1994,205,87.8,1,1867.5143861460956,3970,0.0
1995,191,315.0,1,1867.5143861460956,3970,284.35
1996,277,477.30000000000007,1,1867.5143861460956,3970,543.6
1997,267,1331.03,4,1867.5143861460956,3970,0.0
1998,205,986.42,2,1867.5143861460956,3970,2709.4900000000002
1999,199,801.23,2,1867.5143861460956,3970,2025.82
2000,294,590.91,1,1867.5143861460956,3970,259.43
2001,302,380.0,1,1867.5143861460956,3970,0.0
2002,262,156.6,1,1867.5143861460956,3970,0.0
2003,309,64.5,1,1867.5143861460956,3970,233.45
2004,297,931.72,1,1867.5143861460956,3970,1295.8700000000001
2005,229,341.59,2,1867.5143861460956,3970,0.0
2006,271,328.05,1,1867.5143861460956,3970,670.78
2007,210,216.79999999999998,1,1867.5143861460956,3970,1144.48
2008,184,1782.16,5,1867.5143861460956,3970,1912.07
2009,355,278.73,2,1867.5143861460956,3970,462.38
2010,242,741.35,2,1867.5143861460956,3970,708.67
2011,325,208.83,2,1867.5143861460956,3970,120.65
2012,357,310.01,1,1867.5143861460956,3970,1029.88
2013,259,67.25,1,1867.5143861460956,3970,372.2
2014,198,432.45,2,1867.5143861460956,3970,0.0
2015,360,60.48,1,1867.5143861460956,3970,0.0
2016,204,625.04,2,1867.5143861460956,3970,1734.12
2017,299,687.4,1,1867.5143861460956,3970,601.32
2018,207,888.09,3,1867.5143861460956,3970,767.5500000000001
2019,201,916.97,2,1867.5143861460956,3970,1140.8
2020,214,293.15,1,1867.5143861460956,3970,380.45
2021,262,291.5,1,1867.5143861460956,3970,0.0
2022,234,1364.92,2,1867.5143861460956,3970,347.2
2023,198,1311.47,3,1867.5143861460956,3970,268.5
2024,228,228.25,1,1867.5143861460956,3970,657.54
2025,277,78.0,1,1867.5143861460956,3970,52.05
2026,213,820.03,4,1867.5143861460956,3970,1072.49
2027,217,204.4,1,1867.5143861460956,3970,202.0
2028,256,619.2,2,1867.5143861460956,3970,977.51
2029,218,2506.79,3,1867.5143861460956,3970,1295.25
2030,337,323.40000000000003,1,1867.5143861460956,3970,0.0
2031,371,160.39,1,1867.5143861460956,3970,0.0
2032,180,144.13,1,1867.5143861460956,3970,183.71
2033,226,252.84,1,1867.5143861460956,3970,129.3
2034,222,136.2,1,1867.5143861460956,3970,0.0
2035,187,4762.16,3,1867.5143861460956,3970,6014.26
2036,248,269.7,1,1867.5143861460956,3970,840.5
2037,186,1410.55,4,1867.5143861460956,3970,1343.3
2038,184,5499.14,7,1867.5143861460956,3970,2708.23
2039,199,273.54,3,1867.5143861460956,3970,417.29
2040,330,141.6,1,1867.5143861460956,3970,470.3
2041,214,823.4300000000001,3,1867.5143861460956,3970,163.20000000000002
2042,365,165.0,1,1867.5143861460956,3970,0.0
2043,205,109.2,1,1867.5143861460956,3970,0.0
2044,257,106.96000000000001,1,1867.5143861460956,3970,0.0
2045,192,203.34,2,1867.5143861460956,3970,352.36
2046,260,1874.6100000000001,3,1867.5143861460956,3970,2059.64
2047,315,188.83,1,1867.5143861460956,3970,0.0
2048,288,263.23,1,1867.5143861460956,3970,617.39
2049,183,187.15,1,1867.5143861460956,3970,476.15999999999997
2050,277,151.5,1,1867.5143861460956,3970,0.0
2051,182,25013.74,12,1867.5143861460956,3970,55475.47
2052,208,920.28,4,1867.5143861460956,3970,1087.81
2053,197,35.879999999999995,1,1867.5143861460956,3970,142.95
2054,292,220.56,1,1867.5143861460956,3970,496.89
2055,359,98.30000000000001,1,1867.5143861460956,3970,0.0
2056,197,193.15,2,1867.5143861460956,3970,0.0
2057,205,459.99,4,1867.5143861460956,3970,534.61
2058,200,2209.21,6,1867.5143861460956,3970,1881.95
2059,187,2021.93,6,1867.5143861460956,3970,2496.5
2060,201,794.92,3,1867.5143861460956,3970,315.90999999999997
2061,254,695.66,2,1867.5143861460956,3970,0.0
2062,189,13303.241,14,1867.5143861460956,3970,16176.82
2063,184,355.58,3,1867.5143861460956,3970,195.53
2064,180,3544.19,5,1867.5143861460956,3970,2513.4
2065,180,2114.7599999999998,7,1867.5143861460956,3970,1751.29
2066,261,895.65,3,1867.5143861460956,3970,321.8
2067,183,4207.8,10,1867.5143861460956,3970,3429.76
2068,306,368.27,1,1867.5143861460956,3970,0.0
2069,198,323.8,1,1867.5143861460956,3970,0.0
2070,266,1248.48,1,1867.5143861460956,3970,0.0
2071,205,1127.38,3,1867.5143861460956,3970,2000.47
2072,225,2400.03,4,1867.5143861460956,3970,623.75
2073,186,1064.1,4,1867.5143861460956,3970,1118.78
2074,358,173.22,1,1867.5143861460956,3970,467.02
2075,190,1597.93,5,1867.5143861460956,3970,2660.34
2076,371,460.55,1,1867.5143861460956,3970,251.93
2077,362,213.88,1,1867.5143861460956,3970,887.21
2078,257,848.44,2,1867.5143861460956,3970,316.16
2079,284,174.05,1,1867.5143861460956,3970,0.0
2080,247,1472.88,2,1867.5143861460956,3970,2311.01
2081,197,2138.98,6,1867.5143861460956,3970,1831.02
2082,228,2124.28,4,1867.5143861460956,3970,832.28
2083,213,417.59999999999997,1,1867.5143861460956,3970,0.0
2084,261,173.06,1,1867.5143861460956,3970,0.0
2085,183,2292.68,12,1867.5143861460956,3970,95.03
2086,211,422.21,2,1867.5143861460956,3970,1592.96
2087,192,5240.7,12,1867.5143861460956,3970,6128.04
2088,224,710.85,4,1867.5143861460956,3970,1410.58
2089,227,4387.08,2,1867.5143861460956,3970,0.0
2090,184,32363.44,17,1867.5143861460956,3970,33136.63
2091,233,1041.91,3,1867.5143861460956,3970,361.84
2092,228,446.32,2,1867.5143861460956,3970,626.65
2093,374,352.85,1,1867.5143861460956,3970,0.0
2094,226,797.16,1,1867.5143861460956,3970,1696.04
2095,180,813.18,4,1867.5143861460956,3970,416.85
2096,361,394.46000000000004,2,1867.5143861460956,3970,366.9
2097,180,1612.63,4,1867.5143861460956,3970,108.16
2098,336,2001.1,2,1867.5143861460956,3970,1722.45
2099,369,137.75,1,1867.5143861460956,3970,111.9
2100,234,576.1,2,1867.5143861460956,3970,356.83
2101,268,209.88,1,1867.5143861460956,3970,871.53
2102,189,17593.03,20,1867.5143861460956,3970,5045.49
2103,305,311.75,1,1867.5143861460956,3970,311.25
2104,187,1699.14,8,1867.5143861460956,3970,6459.37
2105,257,210.47,1,1867.5143861460956,3970,578.46
2106,257,705.16,2,1867.5143861460956,3970,330.27000000000004
2107,186,810.92,2,1867.5143861460956,3970,541.9
2108,185,1088.6,4,1867.5143861460956,3970,1228.31
2109,224,367.19,2,1867.5143861460956,3970,145.89000000000001
2110,201,529.85,3,1867.5143861460956,3970,338.35
2111,319,617.97,1,1867.5143861460956,3970,1459.54
2112,292,530.13,2,1867.5143861460956,3970,1297.64
2113,190,848.71,3,1867.5143861460956,3970,0.0
2114,315,582.61,2,1867.5143861460956,3970,0.0
2115,213,636.65,3,1867.5143861460956,3970,0.0
2116,211,643.8,2,1867.5143861460956,3970,358.49
2117,241,261.41,1,1867.5143861460956,3970,551.33
2118,197,2516.47,5,1867.5143861460956,3970,3474.14
2119,322,181.39,1,1867.5143861460956,3970,0.0
2120,263,455.38,2,1867.5143861460956,3970,1446.33
2121,205,109.0,2,1867.5143861460956,3970,283.13
2122,311,480.39,2,1867.5143861460956,3970,401.20000000000005
2123,200,91.8,1,1867.5143861460956,3970,0.0
2124,259,312.88,1,1867.5143861460956,3970,989.63
2125,310,485.5,1,1867.5143861460956,3970,0.0
2126,205,301.63,1,1867.5143861460956,3970,1055.93
2127,210,220.75,1,1867.5143861460956,3970,309.75
2128,299,341.23,1,1867.5143861460956,3970,229.53
2129,205,1323.44,3,1867.5143861460956,3970,4392.7
2130,239,139.85,2,1867.5143861460956,3970,0.0
2131,226,1080.21,3,1867.5143861460956,3970,1056.03
2132,185,5323.23,10,1867.5143861460956,3970,4051.63
2133,198,614.34,2,1867.5143861460956,3970,0.0
2134,254,253.88,1,1867.5143861460956,3970,0.0
2135,213,628.09,2,1867.5143861460956,3970,0.0
2136,254,421.45000000000005,1,1867.5143861460956,3970,0.0
2137,276,1290.81,1,1867.5143861460956,3970,118.15
2138,228,2230.44,6,1867.5143861460956,3970,2062.15
2139,281,257.77,1,1867.5143861460956,3970,926.83
2140,298,517.12,1,1867.5143861460956,3970,1093.5
2141,183,662.33,4,1867.5143861460956,3970,0.0
2142,234,111.72000000000001,1,1867.5143861460956,3970,297.53
2143,325,76.74000000000001,1,1867.5143861460956,3970,0.0
2144,229,183.9,1,1867.5143861460956,3970,209.49
2145,194,3687.03,3,1867.5143861460956,3970,3806.7400000000002
2146,200,1482.31,3,1867.5143861460956,3970,656.6899999999999
2147,180,609.55,5,1867.5143861460956,3970,1510.31
2148,192,644.08,2,1867.5143861460956,3970,0.0
2149,374,219.82,1,1867.5143861460956,3970,246.01999999999998
2150,312,317.31,2,1867.5143861460956,3970,119.84
2151,201,357.0,1,1867.5143861460956,3970,595.23
2152,200,244.61,2,1867.5143861460956,3970,40.8
2153,212,879.72,5,1867.5143861460956,3970,367.4
2154,190,236.56,2,1867.5143861460956,3970,0.0
2155,182,562.13,3,1867.5143861460956,3970,340.15
2156,191,103.95,1,1867.5143861460956,3970,0.0
2157,212,192.64,1,1867.5143861460956,3970,314.92
2158,365,204.26,1,1867.5143861460956,3970,0.0
2159,235,859.65,6,1867.5143861460956,3970,1072.07
2160,211,347.56,2,1867.5143861460956,3970,521.47
2161,358,252.59,1,1867.5143861460956,3970,0.0
2162,271,255.25,2,1867.5143861460956,3970,0.0
2163,292,725.84,2,1867.5143861460956,3970,1179.09
2164,287,310.46999999999997,2,1867.5143861460956,3970,0.0
2165,205,299.75,1,1867.5143861460956,3970,621.75
2166,268,1466.31,1,1867.5143861460956,3970,0.0
2167,207,1336.77,6,1867.5143861460956,3970,807.7
2168,236,163.41,1,1867.5143861460956,3970,113.47
2169,208,611.08,1,1867.5143861460956,3970,0.0
2170,201,2287.46,5,1867.5143861460956,3970,3843.29
2171,296,127.2,2,1867.5143861460956,3970,1138.43
2172,207,121.48,1,1867.5143861460956,3970,157.29
2173,274,1562.86,3,1867.5143861460956,3970,1055.16
2174,194,681.26,2,1867.5143861460956,3970,478.8
2175,220,1807.59,2,1867.5143861460956,3970,2499.21
2176,257,327.09,2,1867.5143861460956,3970,121.91
2177,241,1957.22,3,1867.5143861460956,3970,1420.56
2178,247,33.0,1,1867.5143861460956,3970,0.0
2179,260,241.38,1,1867.5143861460956,3970,241.38
2180,245,101.36,1,1867.5143861460956,3970,0.0
2181,180,2180.73,8,1867.5143861460956,3970,2021.93
2182,197,849.0400000000001,3,1867.5143861460956,3970,373.0
2183,197,525.33,3,1867.5143861460956,3970,23.400000000000002
2184,214,230.25,2,1867.5143861460956,3970,203.5
2185,285,640.57,2,1867.5143861460956,3970,1965.24
2186,364,252.04,1,1867.5143861460956,3970,379.13
2187,180,2683.61,6,1867.5143861460956,3970,1313.19
2188,190,601.64,2,1867.5143861460956,3970,189.1
2189,192,755.83,2,1867.5143861460956,3970,780.55
2190,369,207.85,2,1867.5143861460956,3970,0.0
2191,262,71.4,1,1867.5143861460956,3970,0.0
2192,200,89.25,1,1867.5143861460956,3970,276.25
2193,222,360.3,3,1867.5143861460956,3970,135.7
2194,302,424.55,2,1867.5143861460956,3970,0.0
2195,186,3948.52,4,1867.5143861460956,3970,2324.93
2196,204,2986.12,6,1867.5143861460956,3970,2472.92
2197,198,2843.05,8,1867.5143861460956,3970,172.5
2198,242,646.1,3,1867.5143861460956,3970,264.75
2199,302,114.88,1,1867.5143861460956,3970,3747.31
2200,212,719.8,1,1867.5143861460956,3970,1231.15
2201,260,577.24,1,1867.5143861460956,3970,2073.9900000000002
2202,218,433.96000000000004,3,1867.5143861460956,3970,643.86
2203,214,144.35999999999999,1,1867.5143861460956,3970,685.8
2204,224,453.75,1,1867.5143861460956,3970,288.61
2205,280,180.81,1,1867.5143861460956,3970,673.73
2206,187,242.06,1,1867.5143861460956,3970,0.0
2207,283,400.8,2,1867.5143861460956,3970,0.0
2208,361,384.16,1,1867.5143861460956,3970,0.0
2209,212,552.4,1,1867.5143861460956,3970,0.0
2210,372,277.5,1,1867.5143861460956,3970,5138.849999999999
2211,213,962.6,3,1867.5143861460956,3970,405.0
2212,261,580.37,2,1867.5143861460956,3970,2159.22
2213,282,316.86,1,1867.5143861460956,3970,618.76
2214,219,561.9300000000001,2,1867.5143861460956,3970,620.29
2215,333,142.35,1,1867.5143861460956,3970,657.83
2216,277,848.7,1,1867.5143861460956,3970,304.17
2217,289,244.25,2,1867.5143861460956,3970,192.57
2218,217,1593.83,3,1867.5143861460956,3970,0.0
2219,275,601.0,2,1867.5143861460956,3970,820.3
2220,186,1975.0,2,1867.5143861460956,3970,418.5
2221,183,3004.6,8,1867.5143861460956,3970,0.0
2222,227,180.06,2,1867.5143861460956,3970,0.0
2223,240,1954.99,1,1867.5143861460956,3970,0.0
2224,186,13.52,1,1867.5143861460956,3970,0.0
2225,236,220.41,2,1867.5143861460956,3970,384.3
2226,206,587.5,2,1867.5143861460956,3970,293.87
2227,206,3207.98,4,1867.5143861460956,3970,7805.84
2228,256,359.44,1,1867.5143861460956,3970,904.61
2229,246,765.93,2,1867.5143861460956,3970,422.4
2230,242,440.23,2,1867.5143861460956,3970,706.1
2231,228,1601.31,3,1867.5143861460956,3970,2686.19
2232,285,510.46999999999997,2,1867.5143861460956,3970,952.48
2233,222,284.7,2,1867.5143861460956,3970,182.55
2234,374,128.60000000000002,1,1867.5143861460956,3970,0.0
2235,232,294.74,1,1867.5143861460956,3970,0.0
2236,276,936.03,2,1867.5143861460956,3970,1571.46
2237,227,1096.74,3,1867.5143861460956,3970,1080.65
2238,273,194.7,2,1867.5143861460956,3970,0.0
2239,362,228.34,1,1867.5143861460956,3970,0.0
2240,360,454.54,3,1867.5143861460956,3970,0.0
2241,183,1198.68,7,1867.5143861460956,3970,3410.26
2242,218,1250.83,2,1867.5143861460956,3970,1833.75
2243,186,688.87,2,1867.5143861460956,3970,683.3000000000001
2244,261,282.05,1,1867.5143861460956,3970,0.0
2245,198,203.05,1,1867.5143861460956,3970,0.0
2246,268,763.18,4,1867.5143861460956,3970,644.43
2247,274,191.75,2,1867.5143861460956,3970,209.92
2248,214,306.0,1,1867.5143861460956,3970,0.0
2249,201,277.54,2,1867.5143861460956,3970,396.69
2250,261,1785.38,3,1867.5143861460956,3970,942.8
2251,232,1247.83,3,1867.5143861460956,3970,1396.18
2252,194,2314.06,10,1867.5143861460956,3970,4010.7000000000003
2253,373,221.53,1,1867.5143861460956,3970,0.0
2254,182,1160.18,4,1867.5143861460956,3970,2823.16
2255,212,1069.32,2,1867.5143861460956,3970,2747.86
2256,228,235.88,1,1867.5143861460956,3970,0.0
2257,267,629.9300000000001,2,1867.5143861460956,3970,618.16
2258,191,635.9,1,1867.5143861460956,3970,2101.15
2259,186,168.4,1,1867.5143861460956,3970,716.92
2260,358,424.3,1,1867.5143861460956,3970,0.0
2261,190,3271.77,2,1867.5143861460956,3970,1988.22
2262,299,174.95,1,1867.5143861460956,3970,0.0
2263,246,197.1,1,1867.5143861460956,3970,150.3
2264,210,2322.59,6,1867.5143861460956,3970,0.0
2265,184,1923.99,4,1867.5143861460956,3970,0.0
2266,284,389.78,1,1867.5143861460956,3970,0.0
2267,208,217.36,1,1867.5143861460956,3970,414.51
2268,371,137.95,1,1867.5143861460956,3970,1017.0800000000002
2269,186,8079.85,4,1867.5143861460956,3970,1650.24
2270,215,173.7,1,1867.5143861460956,3970,640.73
2271,298,231.68,1,1867.5143861460956,3970,0.0
2272,215,661.47,3,1867.5143861460956,3970,472.15999999999997
2273,234,3569.76,4,1867.5143861460956,3970,467.01
2274,227,3717.86,5,1867.5143861460956,3970,5198.13
2275,320,406.44,2,1867.5143861460956,3970,347.89
2276,320,225.5,1,1867.5143861460956,3970,479.25
2277,294,897.0300000000001,1,1867.5143861460956,3970,2223.88
2278,182,2853.89,5,1867.5143861460956,3970,2256.57
2279,189,1020.91,4,1867.5143861460956,3970,464.45000000000005
2280,201,795.65,4,1867.5143861460956,3970,580.0
2281,371,231.90000000000003,1,1867.5143861460956,3970,0.0
2282,200,481.16,4,1867.5143861460956,3970,159.6
2283,180,3639.62,13,1867.5143861460956,3970,1193.28
2284,183,713.03,2,1867.5143861460956,3970,0.0
2285,281,261.3,1,1867.5143861460956,3970,299.41
2286,229,2281.94,5,1867.5143861460956,3970,4409.1900000000005
2287,311,141.24,1,1867.5143861460956,3970,265.44
2288,192,1208.93,4,1867.5143861460956,3970,426.71
2289,214,320.95,1,1867.5143861460956,3970,0.0
2290,297,159.68,1,1867.5143861460956,3970,0.0
2291,362,336.82,1,1867.5143861460956,3970,301.99
2292,313,286.34,1,1867.5143861460956,3970,309.84999999999997
2293,367,436.71,1,1867.5143861460956,3970,0.0
2294,198,193.17000000000002,1,1867.5143861460956,3970,602.3
2295,183,1067.39,5,1867.5143861460956,3970,393.56
2296,231,69.93,1,1867.5143861460956,3970,155.52
2297,354,178.5,1,1867.5143861460956,3970,142.8
2298,205,198.41000000000003,2,1867.5143861460956,3970,0.0
2299,227,229.46,3,1867.5143861460956,3970,0.0
2300,220,1318.92,4,1867.5143861460956,3970,799.78
2301,196,573.23,3,1867.5143861460956,3970,0.0
2302,185,953.42,3,1867.5143861460956,3970,344.88
2303,182,1258.63,4,1867.5143861460956,3970,1482.29
2304,373,45.0,1,1867.5143861460956,3970,565.74
2305,291,562.98,1,1867.5143861460956,3970,0.0
2306,218,145.12,1,1867.5143861460956,3970,0.0
2307,288,165.06,2,1867.5143861460956,3970,191.65
2308,185,662.79,2,1867.5143861460956,3970,236.62
2309,183,299.33,1,1867.5143861460956,3970,3640.8
2310,200,274.95,1,1867.5143861460956,3970,340.32
2311,288,303.21999999999997,1,1867.5143861460956,3970,0.0
2312,285,611.6,3,1867.5143861460956,3970,0.0
2313,285,1263.0,4,1867.5143861460956,3970,466.43
2314,276,1337.95,4,1867.5143861460956,3970,1063.1200000000001
2315,190,65.05,1,1867.5143861460956,3970,0.0
2316,255,104.5,1,1867.5143861460956,3970,0.0
2317,253,673.09,3,1867.5143861460956,3970,1558.87
2318,275,634.9399999999999,4,1867.5143861460956,3970,648.56
2319,227,643.39,3,1867.5143861460956,3970,0.0
2320,225,665.61,4,1867.5143861460956,3970,585.25
2321,217,131.15,1,1867.5143861460956,3970,0.0
2322,301,425.63,1,1867.5143861460956,3970,81.0
2323,186,517.1,3,1867.5143861460956,3970,565.61
2324,207,479.17,3,1867.5143861460956,3970,791.98
2325,199,6286.54,10,1867.5143861460956,3970,0.0
2326,180,2621.92,10,1867.5143861460956,3970,1400.8
2327,360,179.36,1,1867.5143861460956,3970,190.62
2328,189,117.33,1,1867.5143861460956,3970,1237.49
2329,220,716.53,4,1867.5143861460956,3970,296.6
2330,185,2059.4,8,1867.5143861460956,3970,1979.05
2331,232,130.6,1,1867.5143861460956,3970,0.0
2332,191,1979.44,8,1867.5143861460956,3970,764.7
2333,218,1016.9399999999999,2,1867.5143861460956,3970,737.3
2334,182,7740.2300000000005,25,1867.5143861460956,3970,4472.78
2335,369,260.65,1,1867.5143861460956,3970,610.49
2336,325,200.18,1,1867.5143861460956,3970,0.0
2337,182,38.92,2,1867.5143861460956,3970,0.0
2338,360,306.40000000000003,1,1867.5143861460956,3970,222.75
2339,236,153.63,2,1867.5143861460956,3970,105.3
2340,301,283.85,1,1867.5143861460956,3970,133.45000000000002
2341,291,309.87,1,1867.5143861460956,3970,976.1
2342,205,454.2,4,1867.5143861460956,3970,1050.06
2343,276,116.67999999999999,1,1867.5143861460956,3970,90.41
2344,207,827.4499999999999,5,1867.5143861460956,3970,142.79999999999998
2345,368,389.62,1,1867.5143861460956,3970,214.78
2346,372,210.39,1,1867.5143861460956,3970,0.0
2347,201,25.2,1,1867.5143861460956,3970,0.0
2348,211,342.0,3,1867.5143861460956,3970,455.84999999999997
2349,184,356.4,1,1867.5143861460956,3970,279.85
2350,264,428.34,2,1867.5143861460956,3970,0.0
2351,192,1252.85,9,1867.5143861460956,3970,1795.0
2352,245,512.54,3,1867.5143861460956,3970,622.44
2353,190,469.88,4,1867.5143861460956,3970,506.32
2354,215,141.35000000000002,1,1867.5143861460956,3970,130.39999999999998
2355,200,674.54,4,1867.5143861460956,3970,1224.58
2356,305,467.78999999999996,2,1867.5143861460956,3970,0.0
2357,366,338.13,1,1867.5143861460956,3970,0.0
2358,277,122.02000000000001,1,1867.5143861460956,3970,337.12
2359,260,132.8,1,1867.5143861460956,3970,0.0
2360,284,2135.46,1,1867.5143861460956,3970,0.0
2361,219,2000.26,5,1867.5143861460956,3970,1999.63
2362,309,220.09,1,1867.5143861460956,3970,27.75
2363,196,1242.49,2,1867.5143861460956,3970,939.22
2364,200,1095.09,5,1867.5143861460956,3970,1281.42
2365,361,164.28,1,1867.5143861460956,3970,0.0
2366,305,29.1,1,1867.5143861460956,3970,0.0
2367,323,323.66,1,1867.5143861460956,3970,1371.49
2368,191,496.31,2,1867.5143861460956,3970,544.01
2369,372,114.55,1,1867.5143861460956,3970,808.04
2370,218,399.21999999999997,3,1867.5143861460956,3970,245.3
2371,219,509.34,5,1867.5143861460956,3970,802.3
2372,277,101.89999999999999,1,1867.5143861460956,3970,410.87
2373,198,4.25,1,1867.5143861460956,3970,148.1
2374,309,104.7,1,1867.5143861460956,3970,0.0
2375,367,481.32,3,1867.5143861460956,3970,0.0
2376,180,59.900000000000006,2,1867.5143861460956,3970,0.0
2377,215,671.67,4,1867.5143861460956,3970,166.6
2378,320,154.77,1,1867.5143861460956,3970,353.23
2379,200,552.27,2,1867.5143861460956,3970,4946.37
2380,207,3134.2400000000002,3,1867.5143861460956,3970,6917.29
2381,297,626.14,2,1867.5143861460956,3970,601.4
2382,201,764.05,3,1867.5143861460956,3970,302.25
2383,364,307.54,1,1867.5143861460956,3970,0.0
2384,219,544.28,3,1867.5143861460956,3970,522.66
2385,184,1243.92,4,1867.5143861460956,3970,1402.52
2386,227,716.97,2,1867.5143861460956,3970,599.92
2387,267,136.10000000000002,1,1867.5143861460956,3970,605.4
2388,183,456.511,2,1867.5143861460956,3970,163.46
2389,180,842.28,6,1867.5143861460956,3970,558.8
2390,332,36.25,1,1867.5143861460956,3970,0.0
2391,260,342.0,1,1867.5143861460956,3970,1160.0
2392,190,768.25,4,1867.5143861460956,3970,0.0
2393,289,117.22,1,1867.5143861460956,3970,382.98
2394,284,156.6,1,1867.5143861460956,3970,0.0
2395,312,392.44,2,1867.5143861460956,3970,0.0
2396,246,522.87,4,1867.5143861460956,3970,188.94
2397,196,3638.16,8,1867.5143861460956,3970,3951.08
2398,214,940.95,3,1867.5143861460956,3970,2482.47
2399,360,205.32,1,1867.5143861460956,3970,708.15
2400,259,238.66,3,1867.5143861460956,3970,0.0
2401,204,1815.26,13,1867.5143861460956,3970,1219.62
2402,285,163.7,1,1867.5143861460956,3970,356.88
2403,180,6522.4800000000005,34,1867.5143861460956,3970,7696.01
2404,184,8141.139999999999,1,1867.5143861460956,3970,11585.619999999999
2405,205,221.4,2,1867.5143861460956,3970,615.48
2406,183,613.37,4,1867.5143861460956,3970,818.64
2407,196,3350.64,6,1867.5143861460956,3970,22040.36
2408,217,2547.09,3,1867.5143861460956,3970,0.0
2409,186,484.19,4,1867.5143861460956,3970,1978.1399999999999
2410,238,6776.11,4,3323.211875,16,9098.19
2411,199,1408.97,8,1867.5143861460956,3970,1295.66
2412,200,3260.02,5,1867.5143861460956,3970,3761.64
2413,372,344.40000000000003,1,1867.5143861460956,3970,302.04
2414,186,1847.31,6,1867.5143861460956,3970,1312.15
2415,205,219.84,1,1867.5143861460956,3970,340.29999999999995
2416,210,778.72,2,1867.5143861460956,3970,692.8
2417,186,5589.98,6,1867.5143861460956,3970,4815.05
2418,184,164.18,1,1867.5143861460956,3970,0.0
2419,256,380.17,2,1867.5143861460956,3970,1893.78
2420,371,130.8,1,1867.5143861460956,3970,928.61
2421,246,1221.05,3,1867.5143861460956,3970,1819.46
2422,213,7305.86,6,1867.5143861460956,3970,7257.05
2423,211,474.45,3,1867.5143861460956,3970,911.18
2424,229,216.0,2,1867.5143861460956,3970,101.76
2425,189,524.58,2,1867.5143861460956,3970,509.74
2426,291,325.74,1,1867.5143861460956,3970,0.0
2427,185,137.16,1,1867.5143861460956,3970,0.0
2428,368,293.35,1,1867.5143861460956,3970,0.0
2429,207,1160.15,3,1867.5143861460956,3970,1211.59
2430,199,12387.35,40,1867.5143861460956,3970,2169.62
2431,185,1318.12,4,1867.5143861460956,3970,1112.17
2432,213,526.7,3,1867.5143861460956,3970,503.71
2433,182,2549.6,5,1867.5143861460956,3970,1697.51
2434,190,1008.07,6,1867.5143861460956,3970,597.77
2435,196,661.5,2,1867.5143861460956,3970,0.0
2436,255,326.29,1,1867.5143861460956,3970,384.69
2437,204,1905.0,5,1867.5143861460956,3970,637.79
2438,218,1901.48,6,1867.5143861460956,3970,1278.8
2439,264,224.81,1,1867.5143861460956,3970,0.0
2440,235,1047.0,1,1867.5143861460956,3970,0.0
2441,373,260.36,1,1867.5143861460956,3970,229.5
2442,248,1144.3,2,1867.5143861460956,3970,0.0
2443,269,706.2,1,1867.5143861460956,3970,566.6
2444,268,389.26000000000005,1,1867.5143861460956,3970,0.0
2445,214,252.84,1,1867.5143861460956,3970,525.35
2446,212,209.57,2,1867.5143861460956,3970,0.0
2447,364,160.55,1,1867.5143861460956,3970,0.0
2448,277,336.5,1,1867.5143861460956,3970,0.0
2449,205,353.14,1,1867.5143861460956,3970,305.04
2450,183,714.8000000000001,2,1867.5143861460956,3970,1707.4
2451,199,1141.84,3,1867.5143861460956,3970,0.0
2452,246,204.60000000000002,1,1867.5143861460956,3970,82.65
2453,197,718.51,1,1867.5143861460956,3970,0.0
2454,212,1963.69,4,1867.5143861460956,3970,4604.4
2455,186,1289.64,3,1867.5143861460956,3970,0.0
2456,212,2406.51,4,3583.9175,4,1785.4099999999999
2457,184,42099.84,13,1867.5143861460956,3970,42441.33
2458,186,1539.79,5,1867.5143861460956,3970,1003.0400000000001
2459,305,334.18,1,1867.5143861460956,3970,0.0
2460,186,163.42,1,1867.5143861460956,3970,815.02
2461,257,153.55,1,1867.5143861460956,3970,175.87
2462,222,1963.48,6,1867.5143861460956,3970,1301.97
2463,184,1674.25,5,1867.5143861460956,3970,1295.8899999999999
2464,246,1240.25,2,1867.5143861460956,3970,0.0
2465,218,455.87,2,1867.5143861460956,3970,300.64
2466,254,560.14,1,1867.5143861460956,3970,409.98
2467,180,1151.53,3,1867.5143861460956,3970,293.94
2468,318,34.78,1,1867.5143861460956,3970,253.55
2469,253,1226.57,4,1867.5143861460956,3970,0.0
2470,213,376.5,2,1867.5143861460956,3970,635.2
2471,277,170.95,2,1867.5143861460956,3970,0.0
2472,185,120.05,1,1867.5143861460956,3970,0.0
2473,213,339.8,1,1867.5143861460956,3970,462.78000000000003
2474,301,404.55,1,1867.5143861460956,3970,323.3
2475,214,1468.25,4,1867.5143861460956,3970,812.23
2476,184,1250.71,5,1867.5143861460956,3970,904.17
2477,246,816.0,1,1867.5143861460956,3970,1454.0
2478,222,156.65,1,1867.5143861460956,3970,417.83
2479,368,34.0,1,1867.5143861460956,3970,0.0
2480,205,383.6,2,1867.5143861460956,3970,657.25
2481,369,192.26999999999998,1,1867.5143861460956,3970,362.45
2482,214,392.38,2,1867.5143861460956,3970,0.0
2483,222,131.83,1,1867.5143861460956,3970,0.0
2484,269,382.79,1,1867.5143861460956,3970,0.0
2485,228,101.46,2,1867.5143861460956,3970,394.8
2486,303,171.7,1,1867.5143861460956,3970,0.0
2487,211,2460.52,11,1867.5143861460956,3970,2973.61
2488,281,348.75,2,1867.5143861460956,3970,0.0
2489,214,304.38,1,1867.5143861460956,3970,0.0
2490,183,4323.02,15,1867.5143861460956,3970,3389.69
2491,208,453.84,2,1867.5143861460956,3970,821.59
2492,196,135.95,1,1867.5143861460956,3970,0.0
2493,235,984.25,2,1867.5143861460956,3970,3082.87
2494,255,167.4,1,1867.5143861460956,3970,0.0
2495,264,181.66,1,1867.5143861460956,3970,0.0
2496,186,1004.93,2,1867.5143861460956,3970,694.4200000000001
2497,187,3875.2,5,1867.5143861460956,3970,7770.5
2498,327,144.1,1,1867.5143861460956,3970,406.6
2499,374,148.3,1,1867.5143861460956,3970,0.0
2500,284,2557.15,4,1867.5143861460956,3970,1611.31
2501,240,611.7,1,1867.5143861460956,3970,893.0
2502,201,999.61,4,1867.5143861460956,3970,1093.1299999999999
2503,185,491.92,2,1867.5143861460956,3970,947.8
2504,186,1106.56,5,1867.5143861460956,3970,1241.6
2505,253,1398.76,3,1867.5143861460956,3970,0.0
2506,317,157.08,1,1867.5143861460956,3970,479.49
2507,226,160.75,1,1867.5143861460956,3970,0.0
2508,373,87.30000000000001,1,1867.5143861460956,3970,0.0
2509,243,164.92,1,1867.5143861460956,3970,140.19
2510,217,503.54,3,1867.5143861460956,3970,278.58
2511,291,1417.69,4,1867.5143861460956,3970,111.80000000000001
2512,186,2755.07,8,1867.5143861460956,3970,1632.69
2513,214,1127.5,4,1867.5143861460956,3970,2218.91
2514,194,395.33,1,1867.5143861460956,3970,0.0
2515,194,703.67,2,1867.5143861460956,3970,2397.9900000000002
2516,233,1130.21,2,1867.5143861460956,3970,0.0
2517,205,458.6,2,1867.5143861460956,3970,1398.02
2518,355,316.83,1,1867.5143861460956,3970,408.32
2519,313,1648.94,2,1867.5143861460956,3970,2371.86
2520,238,254.0,1,1867.5143861460956,3970,0.0
2521,304,335.76,3,1867.5143861460956,3970,134.4
2522,226,538.8,1,1867.5143861460956,3970,726.78
2523,283,842.4,2,1867.5143861460956,3970,0.0
2524,261,853.02,2,1867.5143861460956,3970,1694.26
2525,256,648.71,2,1867.5143861460956,3970,463.49
2526,220,1608.06,5,1867.5143861460956,3970,1524.9
2527,203,1449.54,5,1867.5143861460956,3970,1691.8600000000001
2528,305,198.6,2,1867.5143861460956,3970,0.0
2529,373,163.47,1,1867.5143861460956,3970,0.0
2530,297,412.92,2,1867.5143861460956,3970,0.0
2531,183,1889.24,4,1867.5143861460956,3970,1483.68
2532,256,308.85,1,1867.5143861460956,3970,252.74
2533,290,454.7,1,1867.5143861460956,3970,1440.49
2534,253,1505.89,1,1867.5143861460956,3970,1229.74
2535,277,1449.16,2,1867.5143861460956,3970,1151.3
2536,186,1350.78,4,1867.5143861460956,3970,1253.68
2537,190,7341.72,20,1867.5143861460956,3970,10543.6
2538,255,369.3,1,1867.5143861460956,3970,1008.86
2539,180,10390.94,14,1867.5143861460956,3970,9938.74
2540,239,301.65,1,1867.5143861460956,3970,0.0
2541,269,1159.5,4,1867.5143861460956,3970,426.0
2542,233,731.2,5,1867.5143861460956,3970,0.0
2543,187,1042.7,3,1867.5143861460956,3970,939.75
2544,190,506.19,1,1867.5143861460956,3970,312.82
2545,198,995.56,2,1867.5143861460956,3970,1756.08
2546,268,765.37,2,1867.5143861460956,3970,1924.78
2547,182,172.65,1,1867.5143861460956,3970,317.0
2548,198,610.87,1,1867.5143861460956,3970,801.98
2549,316,303.9,1,1867.5143861460956,3970,676.8
2550,189,2154.1,6,1867.5143861460956,3970,3239.78
2551,197,182.7,1,1867.5143861460956,3970,259.3
2552,214,2404.2599999999998,5,1867.5143861460956,3970,1741.07
2553,212,88.7,1,1867.5143861460956,3970,171.68
2554,185,2768.71,3,1867.5143861460956,3970,7476.78
2555,247,192.9,3,1867.5143861460956,3970,264.0
2556,227,387.71999999999997,2,1867.5143861460956,3970,145.84
2557,184,302.93,1,1867.5143861460956,3970,895.16
2558,228,163.2,1,1867.5143861460956,3970,0.0
2559,183,6149.2,6,1867.5143861460956,3970,4151.78
2560,280,299.83,1,1867.5143861460956,3970,0.0
2561,214,132.62,1,1867.5143861460956,3970,1440.35
2562,295,307.21000000000004,1,1867.5143861460956,3970,0.0
2563,288,235.27,2,1867.5143861460956,3970,856.79
2564,232,438.65000000000003,1,1867.5143861460956,3970,0.0
2565,190,704.14,2,1867.5143861460956,3970,1771.18
2566,257,468.88,2,1867.5143861460956,3970,0.0
2567,243,433.6,2,1867.5143861460956,3970,308.09000000000003
2568,182,1547.87,7,1867.5143861460956,3970,756.64
2569,218,2637.4300000000003,6,1867.5143861460956,3970,2301.81
2570,204,313.5,4,1867.5143861460956,3970,113.4
2571,196,41.400000000000006,1,1867.5143861460956,3970,59.7
2572,191,1144.58,5,1867.5143861460956,3970,598.7900000000001
2573,191,489.23,1,1867.5143861460956,3970,111.11
2574,246,404.58000000000004,1,1867.5143861460956,3970,389.34999999999997
2575,182,351.66,1,1867.5143861460956,3970,0.0
2576,338,30.45,1,1867.5143861460956,3970,360.11
2577,232,1945.28,5,1867.5143861460956,3970,859.99
2578,206,727.32,6,1867.5143861460956,3970,3089.84
2579,204,434.96,1,1867.5143861460956,3970,1120.87
2580,219,132.15,1,1867.5143861460956,3970,309.77
2581,263,237.89,3,1867.5143861460956,3970,393.45
2582,289,71.15,3,1867.5143861460956,3970,0.0
2583,372,194.65,1,1867.5143861460956,3970,610.17
2584,316,595.27,3,1867.5143861460956,3970,641.0600000000001
2585,201,1482.66,4,1867.5143861460956,3970,1622.44
2586,225,16.0,1,1867.5143861460956,3970,125.6
2587,326,376.25,1,1867.5143861460956,3970,209.02
2588,269,823.28,2,1867.5143861460956,3970,1279.36
2589,359,215.75,1,1867.5143861460956,3970,122.81
2590,297,197.70000000000002,1,1867.5143861460956,3970,0.0
2591,303,352.91,3,1867.5143861460956,3970,0.0
2592,186,112.86,1,1867.5143861460956,3970,0.0
2593,201,115.25,1,1867.5143861460956,3970,156.19
2594,297,171.25,1,1867.5143861460956,3970,0.0
2595,180,208.69,1,1867.5143861460956,3970,609.37
2596,322,147.3,2,1867.5143861460956,3970,0.0
2597,204,936.51,4,1867.5143861460956,3970,268.93
2598,217,183.09,1,1867.5143861460956,3970,0.0
2599,239,1830.62,5,1867.5143861460956,3970,1455.34
2600,185,534.4599999999999,2,1867.5143861460956,3970,263.87
2601,235,1007.1999999999999,3,1867.5143861460956,3970,2760.88
2602,374,124.95,1,1867.5143861460956,3970,260.28000000000003
2603,246,414.72,1,1867.5143861460956,3970,0.0
2604,215,301.62,2,1867.5143861460956,3970,136.25
2605,184,262.64,4,1867.5143861460956,3970,0.0
2606,270,2132.9300000000003,4,1867.5143861460956,3970,3792.55
2607,304,374.81,2,1867.5143861460956,3970,0.0
2608,294,59.55,2,1867.5143861460956,3970,16.21
2609,373,130.18,1,1867.5143861460956,3970,0.0
2610,219,2085.1,4,1867.5143861460956,3970,822.55
2611,196,1100.49,2,1867.5143861460956,3970,1088.01
2612,234,731.96,4,1867.5143861460956,3970,0.0
2613,257,392.59,1,1867.5143861460956,3970,0.0
2614,291,1310.3000000000002,1,1825.1025,4,2557.2
2615,359,342.36,1,1867.5143861460956,3970,0.0
2616,211,1668.38,5,1867.5143861460956,3970,2275.2200000000003
2617,180,16714.3,50,1867.5143861460956,3970,13178.2
2618,238,430.69,1,1867.5143861460956,3970,0.0
2619,191,598.19,4,1867.5143861460956,3970,0.0
2620,281,40.65,1,1867.5143861460956,3970,89.04
2621,192,2064.1,13,1867.5143861460956,3970,685.6
2622,185,313.43,3,1867.5143861460956,3970,144.53
2623,234,26470.4,61,1867.5143861460956,3970,24738.47
2624,329,1344.6,4,1867.5143861460956,3970,218.74
2625,360,380.36,2,1867.5143861460956,3970,168.51
2626,372,584.35,1,1867.5143861460956,3970,1023.84
2627,367,135.94,1,1867.5143861460956,3970,624.25
2628,277,468.0,1,1867.5143861460956,3970,1335.2
2629,183,3850.9700000000003,8,1867.5143861460956,3970,3791.02
2630,364,256.69,2,1867.5143861460956,3970,506.05
2631,234,1802.18,5,1867.5143861460956,3970,1224.71
2632,199,150.83,1,1867.5143861460956,3970,797.36
2633,201,757.98,2,1867.5143861460956,3970,1827.22
2634,184,8394.07,13,1867.5143861460956,3970,7454.0
2635,361,149.5,1,1867.5143861460956,3970,655.8000000000001
2636,182,199.63,5,1867.5143861460956,3970,224.55
2637,183,155.19,1,1867.5143861460956,3970,452.79
2638,214,528.58,2,1867.5143861460956,3970,434.51
2639,197,1998.7,6,1867.5143861460956,3970,2658.02
2640,324,167.1,1,1867.5143861460956,3970,0.0
2641,238,1619.02,2,1867.5143861460956,3970,1805.0
2642,275,366.0,2,1867.5143861460956,3970,0.0
2643,287,168.48,1,1867.5143861460956,3970,155.6
2644,233,1115.71,8,1867.5143861460956,3970,1239.73
2645,225,144.2,1,1867.5143861460956,3970,564.57
2646,184,859.49,10,1867.5143861460956,3970,234.9
2647,254,16.44,1,1867.5143861460956,3970,554.56
2648,186,844.48,4,1867.5143861460956,3970,1173.92
2649,203,114.88,1,1867.5143861460956,3970,32.24
2650,182,216.39999999999998,1,1867.5143861460956,3970,0.0
2651,208,1115.42,7,1867.5143861460956,3970,467.86
2652,276,291.76,1,1867.5143861460956,3970,0.0
2653,234,525.62,2,1867.5143861460956,3970,642.64
2654,373,132.55,1,1867.5143861460956,3970,0.0
2655,362,261.7,1,1867.5143861460956,3970,0.0
2656,215,1553.02,6,1867.5143861460956,3970,1515.02
2657,187,242.13,1,1867.5143861460956,3970,0.0
2658,264,43.87,2,1867.5143861460956,3970,0.0
2659,180,17982.52,29,1867.5143861460956,3970,2329.84
2660,180,187.5,1,1867.5143861460956,3970,102.0
2661,215,178.3,1,1867.5143861460956,3970,459.9
2662,357,294.0,1,1867.5143861460956,3970,0.0
2663,207,128.7,1,1867.5143861460956,3970,0.0
2664,285,588.6,2,1867.5143861460956,3970,1650.5
2665,205,905.36,3,1867.5143861460956,3970,1629.38
2666,238,1183.94,6,1867.5143861460956,3970,1844.99
2667,268,114.69,1,1867.5143861460956,3970,0.0
2668,261,225.25,2,1867.5143861460956,3970,315.1
2669,206,22579.35,5,1867.5143861460956,3970,3707.4
2670,226,1128.72,3,1867.5143861460956,3970,0.0
2671,332,360.35,3,1867.5143861460956,3970,0.0
2672,182,34727.76,49,1867.5143861460956,3970,25389.84
2673,205,307.23,2,1867.5143861460956,3970,643.38
2674,187,1183.09,6,1867.5143861460956,3970,450.24
2675,291,392.6,2,1867.5143861460956,3970,0.0
2676,364,465.42,1,1867.5143861460956,3970,0.0
2677,228,140.75,1,1867.5143861460956,3970,0.0
2678,277,10.9,1,1867.5143861460956,3970,50.400000000000006
2679,182,1204.51,41,1867.5143861460956,3970,494.59
2680,185,584.59,3,1867.5143861460956,3970,0.0
2681,182,317.64,2,1867.5143861460956,3970,333.87
2682,196,2739.05,7,1867.5143861460956,3970,1879.36
2683,227,875.99,5,1867.5143861460956,3970,0.0
2684,180,1868.79,16,1867.5143861460956,3970,272.95
2685,184,161.94,1,1867.5143861460956,3970,0.0
2686,333,288.9,2,1867.5143861460956,3970,871.9399999999999
2687,316,138.18,1,1867.5143861460956,3970,0.0
2688,374,229.46,1,1867.5143861460956,3970,809.13
2689,186,197.32,1,1867.5143861460956,3970,607.75
2690,359,190.32,3,1867.5143861460956,3970,98.1
2691,368,332.70000000000005,1,1867.5143861460956,3970,564.07
2692,227,227.2,1,1867.5143861460956,3970,0.0
2693,253,235.19,1,1867.5143861460956,3970,0.0
2694,186,980.9,3,1867.5143861460956,3970,653.93
2695,182,262.9,2,1867.5143861460956,3970,219.43
2696,373,319.19,2,1867.5143861460956,3970,320.05
2697,200,124.25,1,1867.5143861460956,3970,0.0
2698,182,293.6,2,1867.5143861460956,3970,243.01
2699,255,67.72,2,1867.5143861460956,3970,182.2
2700,253,356.48,2,1867.5143861460956,3970,196.7
2701,184,13769.869999999999,9,1867.5143861460956,3970,3901.0699999999997
2702,218,1770.36,6,1867.5143861460956,3970,128.13
2703,203,321.45,1,1867.5143861460956,3970,102.78999999999999
2704,359,115.3,1,1867.5143861460956,3970,0.0
2705,317,201.20000000000002,1,1867.5143861460956,3970,275.7
2706,182,198.81,1,1867.5143861460956,3970,784.87
2707,199,492.84000000000003,2,1867.5143861460956,3970,684.88
2708,219,192.05,1,1867.5143861460956,3970,0.0
2709,278,433.77,1,1867.5143861460956,3970,0.0
2710,326,252.1,2,1867.5143861460956,3970,905.92
2711,186,78.1,8,1867.5143861460956,3970,19.3
2712,192,149.41,1,1867.5143861460956,3970,0.0
2713,208,252.11,2,1867.5143861460956,3970,327.06
2714,219,2373.37,7,1867.5143861460956,3970,2195.62
2715,196,53.86,1,1867.5143861460956,3970,1363.15
2716,285,189.63,1,1867.5143861460956,3970,0.0
2717,226,272.55,1,1867.5143861460956,3970,283.97
2718,270,2282.28,7,1867.5143861460956,3970,0.0
2719,200,10877.18,1,1867.5143861460956,3970,0.0
2720,254,190.95,1,1867.5143861460956,3970,0.0
2721,240,1002.81,2,1867.5143861460956,3970,200.75
2722,303,301.2,1,1867.5143861460956,3970,302.7
2723,200,464.40000000000003,1,1867.5143861460956,3970,721.06
2724,197,2739.07,11,1867.5143861460956,3970,1630.49
2725,233,422.75,1,1867.5143861460956,3970,489.4
2726,269,102.0,1,1867.5143861460956,3970,84.60000000000001
2727,199,2495.67,6,1867.5143861460956,3970,1185.36
2728,229,1618.8,6,1867.5143861460956,3970,1855.0
2729,194,1332.96,4,1867.5143861460956,3970,1170.93
2730,305,314.1,1,1867.5143861460956,3970,0.0
2731,357,407.55,2,1867.5143861460956,3970,568.08
2732,266,903.5699999999999,5,1867.5143861460956,3970,801.98
2733,264,372.74,1,1867.5143861460956,3970,135.73
2734,264,258.75,1,1867.5143861460956,3970,697.0500000000001
2735,240,2227.02,8,1867.5143861460956,3970,8478.78
2736,229,360.85,1,1867.5143861460956,3970,0.0
2737,211,4481.6,5,1867.5143861460956,3970,2629.58
2738,232,674.63,2,1867.5143861460956,3970,1671.56
2739,197,2172.9,5,1867.5143861460956,3970,1201.32
2740,214,1427.36,2,1867.5143861460956,3970,295.68
2741,358,171.26,1,1867.5143861460956,3970,1794.26
2742,186,451.56,1,1867.5143861460956,3970,0.0
2743,310,112.5,1,1867.5143861460956,3970,293.01
2744,185,165462.17,48,1867.5143861460956,3970,183702.18
2745,185,105.8,1,1867.5143861460956,3970,0.0
2746,285,609.03,3,1867.5143861460956,3970,421.73
2747,232,577.8100000000001,2,1867.5143861460956,3970,0.0
2748,225,405.85,1,1867.5143861460956,3970,0.0
2749,187,152.0,1,1867.5143861460956,3970,271.27
2750,333,9.700000000000001,1,1867.5143861460956,3970,0.0
2751,267,222.95999999999998,1,1867.5143861460956,3970,0.0
2752,234,445.0,2,1867.5143861460956,3970,0.0
2753,226,288.15,2,1867.5143861460956,3970,279.56
2754,187,145.99,2,1867.5143861460956,3970,0.0
2755,225,458.27,1,1867.5143861460956,3970,424.20000000000005
2756,182,967.8000000000001,3,1867.5143861460956,3970,1201.45
2757,185,1548.96,4,1867.5143861460956,3970,1207.28
2758,282,114.10000000000001,1,1867.5143861460956,3970,0.0
2759,187,591.69,2,1867.5143861460956,3970,420.93999999999994
2760,194,1069.99,3,1867.5143861460956,3970,156.1
2761,282,426.69,1,1867.5143861460956,3970,0.0
2762,295,246.22,1,1867.5143861460956,3970,0.0
2763,207,215.35,1,1867.5143861460956,3970,0.0
2764,368,379.16,1,1867.5143861460956,3970,0.0
2765,220,728.84,1,1867.5143861460956,3970,0.0
2766,259,175.5,1,1867.5143861460956,3970,0.0
2767,183,1491.2,6,1867.5143861460956,3970,1109.1299999999999
2768,277,874.0500000000001,3,1867.5143861460956,3970,1023.64
2769,267,607.75,2,1867.5143861460956,3970,598.25
2770,182,4250.04,11,1867.5143861460956,3970,5668.12
2771,248,589.52,1,1867.5143861460956,3970,0.0
2772,239,58.5,1,1867.5143861460956,3970,0.0
2773,311,176.1,1,1867.5143861460956,3970,0.0
2774,196,875.45,3,1867.5143861460956,3970,0.0
2775,229,1778.74,3,1867.5143861460956,3970,2734.19
2776,299,304.38,1,1867.5143861460956,3970,450.0
2777,197,493.12,3,1867.5143861460956,3970,330.02
2778,358,329.58,1,1867.5143861460956,3970,0.0
2779,267,724.89,1,1867.5143861460956,3970,0.0
2780,232,337.55,2,1867.5143861460956,3970,942.0
2781,261,313.49,1,1867.5143861460956,3970,0.0
2782,239,461.16,3,1867.5143861460956,3970,0.0
2783,205,1564.3200000000002,3,1867.5143861460956,3970,1623.88
2784,268,292.93,1,1867.5143861460956,3970,482.25
2785,211,230.1,1,1867.5143861460956,3970,0.0
2786,319,344.75,1,1867.5143861460956,3970,0.0
2787,358,447.53000000000003,1,1867.5143861460956,3970,0.0
2788,186,231.43,2,1867.5143861460956,3970,112.57
2789,189,314.65999999999997,1,1867.5143861460956,3970,0.0
2790,201,360.08,1,1867.5143861460956,3970,0.0
2791,313,298.3,1,1867.5143861460956,3970,0.0
2792,185,873.28,2,1867.5143861460956,3970,907.06
2793,259,798.5500000000001,1,1867.5143861460956,3970,1149.6000000000001
2794,232,479.91999999999996,2,1867.5143861460956,3970,0.0
2795,183,641.04,4,1867.5143861460956,3970,852.08
2796,218,561.28,2,1867.5143861460956,3970,1055.2
2797,192,4493.7300000000005,7,1867.5143861460956,3970,3022.58
2798,211,2054.86,4,1867.5143861460956,3970,5490.28
2799,192,916.64,2,1867.5143861460956,3970,5734.19
2800,206,980.4000000000001,4,1867.5143861460956,3970,2546.41
2801,184,3393.9900000000002,17,1867.5143861460956,3970,1403.71
2802,187,179.6,1,1867.5143861460956,3970,0.0
2803,239,236.64000000000001,1,1867.5143861460956,3970,676.47
2804,253,216.3,1,1867.5143861460956,3970,697.6
2805,197,1060.3,3,1867.5143861460956,3970,312.42
2806,210,1693.91,5,1867.5143861460956,3970,2064.01
2807,245,162.72,1,1867.5143861460956,3970,0.0
2808,185,440.03,2,1867.5143861460956,3970,399.7
2809,246,10724.67,4,1867.5143861460956,3970,11239.47
2810,184,1015.42,5,1867.5143861460956,3970,0.0
2811,278,317.88,1,1867.5143861460956,3970,0.0
2812,217,267.9,1,1867.5143861460956,3970,0.0
2813,197,1364.75,2,1867.5143861460956,3970,897.77
2814,182,1129.6100000000001,3,1867.5143861460956,3970,930.0600000000001
2815,316,662.7,2,1867.5143861460956,3970,1316.9
2816,222,911.88,3,1867.5143861460956,3970,6407.03
2817,238,202.06,1,1867.5143861460956,3970,226.0
2818,308,269.37,1,1867.5143861460956,3970,0.0
2819,227,1464.73,5,1867.5143861460956,3970,0.0
2820,245,680.85,2,1867.5143861460956,3970,0.0
2821,184,1307.4,3,1867.5143861460956,3970,0.0
2822,226,153.0,1,1867.5143861460956,3970,0.0
2823,214,741.85,2,1867.5143861460956,3970,0.0
2824,234,518.97,2,1867.5143861460956,3970,801.69
2825,213,120.32,1,1867.5143861460956,3970,0.0
2826,257,354.42,3,1867.5143861460956,3970,287.35
2827,296,427.0,1,1867.5143861460956,3970,0.0
2828,359,462.95,1,1867.5143861460956,3970,833.48
2829,207,1071.61,1,1867.5143861460956,3970,1274.1
