,Customer ID,Recency,Monetary,Frequency,Average,Count
0,12346.0,283,230.55,10,1867.5143861460956,3970
1,12349.0,206,1268.52,2,1369.7436363636364,11
2,12355.0,203,488.21000000000004,1,402.985,2
3,12358.0,186,1697.93,2,1341.433,10
4,12359.0,262,1522.23,4,1627.107142857143,7
5,12360.0,199,780.04,3,1341.433,10
6,12361.0,215,207.35000000000002,2,1681.608125,16
7,12362.0,374,130.0,1,1681.608125,16
8,12366.0,269,500.24,1,1627.107142857143,7
9,12368.0,264,917.7,1,1627.107142857143,7
10,12369.0,277,348.32,1,1341.433,10
11,12370.0,260,774.62,3,1341.433,10
12,12371.0,281,607.6800000000001,2,3224.2346153846156,13
13,12373.0,260,763.0500000000001,2,1341.433,10
14,12374.0,224,1388.54,1,1341.433,10
15,12377.0,225,1210.96,1,3224.2346153846156,13
16,12378.0,198,1407.7,1,3224.2346153846156,13
17,12380.0,282,3217.3,3,1681.608125,16
18,12388.0,218,461.62,1,2203.0192857142856,14
19,12389.0,203,563.03,2,2203.0192857142856,14
20,12391.0,233,1902.19,4,1627.107142857143,7
21,12392.0,227,234.75000000000003,1,2203.0192857142856,14
22,12395.0,238,1125.44,1,1681.608125,16
23,12396.0,310,931.4300000000001,1,931.43,1
24,12399.0,280,205.98,1,1681.608125,16
25,12402.0,236,505.35,2,1681.608125,16
26,12404.0,318,63.24,1,1054.2085714285715,7
27,12406.0,232,1629.2,2,5707.903333333334,9
28,12409.0,185,7013.68,2,3224.2346153846156,13
29,12416.0,292,202.56,1,2203.0192857142856,14
30,12417.0,253,1465.95,5,1681.608125,16
31,12418.0,212,879.3100000000001,2,3224.2346153846156,13
32,12422.0,199,2676.34,7,2203.0192857142856,14
33,12424.0,184,446.53999999999996,1,2203.0192857142856,14
34,12426.0,298,762.48,1,3020.825686567164,67
35,12429.0,182,1407.3600000000001,2,5707.903333333334,9
36,12431.0,200,1967.76,5,1681.608125,16
37,12435.0,273,1736.88,2,5707.903333333334,9
38,12437.0,191,4412.02,9,3110.9663829787237,47
39,12439.0,318,1158.18,2,1627.107142857143,7
40,12440.0,353,568.51,1,1341.433,10
41,12443.0,368,485.31,1,4788.836,5
42,12455.0,213,2929.95,3,1627.107142857143,7
43,12459.0,241,454.36,1,1974.9733333333334,24
44,12466.0,318,56.73,1,3110.9663829787237,47
45,12468.0,245,2329.54,2,3020.825686567164,67
46,12470.0,325,211.95,1,1486.645,4
47,12471.0,186,9936.63,26,3020.825686567164,67
48,12472.0,228,4302.29,7,3020.825686567164,67
49,12474.0,180,1166.07,4,3020.825686567164,67
50,12477.0,259,2021.23,1,3020.825686567164,67
51,12481.0,242,3275.6,2,3020.825686567164,67
52,12482.0,212,23691.4,29,3323.211875,16
53,12483.0,184,1353.1000000000001,6,3323.211875,16
54,12484.0,285,706.8,3,1974.9733333333334,24
55,12487.0,366,285.3,1,3323.211875,16
56,12490.0,217,2547.17,7,3110.9663829787237,47
57,12494.0,212,344.87,1,3110.9663829787237,47
58,12495.0,276,357.4,1,3323.211875,16
59,12496.0,256,54.09,2,1974.9733333333334,24
60,12497.0,280,1211.76,1,3020.825686567164,67
61,12499.0,196,393.72,1,3020.825686567164,67
62,12500.0,243,1327.04,6,3020.825686567164,67
63,12503.0,220,1126.0,1,1974.9733333333334,24
64,12504.0,232,134.4,1,3020.825686567164,67
65,12507.0,220,539.25,1,1974.9733333333334,24
66,12510.0,260,3414.23,6,1974.9733333333334,24
67,12514.0,277,580.08,1,1369.7436363636364,11
68,12516.0,235,689.46,1,3020.825686567164,67
69,12523.0,189,1624.15,6,3110.9663829787237,47
70,12524.0,261,2282.58,3,3020.825686567164,67
71,12525.0,192,713.83,2,3110.9663829787237,47
72,12530.0,233,657.54,2,3020.825686567164,67
73,12531.0,322,1807.98,1,3020.825686567164,67
74,12533.0,263,1367.89,2,3020.825686567164,67
75,12539.0,352,5149.06,2,1974.9733333333334,24
76,12540.0,211,4065.57,10,1974.9733333333334,24
77,12542.0,276,364.79,1,1974.9733333333334,24
78,12549.0,211,1575.68,6,797.745,6
79,12555.0,318,129.23,1,1974.9733333333334,24
80,12557.0,182,3661.2000000000003,2,1974.9733333333334,24
81,12567.0,218,871.13,2,3110.9663829787237,47
82,12568.0,280,70.0,1,3020.825686567164,67
83,12570.0,318,77.52,1,1974.9733333333334,24
84,12577.0,372,210.55,1,3110.9663829787237,47
85,12580.0,212,637.2,1,3020.825686567164,67
86,12582.0,213,837.11,1,1054.2085714285715,7
87,12583.0,190,3235.45,6,3110.9663829787237,47
88,12586.0,359,422.35,1,1369.7436363636364,11
89,12588.0,233,328.9,1,1054.2085714285715,7
90,12589.0,325,715.5,1,3110.9663829787237,47
91,12594.0,282,154.14,1,1369.7436363636364,11
92,12598.0,282,649.71,2,3110.9663829787237,47
93,12599.0,184,588.6800000000001,2,3110.9663829787237,47
94,12600.0,213,1392.81,6,3020.825686567164,67
95,12606.0,318,21.0,1,1974.9733333333334,24
96,12609.0,197,1025.75,3,3020.825686567164,67
97,12613.0,245,1743.43,2,3020.825686567164,67
98,12615.0,267,1155.48,1,3110.9663829787237,47
99,12619.0,196,140.14,1,3020.825686567164,67
100,12621.0,201,2566.5,4,3020.825686567164,67
101,12623.0,180,2719.79,4,3020.825686567164,67
102,12625.0,232,969.69,1,3020.825686567164,67
103,12631.0,180,2198.55,4,1054.2085714285715,7
104,12632.0,200,394.32,1,3020.825686567164,67
105,12634.0,184,360.0,1,797.745,6
106,12636.0,374,141.0,1,797.745,6
107,12638.0,275,249.8,1,3323.211875,16
108,12639.0,263,253.58,1,3323.211875,16
109,12643.0,190,2319.4,3,3110.9663829787237,47
110,12644.0,306,868.13,2,3020.825686567164,67
111,12645.0,282,846.74,2,3020.825686567164,67
112,12647.0,185,8902.81,16,3020.825686567164,67
113,12648.0,276,311.8,2,3020.825686567164,67
114,12649.0,219,781.8,3,3020.825686567164,67
115,12656.0,198,945.0,1,3110.9663829787237,47
116,12662.0,183,1199.39,4,3020.825686567164,67
117,12663.0,260,239.4,2,3020.825686567164,67
118,12664.0,362,549.08,1,1054.2085714285715,7
119,12665.0,305,168.8,1,3020.825686567164,67
120,12668.0,203,4502.35,4,3020.825686567164,67
121,12670.0,302,225.60000000000002,1,3110.9663829787237,47
122,12671.0,242,2622.481,1,3020.825686567164,67
123,12672.0,231,211.15,1,3110.9663829787237,47
124,12675.0,189,958.5,2,1369.7436363636364,11
125,12677.0,191,395.1,2,3110.9663829787237,47
126,12678.0,218,8874.67,3,3110.9663829787237,47
127,12681.0,182,7324.1,13,3110.9663829787237,47
128,12682.0,187,6772.38,12,3110.9663829787237,47
129,12683.0,211,2290.08,4,3110.9663829787237,47
130,12692.0,273,110.95,1,3110.9663829787237,47
131,12695.0,226,743.36,2,3110.9663829787237,47
132,12698.0,226,339.75,1,3020.825686567164,67
133,12701.0,189,1469.42,3,3020.825686567164,67
134,12703.0,269,722.98,3,3020.825686567164,67
135,12708.0,224,1425.78,5,3020.825686567164,67
136,12709.0,187,12948.15,11,3020.825686567164,67
137,12711.0,247,1339.05,2,3020.825686567164,67
138,12712.0,204,1102.75,4,3020.825686567164,67
139,12714.0,226,5077.82,4,3110.9663829787237,47
140,12717.0,226,277.93,1,3583.9175,4
141,12725.0,207,1228.95,2,1369.7436363636364,11
142,12726.0,183,536.88,2,3110.9663829787237,47
143,12727.0,183,1293.75,2,3110.9663829787237,47
144,12731.0,208,2835.54,2,3110.9663829787237,47
145,12733.0,325,1130.22,1,797.745,6
146,12742.0,261,1201.52,1,1825.1025,4
147,12744.0,227,1252.95,1,4037.77,1
148,12745.0,210,658.48,2,71361.812,5
149,12747.0,180,2339.87,9,1867.5143861460956,3970
150,12748.0,182,7264.45,47,1867.5143861460956,3970
151,12755.0,270,147.41000000000003,3,1620.3366666666668,6
152,12758.0,184,6015.7,4,1324.745,18
153,12759.0,200,1703.68,2,12217.545454545454,22
154,12765.0,222,528.3,3,12217.545454545454,22
155,12773.0,200,124.25,1,1324.745,18
156,12776.0,303,55.5,1,1324.745,18
157,12778.0,238,378.59999999999997,1,12217.545454545454,22
158,12779.0,284,690.68,2,1783.8999999999999,2
159,12780.0,234,337.4,1,12217.545454545454,22
160,12785.0,367,366.9,1,1324.745,18
161,12786.0,245,728.5000000000001,1,12217.545454545454,22
162,12789.0,329,89.25,1,12217.545454545454,22
163,12791.0,236,555.11,4,12217.545454545454,22
164,12796.0,264,381.0,1,12217.545454545454,22
165,12800.0,312,403.33,2,1324.745,18
166,12802.0,199,774.25,1,12217.545454545454,22
167,12805.0,241,520.2,2,12217.545454545454,22
168,12806.0,208,2843.96,2,12217.545454545454,22
169,12809.0,201,1266.63,2,1324.745,18
170,12810.0,312,159.66,1,1620.3366666666668,6
171,12813.0,214,1065.8,2,12217.545454545454,22
172,12820.0,199,1083.3,4,1867.5143861460956,3970
173,12821.0,247,128.08,1,1867.5143861460956,3970
174,12823.0,190,1940.5,7,1867.5143861460956,3970
175,12825.0,277,214.82999999999998,1,1867.5143861460956,3970
176,12826.0,357,458.2,1,1867.5143861460956,3970
177,12829.0,186,92.3,1,1867.5143861460956,3970
178,12835.0,182,4690.26,31,1867.5143861460956,3970
179,12836.0,187,2189.16,6,1867.5143861460956,3970
180,12837.0,205,554.31,1,1867.5143861460956,3970
181,12838.0,190,539.84,3,1867.5143861460956,3970
182,12839.0,214,2161.98,7,1867.5143861460956,3970
183,12840.0,185,641.69,2,1867.5143861460956,3970
184,12842.0,373,397.20000000000005,1,1867.5143861460956,3970
185,12843.0,185,2994.5299999999997,9,1867.5143861460956,3970
186,12844.0,229,123.03,1,1867.5143861460956,3970
187,12846.0,318,15.58,1,1867.5143861460956,3970
188,12848.0,311,208.0,1,1867.5143861460956,3970
189,12849.0,227,472.29,1,1867.5143861460956,3970
190,12853.0,186,924.04,2,1867.5143861460956,3970
191,12854.0,197,1669.52,4,1867.5143861460956,3970
192,12857.0,225,644.65,2,1867.5143861460956,3970
193,12860.0,329,55.47,1,1867.5143861460956,3970
194,12861.0,255,68.25,1,1867.5143861460956,3970
195,12863.0,183,1364.8500000000001,3,1867.5143861460956,3970
196,12867.0,214,1638.77,3,1867.5143861460956,3970
197,12869.0,317,337.66999999999996,1,1867.5143861460956,3970
198,12870.0,260,209.3,1,1867.5143861460956,3970
199,12872.0,217,1600.2,5,1867.5143861460956,3970
200,12873.0,317,492.4,1,1867.5143861460956,3970
201,12874.0,190,489.26,1,1681.608125,16
202,12875.0,238,659.5200000000001,2,1867.5143861460956,3970
203,12876.0,226,885.5400000000001,1,1681.608125,16
204,12877.0,190,606.76,3,1867.5143861460956,3970
205,12880.0,210,337.18,1,1867.5143861460956,3970
206,12891.0,183,199.5,4,1867.5143861460956,3970
207,12894.0,211,157.35,1,1867.5143861460956,3970
208,12898.0,295,158.32,1,1867.5143861460956,3970
209,12905.0,212,1018.42,2,1867.5143861460956,3970
210,12908.0,266,318.0,1,1867.5143861460956,3970
211,12909.0,200,586.61,2,1867.5143861460956,3970
212,12910.0,257,1017.96,1,1867.5143861460956,3970
213,12911.0,187,1680.47,1,1867.5143861460956,3970
214,12913.0,206,1903.74,5,1867.5143861460956,3970
215,12915.0,225,206.3,1,1867.5143861460956,3970
216,12916.0,243,1155.62,2,1867.5143861460956,3970
217,12917.0,214,2102.0,2,1867.5143861460956,3970
218,12918.0,262,10953.5,1,1867.5143861460956,3970
219,12920.0,207,323.86,3,1867.5143861460956,3970
220,12921.0,200,8580.86,14,1867.5143861460956,3970
221,12923.0,211,426.2,1,1867.5143861460956,3970
222,12924.0,198,1147.99,5,1867.5143861460956,3970
223,12925.0,228,35.28,1,1867.5143861460956,3970
224,12926.0,283,612.4,2,1867.5143861460956,3970
225,12928.0,185,484.79,1,1867.5143861460956,3970
226,12931.0,185,19622.66,24,1867.5143861460956,3970
227,12932.0,185,1562.06,7,1867.5143861460956,3970
228,12933.0,365,155.79,1,1867.5143861460956,3970
229,12934.0,372,181.65,1,1867.5143861460956,3970
230,12935.0,213,831.65,4,1867.5143861460956,3970
231,12937.0,186,902.44,3,1867.5143861460956,3970
232,12939.0,185,2250.0,5,1867.5143861460956,3970
233,12941.0,360,377.49,1,1867.5143861460956,3970
234,12943.0,194,496.5,2,1867.5143861460956,3970
235,12945.0,292,437.16,1,1867.5143861460956,3970
236,12948.0,366,252.48,2,1867.5143861460956,3970
237,12949.0,235,5276.51,8,1867.5143861460956,3970
238,12951.0,214,705.6,4,1867.5143861460956,3970
239,12954.0,274,162.45,1,1867.5143861460956,3970
240,12956.0,320,413.82,3,1867.5143861460956,3970
241,12957.0,241,3437.3,3,1867.5143861460956,3970
242,12958.0,219,166.89,1,1867.5143861460956,3970
243,12960.0,213,733.57,2,1867.5143861460956,3970
244,12969.0,238,122.45,1,1867.5143861460956,3970
245,12970.0,371,260.64,1,1867.5143861460956,3970
246,12971.0,180,2174.25,9,1867.5143861460956,3970
247,12972.0,218,1019.04,3,1867.5143861460956,3970
248,12974.0,201,264.15,1,1867.5143861460956,3970
249,12975.0,369,441.63,1,1867.5143861460956,3970
250,12976.0,210,1619.02,4,1867.5143861460956,3970
251,12978.0,281,1946.46,4,1867.5143861460956,3970
252,12979.0,365,517.7,1,1825.1025,4
253,12980.0,206,3513.48,5,1867.5143861460956,3970
254,12982.0,197,1372.22,3,1867.5143861460956,3970
255,12983.0,234,490.08,1,1867.5143861460956,3970
256,12986.0,186,1108.8200000000002,4,1867.5143861460956,3970
257,12987.0,246,460.68,2,1867.5143861460956,3970
258,12989.0,192,3340.14,11,1867.5143861460956,3970
259,12990.0,255,117.0,1,1867.5143861460956,3970
260,12992.0,361,93.35,1,1867.5143861460956,3970
261,12993.0,267,436.45,2,1867.5143861460956,3970
262,12997.0,218,274.7,2,1867.5143861460956,3970
263,12998.0,246,604.1,2,1867.5143861460956,3970
264,13000.0,361,497.65,1,1867.5143861460956,3970
265,13001.0,180,7719.11,10,1867.5143861460956,3970
266,13004.0,196,3343.86,10,1867.5143861460956,3970
267,13007.0,215,175.25,1,1867.5143861460956,3970
268,13008.0,359,189.31,1,1867.5143861460956,3970
269,13009.0,308,234.0,1,1867.5143861460956,3970
270,13010.0,284,177.12,1,1867.5143861460956,3970
271,13012.0,228,381.89000000000004,1,1867.5143861460956,3970
272,13013.0,182,3859.8900000000003,7,1867.5143861460956,3970
273,13015.0,228,1259.85,2,1867.5143861460956,3970
274,13018.0,206,1464.35,5,1867.5143861460956,3970
275,13019.0,201,780.85,4,1867.5143861460956,3970
276,13020.0,198,618.96,2,1867.5143861460956,3970
277,13021.0,229,962.39,3,1867.5143861460956,3970
278,13024.0,218,247.83,1,1867.5143861460956,3970
279,13025.0,367,323.39,1,1867.5143861460956,3970
280,13026.0,227,696.88,3,1867.5143861460956,3970
281,13027.0,199,4464.0,7,1867.5143861460956,3970
282,13031.0,190,978.24,1,1867.5143861460956,3970
283,13036.0,320,307.1,1,1867.5143861460956,3970
284,13037.0,227,1733.8600000000001,5,1867.5143861460956,3970
285,13039.0,220,1010.73,4,1867.5143861460956,3970
286,13041.0,225,256.16,1,1867.5143861460956,3970
287,13042.0,234,1556.54,3,1867.5143861460956,3970
288,13044.0,198,3460.85,8,1867.5143861460956,3970
289,13047.0,191,3047.2200000000003,7,1867.5143861460956,3970
290,13048.0,199,919.35,3,1867.5143861460956,3970
291,13050.0,182,2579.98,7,1867.5143861460956,3970
292,13051.0,214,155.8,2,1867.5143861460956,3970
293,13052.0,186,2064.83,4,1867.5143861460956,3970
294,13053.0,257,127.65,1,1867.5143861460956,3970
295,13056.0,187,209.48,1,1867.5143861460956,3970
296,13057.0,267,353.49,1,1867.5143861460956,3970
297,13059.0,183,881.48,3,1867.5143861460956,3970
298,13064.0,186,561.25,2,1867.5143861460956,3970
299,13065.0,183,187.57,1,1867.5143861460956,3970
300,13070.0,225,308.4,2,1867.5143861460956,3970
301,13071.0,248,129.22,1,1867.5143861460956,3970
302,13074.0,253,1062.24,3,1867.5143861460956,3970
303,13077.0,225,974.54,3,1867.5143861460956,3970
304,13078.0,180,8187.42,16,1867.5143861460956,3970
305,13080.0,197,160.75,2,1867.5143861460956,3970
306,13081.0,196,14345.23,8,1867.5143861460956,3970
307,13082.0,186,2153.54,6,1867.5143861460956,3970
308,13085.0,315,2017.2,6,1867.5143861460956,3970
309,13087.0,362,313.64,1,1867.5143861460956,3970
310,13089.0,185,21611.05,44,1867.5143861460956,3970
311,13091.0,365,1976.0,2,1867.5143861460956,3970
312,13092.0,183,1095.95,4,1867.5143861460956,3970
313,13093.0,182,14554.33,18,1867.5143861460956,3970
314,13097.0,206,4409.82,11,1867.5143861460956,3970
315,13101.0,197,449.31,2,1867.5143861460956,3970
316,13102.0,200,839.95,2,1867.5143861460956,3970
317,13103.0,213,123.34,1,1867.5143861460956,3970
318,13104.0,289,96.66,1,1867.5143861460956,3970
319,13107.0,246,1302.33,2,1867.5143861460956,3970
320,13109.0,187,347.49,1,1867.5143861460956,3970
321,13110.0,192,947.7,4,1867.5143861460956,3970
322,13111.0,354,321.88000000000005,1,1867.5143861460956,3970
323,13113.0,194,1942.94,3,1867.5143861460956,3970
324,13114.0,366,234.38,1,1867.5143861460956,3970
325,13115.0,207,959.04,2,1867.5143861460956,3970
326,13117.0,215,407.25,3,1867.5143861460956,3970
327,13119.0,304,134.9,1,1867.5143861460956,3970
328,13126.0,231,782.29,2,1867.5143861460956,3970
329,13128.0,267,263.5,1,1867.5143861460956,3970
330,13131.0,190,1393.58,3,1867.5143861460956,3970
331,13136.0,222,1931.07,2,1867.5143861460956,3970
332,13141.0,185,2426.18,6,1867.5143861460956,3970
333,13143.0,220,405.1,1,1867.5143861460956,3970
334,13145.0,235,102.0,1,1867.5143861460956,3970
335,13148.0,203,2824.52,7,1867.5143861460956,3970
336,13150.0,266,176.51999999999998,1,1867.5143861460956,3970
337,13151.0,261,1322.8700000000001,2,1867.5143861460956,3970
338,13152.0,205,1334.69,4,1867.5143861460956,3970
339,13154.0,371,337.1,1,1867.5143861460956,3970
340,13156.0,304,1239.6,2,1867.5143861460956,3970
341,13157.0,210,1805.8600000000001,2,1867.5143861460956,3970
342,13162.0,180,6628.8,9,1867.5143861460956,3970
343,13163.0,246,17.65,1,1867.5143861460956,3970
344,13164.0,205,372.2,2,1867.5143861460956,3970
345,13169.0,198,127.2,1,1867.5143861460956,3970
346,13173.0,197,1724.8500000000001,8,1867.5143861460956,3970
347,13174.0,203,3928.38,6,1867.5143861460956,3970
348,13175.0,218,831.45,2,1867.5143861460956,3970
349,13178.0,185,5188.72,6,1867.5143861460956,3970
350,13179.0,254,572.3100000000001,1,1867.5143861460956,3970
351,13180.0,243,86.10000000000001,1,1867.5143861460956,3970
352,13183.0,218,879.0600000000001,2,1867.5143861460956,3970
353,13187.0,260,130.99,3,1867.5143861460956,3970
354,13190.0,180,570.66,3,1867.5143861460956,3970
355,13191.0,294,164.69,1,1867.5143861460956,3970
356,13192.0,227,1365.97,2,1867.5143861460956,3970
357,13196.0,253,199.97,1,1867.5143861460956,3970
358,13197.0,245,373.01000000000005,1,1867.5143861460956,3970
359,13199.0,184,3277.01,14,1867.5143861460956,3970
360,13201.0,200,653.08,2,1867.5143861460956,3970
361,13202.0,180,1221.63,5,1867.5143861460956,3970
362,13203.0,267,460.22,2,1867.5143861460956,3970
363,13204.0,367,966.6600000000001,1,1867.5143861460956,3970
364,13206.0,200,7533.04,11,1867.5143861460956,3970
365,13207.0,248,214.20000000000002,1,1867.5143861460956,3970
366,13208.0,372,61.12,1,1867.5143861460956,3970
367,13209.0,217,2126.5,4,1867.5143861460956,3970
368,13211.0,215,688.15,4,1867.5143861460956,3970
369,13213.0,204,295.55,1,1867.5143861460956,3970
370,13214.0,218,1957.83,3,1867.5143861460956,3970
371,13217.0,291,132.5,1,1867.5143861460956,3970
372,13219.0,254,76.23,1,1867.5143861460956,3970
373,13220.0,211,516.8,1,1867.5143861460956,3970
374,13222.0,213,88.5,1,1867.5143861460956,3970
375,13223.0,208,402.71999999999997,2,1867.5143861460956,3970
376,13225.0,242,5842.07,5,1867.5143861460956,3970
377,13230.0,190,863.35,5,1867.5143861460956,3970
378,13233.0,330,290.63,1,1867.5143861460956,3970
379,13234.0,308,356.95,2,1867.5143861460956,3970
380,13238.0,226,117.0,1,1867.5143861460956,3970
381,13240.0,236,269.47,3,1867.5143861460956,3970
382,13242.0,198,214.5,2,1867.5143861460956,3970
383,13243.0,267,292.66,1,1867.5143861460956,3970
384,13249.0,224,305.6,3,1867.5143861460956,3970
385,13252.0,261,346.90000000000003,1,1867.5143861460956,3970
386,13253.0,339,974.39,1,1867.5143861460956,3970
387,13259.0,208,827.01,6,1867.5143861460956,3970
388,13262.0,236,232.41,1,1867.5143861460956,3970
389,13266.0,199,1317.72,4,1867.5143861460956,3970
390,13267.0,214,2431.86,7,1867.5143861460956,3970
391,13269.0,231,1564.99,7,1867.5143861460956,3970
392,13275.0,268,180.16,1,1867.5143861460956,3970
393,13276.0,278,396.83,1,1867.5143861460956,3970
394,13278.0,246,297.69,1,1867.5143861460956,3970
395,13280.0,280,478.5,1,1867.5143861460956,3970
396,13283.0,203,279.7,2,1867.5143861460956,3970
397,13285.0,236,655.47,2,1867.5143861460956,3970
398,13286.0,236,734.91,1,1867.5143861460956,3970
399,13287.0,239,781.59,3,1867.5143861460956,3970
400,13288.0,288,548.64,2,1867.5143861460956,3970
401,13289.0,359,307.95,1,1867.5143861460956,3970
402,13291.0,204,1125.1,4,1867.5143861460956,3970
403,13293.0,229,746.13,3,1867.5143861460956,3970
404,13294.0,282,815.79,1,1867.5143861460956,3970
405,13295.0,212,306.5,1,1867.5143861460956,3970
406,13296.0,184,299.13,2,1867.5143861460956,3970
407,13300.0,210,314.98,1,1867.5143861460956,3970
408,13304.0,182,616.15,2,1867.5143861460956,3970
409,13305.0,275,415.78000000000003,1,1867.5143861460956,3970
410,13307.0,228,227.74,1,1867.5143861460956,3970
411,13308.0,232,284.86,1,1867.5143861460956,3970
412,13313.0,186,1618.2,6,1867.5143861460956,3970
413,13315.0,325,310.26000000000005,1,1867.5143861460956,3970
414,13316.0,275,2017.3600000000001,1,1867.5143861460956,3970
415,13317.0,184,1769.02,5,1867.5143861460956,3970
416,13319.0,210,5148.09,16,1867.5143861460956,3970
417,13324.0,199,350.15999999999997,1,1867.5143861460956,3970
418,13327.0,200,2986.85,6,1867.5143861460956,3970
419,13329.0,371,334.65,1,1867.5143861460956,3970
420,13330.0,201,1229.15,2,1867.5143861460956,3970
421,13333.0,294,162.17999999999998,1,1867.5143861460956,3970
422,13334.0,288,1191.62,1,1867.5143861460956,3970
423,13337.0,182,1575.26,1,1867.5143861460956,3970
424,13338.0,196,1508.75,2,1867.5143861460956,3970
425,13340.0,256,6986.06,3,1867.5143861460956,3970
426,13346.0,207,105.9,2,1867.5143861460956,3970
427,13357.0,197,2316.94,3,1867.5143861460956,3970
428,13360.0,330,715.15,2,1867.5143861460956,3970
429,13361.0,253,817.25,1,1867.5143861460956,3970
430,13371.0,268,1189.01,1,1867.5143861460956,3970
431,13373.0,257,2154.85,2,1867.5143861460956,3970
432,13377.0,281,815.32,1,1867.5143861460956,3970
433,13381.0,200,2164.4700000000003,3,1867.5143861460956,3970
434,13382.0,254,655.65,3,1867.5143861460956,3970
435,13388.0,239,508.55,1,1867.5143861460956,3970
436,13392.0,313,91.14,1,1867.5143861460956,3970
437,13393.0,219,1131.45,4,1867.5143861460956,3970
438,13394.0,180,2744.32,7,1867.5143861460956,3970
439,13397.0,213,1339.34,4,1867.5143861460956,3970
440,13400.0,218,310.83,1,1867.5143861460956,3970
441,13402.0,200,290.6,1,1867.5143861460956,3970
442,13403.0,359,78.6,1,1867.5143861460956,3970
443,13405.0,205,532.76,2,1867.5143861460956,3970
444,13406.0,267,140.16,1,1867.5143861460956,3970
445,13407.0,214,2244.7,3,1867.5143861460956,3970
446,13408.0,194,13597.222,25,1867.5143861460956,3970
447,13410.0,334,682.9200000000001,2,1867.5143861460956,3970
448,13412.0,256,487.35,1,1867.5143861460956,3970
449,13413.0,275,429.44,6,1867.5143861460956,3970
450,13414.0,239,219.86,1,1867.5143861460956,3970
451,13415.0,266,749.67,3,1867.5143861460956,3970
452,13416.0,372,228.3,1,1867.5143861460956,3970
453,13417.0,183,1028.66,4,1867.5143861460956,3970
454,13418.0,200,2904.73,6,1867.5143861460956,3970
455,13421.0,299,819.49,3,1867.5143861460956,3970
456,13425.0,215,836.5600000000001,1,1867.5143861460956,3970
457,13426.0,214,2164.67,5,1867.5143861460956,3970
458,13427.0,358,96.0,1,1867.5143861460956,3970
459,13431.0,233,531.15,2,1867.5143861460956,3970
460,13432.0,207,439.1,2,1867.5143861460956,3970
461,13433.0,239,410.74,2,1867.5143861460956,3970
462,13434.0,291,339.18,1,1867.5143861460956,3970
463,13438.0,183,46.5,1,1867.5143861460956,3970
464,13442.0,303,419.87,3,1867.5143861460956,3970
465,13443.0,189,1083.92,5,1867.5143861460956,3970
466,13445.0,262,241.89999999999998,1,1867.5143861460956,3970
467,13446.0,183,2776.64,8,1867.5143861460956,3970
468,13448.0,204,2740.1,4,1867.5143861460956,3970
469,13450.0,183,784.4,3,1867.5143861460956,3970
470,13451.0,208,2153.94,2,1867.5143861460956,3970
471,13454.0,277,219.87,1,1867.5143861460956,3970
472,13455.0,229,914.8000000000001,3,1867.5143861460956,3970
473,13457.0,324,148.22,2,1867.5143861460956,3970
474,13459.0,260,1160.41,2,1867.5143861460956,3970
475,13461.0,233,336.6,1,1867.5143861460956,3970
476,13462.0,273,526.46,3,1867.5143861460956,3970
477,13464.0,254,299.34000000000003,1,1867.5143861460956,3970
478,13465.0,222,611.5,1,1867.5143861460956,3970
479,13466.0,264,262.31,1,1867.5143861460956,3970
480,13468.0,185,3595.29,16,1867.5143861460956,3970
481,13469.0,289,82.4,1,1867.5143861460956,3970
482,13472.0,191,262.18,1,1867.5143861460956,3970
483,13473.0,210,2235.12,6,1867.5143861460956,3970
484,13476.0,280,240.8,1,1867.5143861460956,3970
485,13477.0,225,809.84,2,1867.5143861460956,3970
486,13478.0,268,1650.51,3,1867.5143861460956,3970
487,13480.0,315,493.94,1,1867.5143861460956,3970
488,13481.0,224,1156.04,3,1867.5143861460956,3970
489,13482.0,263,151.45,1,1867.5143861460956,3970
490,13484.0,275,165.78,1,1867.5143861460956,3970
491,13485.0,197,1309.05,4,1867.5143861460956,3970
492,13487.0,370,103.95,1,1867.5143861460956,3970
493,13488.0,207,1656.6599999999999,3,1867.5143861460956,3970
494,13490.0,290,154.25,1,1867.5143861460956,3970
495,13491.0,187,2435.92,10,1867.5143861460956,3970
496,13495.0,262,1210.51,3,1867.5143861460956,3970
497,13497.0,261,582.23,3,1867.5143861460956,3970
498,13498.0,366,327.38,1,1867.5143861460956,3970
499,13501.0,206,595.17,1,3224.2346153846156,13
500,13502.0,184,307.90000000000003,1,1867.5143861460956,3970
501,13503.0,192,1302.8700000000001,3,1867.5143861460956,3970
502,13508.0,278,176.07999999999998,1,1867.5143861460956,3970
503,13510.0,229,1312.79,3,1867.5143861460956,3970
504,13511.0,312,282.76,1,1867.5143861460956,3970
505,13512.0,219,153.3,1,1867.5143861460956,3970
506,13513.0,291,299.64,1,1867.5143861460956,3970
507,13514.0,215,588.7,2,1867.5143861460956,3970
508,13515.0,280,188.1,1,1867.5143861460956,3970
509,13520.0,243,1795.88,3,3224.2346153846156,13
510,13526.0,374,1182.0,2,1867.5143861460956,3970
511,13527.0,229,1349.16,3,1867.5143861460956,3970
512,13530.0,270,402.98,1,1867.5143861460956,3970
513,13531.0,231,607.3100000000001,2,1867.5143861460956,3970
514,13538.0,292,803.54,2,1867.5143861460956,3970
515,13539.0,217,346.09000000000003,2,1867.5143861460956,3970
516,13540.0,291,369.25,2,1867.5143861460956,3970
517,13541.0,206,310.35,1,1867.5143861460956,3970
518,13542.0,183,2378.91,10,1867.5143861460956,3970
519,13543.0,270,1439.61,2,1867.5143861460956,3970
520,13544.0,192,356.94,3,1867.5143861460956,3970
521,13545.0,180,124.14,1,1867.5143861460956,3970
522,13551.0,302,152.39999999999998,1,1867.5143861460956,3970
523,13552.0,245,1346.06,3,1867.5143861460956,3970
524,13553.0,310,517.8,1,1867.5143861460956,3970
525,13555.0,228,1623.35,5,1867.5143861460956,3970
526,13557.0,260,1525.38,6,1867.5143861460956,3970
527,13561.0,180,1036.73,6,1867.5143861460956,3970
528,13562.0,310,1600.0,3,1867.5143861460956,3970
529,13564.0,189,5875.4400000000005,15,1867.5143861460956,3970
530,13566.0,275,291.12,1,1867.5143861460956,3970
531,13571.0,184,1159.93,6,1867.5143861460956,3970
532,13573.0,273,81.85,1,1867.5143861460956,3970
533,13576.0,210,2736.8,6,1867.5143861460956,3970
534,13577.0,234,624.48,4,1867.5143861460956,3970
535,13579.0,295,383.55,1,1867.5143861460956,3970
536,13582.0,253,77.5,1,1867.5143861460956,3970
537,13583.0,315,664.001,1,1867.5143861460956,3970
538,13584.0,311,1.3,1,1867.5143861460956,3970
539,13585.0,214,366.17,2,1867.5143861460956,3970
540,13587.0,299,568.3,1,1867.5143861460956,3970
541,13589.0,215,428.55,2,1867.5143861460956,3970
542,13590.0,241,1388.78,4,1867.5143861460956,3970
543,13591.0,219,653.8100000000001,3,1867.5143861460956,3970
544,13593.0,187,1801.5900000000001,5,1867.5143861460956,3970
545,13595.0,215,745.03,2,1867.5143861460956,3970
546,13598.0,215,391.38,3,1867.5143861460956,3970
547,13599.0,196,2909.12,6,1867.5143861460956,3970
548,13600.0,270,298.9,1,1867.5143861460956,3970
549,13601.0,182,207.58,1,1867.5143861460956,3970
550,13602.0,196,169.38,1,1867.5143861460956,3970
551,13604.0,294,717.62,1,1867.5143861460956,3970
552,13605.0,207,169.89,1,1867.5143861460956,3970
553,13609.0,229,167.35,1,1867.5143861460956,3970
554,13610.0,205,722.9300000000001,4,1867.5143861460956,3970
555,13611.0,246,781.87,3,1867.5143861460956,3970
556,13612.0,268,818.29,1,1867.5143861460956,3970
557,13613.0,262,627.5,2,1867.5143861460956,3970
558,13614.0,187,304.85,1,1867.5143861460956,3970
559,13615.0,200,1739.97,3,1867.5143861460956,3970
560,13616.0,204,288.1,2,1867.5143861460956,3970
561,13619.0,180,231.69,2,1867.5143861460956,3970
562,13622.0,332,658.95,1,1867.5143861460956,3970
563,13623.0,186,1434.09,3,1867.5143861460956,3970
564,13625.0,232,301.26,1,1867.5143861460956,3970
565,13627.0,276,304.4,1,1867.5143861460956,3970
566,13628.0,312,310.14,1,1867.5143861460956,3970
567,13629.0,206,1980.0,3,1867.5143861460956,3970
568,13632.0,212,881.99,2,1867.5143861460956,3970
569,13634.0,210,1804.91,5,1867.5143861460956,3970
570,13635.0,360,797.15,2,1867.5143861460956,3970
571,13640.0,247,405.0,1,1867.5143861460956,3970
572,13641.0,276,1016.47,5,1867.5143861460956,3970
573,13643.0,220,551.5500000000001,3,1867.5143861460956,3970
574,13647.0,201,832.1999999999999,2,1867.5143861460956,3970
575,13648.0,231,952.4,3,1867.5143861460956,3970
576,13650.0,206,1093.81,2,1867.5143861460956,3970
577,13652.0,288,393.96000000000004,1,1867.5143861460956,3970
578,13654.0,282,258.68,2,1867.5143861460956,3970
579,13655.0,225,580.58,2,1867.5143861460956,3970
580,13656.0,231,325.15,1,1867.5143861460956,3970
581,13658.0,183,1816.51,2,1867.5143861460956,3970
582,13659.0,204,2508.4900000000002,6,1867.5143861460956,3970
583,13661.0,239,325.24,1,1867.5143861460956,3970
584,13662.0,294,300.47,2,1867.5143861460956,3970
585,13663.0,282,545.45,1,1867.5143861460956,3970
586,13666.0,371,19.5,1,1867.5143861460956,3970
587,13668.0,187,2583.77,7,1867.5143861460956,3970
588,13672.0,366,233.53,1,1867.5143861460956,3970
589,13676.0,255,128.3,1,1867.5143861460956,3970
590,13679.0,235,179.55,2,1867.5143861460956,3970
591,13680.0,282,5643.63,6,1867.5143861460956,3970
592,13684.0,198,396.91999999999996,2,1867.5143861460956,3970
593,13688.0,271,375.5,1,1867.5143861460956,3970
594,13693.0,229,1160.07,6,1867.5143861460956,3970
595,13694.0,189,99544.99,75,1867.5143861460956,3970
596,13695.0,213,266.6,1,1867.5143861460956,3970
597,13696.0,227,1386.2,2,1867.5143861460956,3970
598,13698.0,232,465.53000000000003,2,1867.5143861460956,3970
599,13699.0,186,455.57,1,1867.5143861460956,3970
600,13700.0,304,81.55,2,1867.5143861460956,3970
601,13705.0,260,250.45,1,1867.5143861460956,3970
602,13706.0,262,300.38,1,1867.5143861460956,3970
603,13709.0,183,771.33,3,1867.5143861460956,3970
604,13710.0,248,228.0,1,1867.5143861460956,3970
605,13711.0,214,1360.1200000000001,6,1867.5143861460956,3970
606,13712.0,246,537.58,1,1867.5143861460956,3970
607,13713.0,219,250.48,1,1867.5143861460956,3970
608,13715.0,189,1901.08,4,1867.5143861460956,3970
609,13719.0,192,872.43,2,1867.5143861460956,3970
610,13722.0,282,664.54,1,1867.5143861460956,3970
611,13723.0,196,420.58,2,1867.5143861460956,3970
612,13724.0,273,213.01,1,1867.5143861460956,3970
613,13727.0,247,746.57,6,1867.5143861460956,3970
614,13728.0,196,945.08,5,1867.5143861460956,3970
615,13729.0,320,357.88,1,1867.5143861460956,3970
616,13733.0,371,149.1,1,1867.5143861460956,3970
617,13734.0,238,279.6,1,1867.5143861460956,3970
618,13735.0,211,3126.38,5,1867.5143861460956,3970
619,13736.0,180,1369.3,2,1867.5143861460956,3970
620,13740.0,212,622.59,2,1867.5143861460956,3970
621,13745.0,182,477.32,1,1867.5143861460956,3970
622,13748.0,374,173.1,1,1867.5143861460956,3970
623,13750.0,180,938.52,3,1867.5143861460956,3970
624,13753.0,234,1353.31,3,1867.5143861460956,3970
625,13756.0,212,876.39,4,1867.5143861460956,3970
626,13757.0,310,195.55,1,1867.5143861460956,3970
627,13758.0,225,3682.17,5,1867.5143861460956,3970
628,13760.0,229,298.32,1,1867.5143861460956,3970
629,13761.0,210,589.4,2,1867.5143861460956,3970
630,13762.0,229,2165.76,4,1867.5143861460956,3970
631,13764.0,205,1431.5,3,1867.5143861460956,3970
632,13765.0,289,352.821,1,1867.5143861460956,3970
633,13767.0,182,7260.35,16,1867.5143861460956,3970
634,13768.0,362,875.97,2,1867.5143861460956,3970
635,13769.0,232,984.0500000000001,4,1867.5143861460956,3970
636,13770.0,281,264.33000000000004,2,1867.5143861460956,3970
637,13771.0,185,2738.67,4,1867.5143861460956,3970
638,13772.0,218,832.08,2,1867.5143861460956,3970
639,13773.0,295,91.4,1,1867.5143861460956,3970
640,13775.0,226,1049.66,1,1867.5143861460956,3970
641,13777.0,180,10203.86,15,1867.5143861460956,3970
642,13778.0,201,352.71000000000004,1,1867.5143861460956,3970
643,13781.0,228,650.99,2,1867.5143861460956,3970
644,13782.0,208,582.34,4,1867.5143861460956,3970
645,13783.0,205,1335.24,3,1867.5143861460956,3970
646,13786.0,225,2253.2400000000002,4,1867.5143861460956,3970
647,13787.0,190,504.93,3,1867.5143861460956,3970
648,13793.0,282,96.0,1,1867.5143861460956,3970
649,13794.0,182,126.03,1,1867.5143861460956,3970
650,13795.0,273,222.5,1,1867.5143861460956,3970
651,13797.0,204,666.87,2,1867.5143861460956,3970
652,13798.0,182,17339.35,28,1867.5143861460956,3970
653,13799.0,210,911.07,3,1867.5143861460956,3970
654,13800.0,372,478.7,1,1867.5143861460956,3970
655,13802.0,184,9429.17,9,1867.5143861460956,3970
656,13803.0,254,433.53000000000003,1,1867.5143861460956,3970
657,13807.0,210,309.6,2,1867.5143861460956,3970
658,13813.0,238,926.74,3,3020.825686567164,67
659,13815.0,186,2025.04,2,3020.825686567164,67
660,13819.0,305,1502.0,3,1867.5143861460956,3970
661,13820.0,282,394.42,2,1867.5143861460956,3970
662,13821.0,329,692.2,3,1867.5143861460956,3970
663,13823.0,274,1230.74,3,1867.5143861460956,3970
664,13824.0,196,688.26,3,1867.5143861460956,3970
665,13825.0,257,255.59,2,1867.5143861460956,3970
666,13830.0,217,156.85000000000002,1,1867.5143861460956,3970
667,13831.0,205,2832.27,9,1867.5143861460956,3970
668,13834.0,212,324.19,2,1867.5143861460956,3970
669,13835.0,261,183.95,2,1867.5143861460956,3970
670,13838.0,215,240.44,1,1867.5143861460956,3970
671,13842.0,183,683.54,5,1867.5143861460956,3970
672,13847.0,355,310.72,1,1867.5143861460956,3970
673,13848.0,182,1120.0,3,1867.5143861460956,3970
674,13849.0,260,509.65,1,1867.5143861460956,3970
675,13851.0,315,199.29999999999998,1,1867.5143861460956,3970
676,13852.0,246,187.35000000000002,1,1867.5143861460956,3970
677,13854.0,211,1785.47,7,1867.5143861460956,3970
678,13855.0,232,1203.1000000000001,3,1867.5143861460956,3970
679,13856.0,184,465.63,5,1867.5143861460956,3970
680,13857.0,207,214.75,1,1867.5143861460956,3970
681,13863.0,229,304.52000000000004,1,1867.5143861460956,3970
682,13869.0,192,2526.01,3,1867.5143861460956,3970
683,13870.0,218,1285.4,2,1867.5143861460956,3970
684,13871.0,185,1164.0,3,1867.5143861460956,3970
685,13872.0,262,616.4300000000001,2,1867.5143861460956,3970
686,13873.0,210,262.7,2,1867.5143861460956,3970
687,13874.0,197,940.98,4,1867.5143861460956,3970
688,13875.0,196,1567.52,5,1867.5143861460956,3970
689,13877.0,325,154.82999999999998,1,1867.5143861460956,3970
690,13878.0,183,1191.53,3,1867.5143861460956,3970
691,13879.0,281,395.5,1,1867.5143861460956,3970
692,13880.0,198,225.57,1,1867.5143861460956,3970
693,13881.0,184,10814.12,8,1867.5143861460956,3970
694,13883.0,198,1661.44,6,1867.5143861460956,3970
695,13888.0,211,287.92,2,1867.5143861460956,3970
696,13889.0,287,630.6800000000001,2,1867.5143861460956,3970
697,13890.0,217,730.2900000000001,3,1867.5143861460956,3970
698,13891.0,218,398.4,1,1867.5143861460956,3970
699,13892.0,211,525.24,1,1867.5143861460956,3970
700,13895.0,372,831.0,1,1867.5143861460956,3970
701,13896.0,261,388.55,1,1867.5143861460956,3970
702,13897.0,313,482.67,1,1867.5143861460956,3970
703,13900.0,260,260.5,1,1867.5143861460956,3970
704,13901.0,190,1786.57,6,1867.5143861460956,3970
705,13902.0,268,34095.26,5,5707.903333333334,9
706,13905.0,368,312.65,1,1867.5143861460956,3970
707,13907.0,327,136.8,1,1867.5143861460956,3970
708,13911.0,198,787.24,7,1867.5143861460956,3970
709,13916.0,191,623.13,2,1867.5143861460956,3970
710,13920.0,198,523.65,1,1867.5143861460956,3970
711,13921.0,357,102.75,1,1867.5143861460956,3970
712,13929.0,196,1462.52,6,1867.5143861460956,3970
713,13931.0,259,2131.42,4,1867.5143861460956,3970
714,13935.0,232,6116.92,3,1867.5143861460956,3970
715,13939.0,235,293.13,2,1867.5143861460956,3970
716,13941.0,180,3703.54,7,1867.5143861460956,3970
717,13943.0,213,246.54000000000002,1,1867.5143861460956,3970
718,13944.0,289,200.43,1,1867.5143861460956,3970
719,13946.0,270,760.95,2,1867.5143861460956,3970
720,13948.0,284,262.31,2,1867.5143861460956,3970
721,13952.0,204,6577.13,7,1867.5143861460956,3970
722,13953.0,204,2125.0,3,1867.5143861460956,3970
723,13957.0,208,258.90000000000003,2,1867.5143861460956,3970
724,13958.0,226,1942.7,5,1867.5143861460956,3970
725,13963.0,200,404.17,2,1867.5143861460956,3970
726,13965.0,305,786.01,2,1867.5143861460956,3970
727,13969.0,217,674.4,3,1867.5143861460956,3970
728,13971.0,245,586.91,2,1867.5143861460956,3970
729,13974.0,218,264.13,1,1867.5143861460956,3970
730,13975.0,186,1432.9,3,1867.5143861460956,3970
731,13976.0,226,532.82,2,1867.5143861460956,3970
732,13979.0,212,1302.11,4,1867.5143861460956,3970
733,13980.0,213,260.55,2,1867.5143861460956,3970
734,13982.0,205,1367.29,3,1867.5143861460956,3970
735,13983.0,186,2854.9900000000002,6,1867.5143861460956,3970
736,13984.0,306,369.77,3,1867.5143861460956,3970
737,13985.0,198,593.23,2,1867.5143861460956,3970
738,13988.0,261,310.2,1,1867.5143861460956,3970
739,13989.0,199,361.68,1,1867.5143861460956,3970
740,13993.0,228,1178.68,4,1867.5143861460956,3970
741,13995.0,189,1037.4,5,1867.5143861460956,3970
742,13997.0,186,143.55,1,1867.5143861460956,3970
743,13998.0,212,264.05,1,1867.5143861460956,3970
744,13999.0,183,3037.39,9,1867.5143861460956,3970
745,14000.0,232,882.7,2,1867.5143861460956,3970
746,14003.0,368,209.41,1,1867.5143861460956,3970
747,14006.0,196,1078.48,3,1867.5143861460956,3970
748,14010.0,201,445.15,2,1867.5143861460956,3970
749,14011.0,243,292.34,1,1867.5143861460956,3970
750,14013.0,259,174.2,1,1867.5143861460956,3970
751,14014.0,212,276.65999999999997,1,1867.5143861460956,3970
752,14016.0,240,3881.22,4,71361.812,5
753,14017.0,207,229.75,1,1867.5143861460956,3970
754,14018.0,281,367.15,1,1867.5143861460956,3970
755,14021.0,228,301.09000000000003,1,1867.5143861460956,3970
756,14025.0,183,2572.52,4,1867.5143861460956,3970
757,14026.0,261,386.53000000000003,1,1867.5143861460956,3970
758,14028.0,186,10396.5,3,1867.5143861460956,3970
759,14030.0,231,3213.08,7,1867.5143861460956,3970
760,14031.0,182,11238.880000000001,13,1867.5143861460956,3970
761,14032.0,319,922.98,3,1867.5143861460956,3970
762,14033.0,191,109.44,1,1867.5143861460956,3970
763,14035.0,205,446.57,2,1867.5143861460956,3970
764,14037.0,280,530.82,3,1867.5143861460956,3970
765,14038.0,309,704.55,1,1867.5143861460956,3970
766,14039.0,211,115.08000000000001,1,1867.5143861460956,3970
767,14040.0,197,3982.4900000000002,12,1867.5143861460956,3970
768,14042.0,361,431.98,1,1867.5143861460956,3970
769,14043.0,365,164.31,1,1867.5143861460956,3970
770,14044.0,215,853.09,3,1867.5143861460956,3970
771,14045.0,224,3018.48,3,1867.5143861460956,3970
772,14047.0,211,970.4,2,1867.5143861460956,3970
773,14049.0,199,2061.15,2,1867.5143861460956,3970
774,14051.0,263,2980.02,6,1867.5143861460956,3970
775,14055.0,213,795.3199999999999,2,1867.5143861460956,3970
776,14057.0,241,782.42,2,1867.5143861460956,3970
777,14060.0,199,312.2,3,1867.5143861460956,3970
778,14061.0,360,553.43,2,1867.5143861460956,3970
779,14062.0,212,6533.780000000001,5,1867.5143861460956,3970
780,14063.0,322,9471.5,7,1867.5143861460956,3970
781,14064.0,211,967.13,4,1867.5143861460956,3970
782,14068.0,239,1262.52,3,1867.5143861460956,3970
783,14069.0,197,119.62,1,1867.5143861460956,3970
784,14070.0,320,326.55,1,1867.5143861460956,3970
785,14072.0,302,390.85,1,1867.5143861460956,3970
786,14074.0,259,219.4,1,1867.5143861460956,3970
787,14078.0,207,395.61,2,1867.5143861460956,3970
788,14079.0,318,243.63,1,1867.5143861460956,3970
789,14080.0,264,694.65,3,1867.5143861460956,3970
790,14081.0,234,3099.43,7,1867.5143861460956,3970
791,14083.0,357,64.17,1,1867.5143861460956,3970
792,14085.0,190,2976.67,8,1867.5143861460956,3970
793,14087.0,371,236.69,1,1867.5143861460956,3970
794,14091.0,290,9530.08,2,1867.5143861460956,3970
795,14092.0,200,1283.31,5,1867.5143861460956,3970
796,14095.0,358,2.95,1,1867.5143861460956,3970
797,14097.0,281,132.0,1,1867.5143861460956,3970
798,14099.0,184,1317.55,4,1867.5143861460956,3970
799,14101.0,204,1166.44,2,1867.5143861460956,3970
800,14103.0,301,0.0,1,1867.5143861460956,3970
801,14104.0,184,394.15,2,1867.5143861460956,3970
802,14105.0,246,2090.35,2,1867.5143861460956,3970
803,14106.0,373,214.8,1,1867.5143861460956,3970
804,14107.0,215,962.62,2,1867.5143861460956,3970
805,14108.0,367,447.05,2,1867.5143861460956,3970
806,14110.0,183,4599.81,14,1867.5143861460956,3970
807,14112.0,198,1684.82,3,1867.5143861460956,3970
808,14113.0,197,2402.8900000000003,6,1867.5143861460956,3970
809,14114.0,242,313.75,1,1867.5143861460956,3970
810,14115.0,302,117.8,1,1867.5143861460956,3970
811,14119.0,354,66.47999999999999,1,1867.5143861460956,3970
812,14122.0,364,131.58999999999997,2,1867.5143861460956,3970
813,14123.0,369,436.18,1,1867.5143861460956,3970
814,14128.0,187,286.71,1,1867.5143861460956,3970
815,14129.0,215,409.92,1,1867.5143861460956,3970
816,14130.0,364,358.32,1,1867.5143861460956,3970
817,14131.0,284,187.87,1,1867.5143861460956,3970
818,14133.0,369,305.5,1,1867.5143861460956,3970
819,14134.0,185,5645.38,9,1867.5143861460956,3970
820,14135.0,184,2490.56,4,1867.5143861460956,3970
821,14136.0,190,1210.97,4,1867.5143861460956,3970
822,14137.0,331,332.7,1,1867.5143861460956,3970
823,14142.0,282,359.53000000000003,1,1867.5143861460956,3970
824,14145.0,246,1383.6,1,1867.5143861460956,3970
825,14146.0,269,1433.6100000000001,4,1867.5143861460956,3970
826,14147.0,206,1372.6,3,1867.5143861460956,3970
827,14151.0,309,679.45,2,1867.5143861460956,3970
828,14152.0,295,301.31,1,1867.5143861460956,3970
829,14154.0,331,530.34,1,1867.5143861460956,3970
830,14156.0,190,105928.0,48,71361.812,5
831,14157.0,282,152.85,1,1867.5143861460956,3970
832,14159.0,186,1974.97,6,1867.5143861460956,3970
833,14160.0,246,8421.47,7,1867.5143861460956,3970
834,14161.0,271,957.1,2,1867.5143861460956,3970
835,14166.0,262,111.95,1,1867.5143861460956,3970
836,14167.0,186,523.25,3,1867.5143861460956,3970
837,14168.0,200,302.95,1,1867.5143861460956,3970
838,14171.0,366,135.0,1,1867.5143861460956,3970
839,14172.0,241,402.72,3,1867.5143861460956,3970
840,14173.0,277,135.16,2,1867.5143861460956,3970
841,14175.0,219,1772.27,2,1867.5143861460956,3970
842,14177.0,215,728.55,6,1867.5143861460956,3970
843,14180.0,184,51.8,1,1867.5143861460956,3970
844,14181.0,198,216.1,1,1867.5143861460956,3970
845,14182.0,232,157.3,1,1867.5143861460956,3970
846,14186.0,198,984.09,3,1867.5143861460956,3970
847,14190.0,302,79.9,1,1867.5143861460956,3970
848,14191.0,364,15.9,1,1867.5143861460956,3970
849,14194.0,185,4371.9400000000005,10,1867.5143861460956,3970
850,14195.0,217,1215.4,3,1867.5143861460956,3970
851,14198.0,296,282.89,2,1867.5143861460956,3970
852,14200.0,253,379.2,1,1867.5143861460956,3970
853,14201.0,206,283.95,2,1867.5143861460956,3970
854,14202.0,192,333.21000000000004,2,1867.5143861460956,3970
855,14204.0,373,371.27000000000004,1,1867.5143861460956,3970
856,14205.0,219,564.1999999999999,2,1867.5143861460956,3970
857,14207.0,323,157.8,1,1867.5143861460956,3970
858,14208.0,187,415.31,1,1867.5143861460956,3970
859,14209.0,185,1201.6000000000001,4,1867.5143861460956,3970
860,14210.0,185,2175.26,5,1867.5143861460956,3970
861,14211.0,185,1017.4300000000001,4,1867.5143861460956,3970
862,14215.0,323,1259.1100000000001,2,1867.5143861460956,3970
863,14220.0,203,882.5999999999999,2,1867.5143861460956,3970
864,14221.0,186,1556.15,3,1867.5143861460956,3970
865,14224.0,180,363.63,1,1867.5143861460956,3970
866,14225.0,206,1247.46,2,1867.5143861460956,3970
867,14227.0,192,2014.43,3,1867.5143861460956,3970
868,14228.0,182,81.05,1,1867.5143861460956,3970
869,14230.0,184,475.5,1,1867.5143861460956,3970
870,14233.0,226,1037.2,2,1867.5143861460956,3970
871,14235.0,205,1067.66,2,1867.5143861460956,3970
872,14237.0,226,310.14,1,1867.5143861460956,3970
873,14238.0,298,287.38,2,1867.5143861460956,3970
874,14239.0,214,1150.41,7,1867.5143861460956,3970
875,14241.0,332,120.0,1,1867.5143861460956,3970
876,14244.0,296,366.41999999999996,1,1867.5143861460956,3970
877,14247.0,187,184.35,1,1867.5143861460956,3970
878,14249.0,187,4360.691,9,1867.5143861460956,3970
879,14253.0,259,205.35000000000002,1,1867.5143861460956,3970
880,14255.0,182,1000.63,1,1867.5143861460956,3970
881,14256.0,330,953.5,1,1867.5143861460956,3970
882,14257.0,284,1189.34,1,1867.5143861460956,3970
883,14258.0,203,10585.16,8,1867.5143861460956,3970
884,14260.0,184,538.8,1,1867.5143861460956,3970
885,14264.0,208,666.84,2,1867.5143861460956,3970
886,14265.0,248,252.52,1,1486.645,4
887,14272.0,198,482.85,2,1867.5143861460956,3970
888,14274.0,322,256.6,1,1867.5143861460956,3970
889,14275.0,225,259.2,2,1867.5143861460956,3970
890,14276.0,296,307.89,1,1867.5143861460956,3970
891,14277.0,214,739.39,3,3110.9663829787237,47
892,14279.0,317,110.5,1,1867.5143861460956,3970
893,14282.0,191,1673.05,3,1867.5143861460956,3970
894,14283.0,205,233.04999999999998,1,1867.5143861460956,3970
895,14284.0,289,704.4,1,1867.5143861460956,3970
896,14285.0,198,631.55,3,1867.5143861460956,3970
897,14286.0,275,2613.02,3,1867.5143861460956,3970
898,14290.0,277,1385.1100000000001,2,1867.5143861460956,3970
899,14291.0,204,2059.82,4,1867.5143861460956,3970
900,14292.0,225,1101.03,2,1867.5143861460956,3970
901,14293.0,323,1259.35,3,1867.5143861460956,3970
902,14295.0,366,598.85,2,1867.5143861460956,3970
903,14296.0,210,168.25,1,1867.5143861460956,3970
904,14298.0,182,22315.670000000002,19,1867.5143861460956,3970
905,14299.0,203,5009.6900000000005,10,1867.5143861460956,3970
906,14301.0,208,928.62,2,1867.5143861460956,3970
907,14302.0,298,471.25,2,1867.5143861460956,3970
908,14304.0,206,671.97,1,1867.5143861460956,3970
909,14306.0,313,302.08,1,1867.5143861460956,3970
910,14307.0,263,1036.76,3,1867.5143861460956,3970
911,14308.0,185,1147.02,2,1867.5143861460956,3970
912,14309.0,186,664.24,1,1867.5143861460956,3970
913,14311.0,203,206.19,1,1867.5143861460956,3970
914,14315.0,200,716.69,2,1867.5143861460956,3970
915,14316.0,183,1064.1,4,1867.5143861460956,3970
916,14320.0,182,868.96,3,1867.5143861460956,3970
917,14322.0,273,153.60000000000002,2,1867.5143861460956,3970
918,14324.0,329,361.81,1,1867.5143861460956,3970
919,14325.0,205,245.48000000000002,1,1867.5143861460956,3970
920,14327.0,266,945.32,3,1867.5143861460956,3970
921,14329.0,214,2236.63,4,1867.5143861460956,3970
922,14330.0,259,200.63,1,1867.5143861460956,3970
923,14334.0,204,476.89000000000004,1,1867.5143861460956,3970
924,14341.0,261,1241.61,5,1867.5143861460956,3970
925,14343.0,270,725.69,2,1867.5143861460956,3970
926,14344.0,213,1076.1200000000001,4,1867.5143861460956,3970
927,14347.0,372,82.60000000000001,1,1867.5143861460956,3970
928,14355.0,263,301.14,1,1867.5143861460956,3970
929,14361.0,214,214.71,1,1867.5143861460956,3970
930,14365.0,317,324.5,1,1867.5143861460956,3970
931,14369.0,278,469.13,2,1867.5143861460956,3970
932,14370.0,218,857.5,4,1867.5143861460956,3970
933,14372.0,235,590.35,1,1867.5143861460956,3970
934,14376.0,319,215.46,1,1867.5143861460956,3970
935,14378.0,257,131.25,1,1867.5143861460956,3970
936,14380.0,318,48.96,1,1867.5143861460956,3970
937,14388.0,184,1570.35,4,1867.5143861460956,3970
938,14389.0,226,228.4,1,1867.5143861460956,3970
939,14391.0,212,135.6,1,1867.5143861460956,3970
940,14394.0,200,93.8,1,1867.5143861460956,3970
941,14395.0,196,2269.25,6,1867.5143861460956,3970
942,14396.0,285,1180.94,4,1867.5143861460956,3970
943,14399.0,198,1134.03,4,1867.5143861460956,3970
944,14400.0,267,656.25,1,1867.5143861460956,3970
945,14401.0,228,1692.83,5,1867.5143861460956,3970
946,14402.0,288,285.6,1,1867.5143861460956,3970
947,14403.0,225,404.7,2,1867.5143861460956,3970
948,14404.0,214,1114.29,6,1867.5143861460956,3970
949,14408.0,196,1082.28,3,1867.5143861460956,3970
950,14409.0,203,600.05,1,1867.5143861460956,3970
951,14413.0,318,465.5,2,1867.5143861460956,3970
952,14415.0,187,2450.75,4,1867.5143861460956,3970
953,14420.0,327,400.8,1,1867.5143861460956,3970
954,14421.0,186,1344.13,3,1867.5143861460956,3970
955,14422.0,199,2430.5,6,1867.5143861460956,3970
956,14423.0,330,244.8,1,1867.5143861460956,3970
957,14425.0,358,422.29,2,1867.5143861460956,3970
958,14426.0,190,2153.08,3,1867.5143861460956,3970
959,14427.0,267,595.1,1,1867.5143861460956,3970
960,14430.0,243,635.5000000000001,1,1867.5143861460956,3970
961,14431.0,323,537.25,1,1867.5143861460956,3970
962,14436.0,189,182.64,1,1867.5143861460956,3970
963,14437.0,219,365.48,1,1867.5143861460956,3970
964,14439.0,203,6001.74,3,3583.9175,4
965,14440.0,234,2093.75,4,1867.5143861460956,3970
966,14441.0,187,1518.27,4,1867.5143861460956,3970
967,14442.0,205,1621.55,2,2231.4836363636364,11
968,14450.0,246,196.08,1,1867.5143861460956,3970
969,14451.0,180,1187.1,5,1867.5143861460956,3970
970,14454.0,194,581.35,3,1867.5143861460956,3970
971,14459.0,287,3537.821,1,1867.5143861460956,3970
972,14460.0,222,389.04,3,1867.5143861460956,3970
973,14461.0,218,1319.6100000000001,3,1867.5143861460956,3970
974,14464.0,204,111.0,2,1867.5143861460956,3970
975,14465.0,180,2317.41,6,1867.5143861460956,3970
976,14466.0,184,1210.85,5,1867.5143861460956,3970
977,14467.0,186,616.58,4,1867.5143861460956,3970
978,14468.0,369,204.24,1,1867.5143861460956,3970
979,14469.0,255,1141.47,2,1867.5143861460956,3970
980,14471.0,227,400.95,2,1867.5143861460956,3970
981,14472.0,325,291.38,1,1867.5143861460956,3970
982,14474.0,215,730.42,1,1867.5143861460956,3970
983,14477.0,340,165.0,1,1867.5143861460956,3970
984,14478.0,318,578.68,2,1867.5143861460956,3970
985,14479.0,369,355.13,1,1867.5143861460956,3970
986,14480.0,354,303.85,1,1867.5143861460956,3970
987,14481.0,248,893.4,2,1867.5143861460956,3970
988,14483.0,372,120.0,1,1867.5143861460956,3970
989,14484.0,273,528.6800000000001,2,1867.5143861460956,3970
990,14486.0,189,97.5,1,1867.5143861460956,3970
991,14489.0,248,450.85,1,1867.5143861460956,3970
992,14492.0,190,596.52,2,1867.5143861460956,3970
993,14493.0,228,859.4499999999999,2,1867.5143861460956,3970
994,14494.0,367,114.3,1,1867.5143861460956,3970
995,14495.0,295,51.0,1,1867.5143861460956,3970
996,14496.0,215,1031.74,2,1867.5143861460956,3970
997,14497.0,309,221.69,1,1867.5143861460956,3970
998,14498.0,186,308.67,1,1867.5143861460956,3970
999,14505.0,201,2870.53,7,1867.5143861460956,3970
1000,14506.0,235,391.5,1,1867.5143861460956,3970
1001,14507.0,285,407.9,2,1867.5143861460956,3970
1002,14512.0,214,426.35,3,1867.5143861460956,3970
1003,14513.0,204,271.46000000000004,1,1867.5143861460956,3970
1004,14514.0,186,2174.18,4,1867.5143861460956,3970
1005,14515.0,186,196.1,1,1867.5143861460956,3970
1006,14519.0,319,206.09,2,1867.5143861460956,3970
1007,14522.0,231,784.08,4,1867.5143861460956,3970
1008,14525.0,203,1756.29,5,1867.5143861460956,3970
1009,14527.0,191,15211.44,40,1867.5143861460956,3970
1010,14530.0,196,1210.87,5,1867.5143861460956,3970
1011,14532.0,236,1785.1200000000001,4,1867.5143861460956,3970
1012,14533.0,214,789.7099999999999,2,1867.5143861460956,3970
1013,14534.0,186,660.1,2,1867.5143861460956,3970
1014,14535.0,185,2184.28,4,1867.5143861460956,3970
1015,14537.0,259,285.84,1,1867.5143861460956,3970
1016,14538.0,180,659.4,2,1867.5143861460956,3970
1017,14540.0,312,1143.91,4,1867.5143861460956,3970
1018,14541.0,231,634.58,4,1867.5143861460956,3970
1019,14543.0,185,6070.9,10,1867.5143861460956,3970
1020,14545.0,310,349.25,1,1867.5143861460956,3970
1021,14546.0,194,1438.28,3,1867.5143861460956,3970
1022,14548.0,206,1648.29,6,1867.5143861460956,3970
1023,14549.0,229,510.31,2,1867.5143861460956,3970
1024,14551.0,317,148.85,1,1867.5143861460956,3970
1025,14552.0,228,173.72,1,1867.5143861460956,3970
1026,14555.0,206,750.04,2,1867.5143861460956,3970
1027,14556.0,232,835.34,3,1867.5143861460956,3970
1028,14558.0,290,655.5,3,1867.5143861460956,3970
1029,14560.0,201,2855.13,13,1867.5143861460956,3970
1030,14562.0,246,645.07,4,1867.5143861460956,3970
1031,14563.0,228,529.79,1,1867.5143861460956,3970
1032,14564.0,371,989.1800000000001,1,2231.4836363636364,11
1033,14569.0,239,183.45,1,1867.5143861460956,3970
1034,14572.0,194,1001.85,2,1867.5143861460956,3970
1035,14573.0,180,554.9,4,1867.5143861460956,3970
1036,14574.0,368,143.70000000000002,1,1867.5143861460956,3970
1037,14577.0,317,323.74,2,1867.5143861460956,3970
1038,14581.0,180,295.2,1,1867.5143861460956,3970
1039,14583.0,257,256.83,1,1867.5143861460956,3970
1040,14584.0,266,393.21,2,1867.5143861460956,3970
1041,14588.0,214,135.39,1,1867.5143861460956,3970
1042,14590.0,214,2031.72,13,1867.5143861460956,3970
1043,14593.0,282,1208.0,5,1867.5143861460956,3970
1044,14595.0,324,202.35,1,1867.5143861460956,3970
1045,14596.0,262,229.47,1,1867.5143861460956,3970
1046,14598.0,205,162.07,1,1867.5143861460956,3970
1047,14602.0,292,205.35999999999999,1,1867.5143861460956,3970
1048,14604.0,269,143.85999999999999,1,1867.5143861460956,3970
1049,14605.0,233,589.96,3,1867.5143861460956,3970
1050,14606.0,183,10012.27,49,1867.5143861460956,3970
1051,14607.0,203,7034.93,6,1867.5143861460956,3970
1052,14608.0,200,650.39,3,1867.5143861460956,3970
1053,14609.0,219,168.48000000000002,2,1867.5143861460956,3970
1054,14611.0,234,291.4,1,1867.5143861460956,3970
1055,14613.0,316,76.32000000000001,1,1867.5143861460956,3970
1056,14615.0,184,303.65,1,1867.5143861460956,3970
1057,14616.0,184,42.5,1,1867.5143861460956,3970
1058,14618.0,182,245.73000000000002,1,1867.5143861460956,3970
1059,14621.0,319,518.35,1,1867.5143861460956,3970
1060,14623.0,231,375.83,2,1867.5143861460956,3970
1061,14624.0,190,336.91,2,1867.5143861460956,3970
1062,14625.0,227,1368.42,3,1867.5143861460956,3970
1063,14626.0,198,1552.55,4,1867.5143861460956,3970
1064,14628.0,277,693.73,2,1867.5143861460956,3970
1065,14637.0,313,106.68,1,1867.5143861460956,3970
1066,14639.0,297,745.47,1,1867.5143861460956,3970
1067,14640.0,260,807.1,2,1867.5143861460956,3970
1068,14643.0,253,986.08,3,1867.5143861460956,3970
1069,14644.0,372,338.5,1,1867.5143861460956,3970
1070,14645.0,270,279.8,1,1867.5143861460956,3970
1071,14646.0,190,110110.75,34,12217.545454545454,22
1072,14648.0,198,2846.46,9,1867.5143861460956,3970
1073,14649.0,198,1295.26,3,1867.5143861460956,3970
1074,14650.0,224,62.5,1,1867.5143861460956,3970
1075,14651.0,198,835.02,4,1867.5143861460956,3970
1076,14653.0,187,1251.38,4,1867.5143861460956,3970
1077,14654.0,374,246.86,1,1867.5143861460956,3970
1078,14655.0,232,972.54,1,1867.5143861460956,3970
1079,14656.0,239,144.45,1,1867.5143861460956,3970
1080,14662.0,268,221.64999999999998,2,1867.5143861460956,3970
1081,14665.0,228,279.6,1,1867.5143861460956,3970
1082,14667.0,187,5027.43,14,1867.5143861460956,3970
1083,14669.0,269,1973.94,4,1867.5143861460956,3970
1084,14670.0,368,190.47,1,1867.5143861460956,3970
1085,14671.0,185,1127.45,2,1867.5143861460956,3970
1086,14672.0,316,155.86,1,1867.5143861460956,3970
1087,14676.0,254,884.88,2,1867.5143861460956,3970
1088,14677.0,228,184.91,1,1867.5143861460956,3970
1089,14678.0,215,403.39,1,1867.5143861460956,3970
1090,14679.0,367,438.74,1,1867.5143861460956,3970
1091,14680.0,184,18472.8,30,1867.5143861460956,3970
1092,14681.0,280,168.0,2,1867.5143861460956,3970
1093,14682.0,260,469.22,2,1867.5143861460956,3970
1094,14683.0,224,146.56,1,1867.5143861460956,3970
1095,14685.0,212,4619.79,8,1867.5143861460956,3970
1096,14686.0,295,316.97,2,1867.5143861460956,3970
1097,14687.0,187,311.66,1,1867.5143861460956,3970
1098,14692.0,197,261.52,2,1867.5143861460956,3970
1099,14694.0,253,244.31,1,1867.5143861460956,3970
1100,14695.0,368,984.03,2,1867.5143861460956,3970
1101,14701.0,320,501.23,1,1867.5143861460956,3970
1102,14702.0,236,1850.46,6,1867.5143861460956,3970
1103,14704.0,260,119.84,1,1867.5143861460956,3970
1104,14706.0,254,390.69,1,1867.5143861460956,3970
1105,14707.0,212,69.6,1,1867.5143861460956,3970
1106,14709.0,187,2056.56,6,1867.5143861460956,3970
1107,14710.0,200,597.93,5,1867.5143861460956,3970
1108,14713.0,190,1281.51,6,1867.5143861460956,3970
1109,14714.0,211,463.12,2,1867.5143861460956,3970
1110,14715.0,198,671.52,2,1867.5143861460956,3970
1111,14717.0,369,81.3,1,1867.5143861460956,3970
1112,14723.0,241,278.16,2,1867.5143861460956,3970
1113,14724.0,226,345.25,1,1867.5143861460956,3970
1114,14726.0,290,124.75,1,1867.5143861460956,3970
1115,14727.0,182,199.35,2,1867.5143861460956,3970
1116,14729.0,261,280.4,2,1867.5143861460956,3970
1117,14732.0,225,1644.81,7,1867.5143861460956,3970
1118,14734.0,187,198.36,1,1867.5143861460956,3970
1119,14735.0,197,2953.0,11,1867.5143861460956,3970
1120,14738.0,196,507.45,2,1867.5143861460956,3970
1121,14739.0,190,4387.8,10,1867.5143861460956,3970
1122,14740.0,192,1535.44,5,1867.5143861460956,3970
1123,14743.0,228,50.480000000000004,1,1867.5143861460956,3970
1124,14744.0,199,1137.7,4,1867.5143861460956,3970
1125,14745.0,199,829.05,4,1867.5143861460956,3970
1126,14748.0,253,727.12,2,1867.5143861460956,3970
1127,14750.0,372,112.03,1,1867.5143861460956,3970
1128,14751.0,320,126.45,2,1867.5143861460956,3970
1129,14754.0,197,477.59000000000003,2,1867.5143861460956,3970
1130,14755.0,217,2145.27,8,1867.5143861460956,3970
1131,14758.0,246,442.5,1,1867.5143861460956,3970
1132,14762.0,262,117.05,1,1867.5143861460956,3970
1133,14766.0,187,1319.53,1,1867.5143861460956,3970
1134,14769.0,262,2141.37,4,1867.5143861460956,3970
1135,14770.0,197,2292.7400000000002,4,1867.5143861460956,3970
1136,14771.0,257,594.62,2,1867.5143861460956,3970
1137,14773.0,228,140.55,1,1867.5143861460956,3970
1138,14783.0,295,307.3,1,1867.5143861460956,3970
1139,14786.0,186,90.96,1,1867.5143861460956,3970
1140,14788.0,232,476.88,1,1867.5143861460956,3970
1141,14790.0,253,800.88,3,1867.5143861460956,3970
1142,14791.0,242,303.63,1,1867.5143861460956,3970
1143,14796.0,253,750.65,4,1867.5143861460956,3970
1144,14798.0,246,334.49,2,1867.5143861460956,3970
1145,14799.0,373,180.45000000000002,1,1867.5143861460956,3970
1146,14805.0,257,197.78,1,1867.5143861460956,3970
1147,14807.0,285,349.64,1,1867.5143861460956,3970
1148,14809.0,257,686.76,2,1867.5143861460956,3970
1149,14812.0,234,185.8,1,1867.5143861460956,3970
1150,14813.0,246,460.34,1,1867.5143861460956,3970
1151,14814.0,217,160.46,1,1867.5143861460956,3970
1152,14817.0,236,987.38,2,1867.5143861460956,3970
1153,14818.0,283,108.5,1,1867.5143861460956,3970
1154,14819.0,354,30.64,1,1867.5143861460956,3970
1155,14820.0,228,265.12,2,1867.5143861460956,3970
1156,14821.0,267,293.65,3,1867.5143861460956,3970
1157,14824.0,200,1614.65,3,1867.5143861460956,3970
1158,14825.0,185,768.58,4,1867.5143861460956,3970
1159,14826.0,217,385.2,2,1867.5143861460956,3970
1160,14827.0,301,0.0,1,1867.5143861460956,3970
1161,14828.0,204,4748.16,5,1867.5143861460956,3970
1162,14831.0,316,1676.57,3,1867.5143861460956,3970
1163,14832.0,266,322.69,1,1867.5143861460956,3970
1164,14835.0,253,178.2,1,1867.5143861460956,3970
1165,14837.0,227,743.23,2,1867.5143861460956,3970
1166,14838.0,372,119.10000000000001,1,1867.5143861460956,3970
1167,14839.0,215,609.08,2,1867.5143861460956,3970
1168,14841.0,281,1627.59,4,1867.5143861460956,3970
1169,14844.0,242,1160.66,1,1867.5143861460956,3970
1170,14845.0,235,150.0,1,1867.5143861460956,3970
1171,14847.0,200,304.79999999999995,1,1867.5143861460956,3970
1172,14849.0,180,4009.74,9,1867.5143861460956,3970
1173,14850.0,204,473.32,2,1867.5143861460956,3970
1174,14851.0,266,318.06,1,1867.5143861460956,3970
1175,14852.0,231,865.99,3,1867.5143861460956,3970
1176,14853.0,241,420.47,1,1867.5143861460956,3970
1177,14854.0,212,948.91,2,1867.5143861460956,3970
1178,14855.0,246,1623.8,1,1867.5143861460956,3970
1179,14857.0,192,1586.8210000000001,3,1867.5143861460956,3970
1180,14859.0,190,351.9,1,1867.5143861460956,3970
1181,14861.0,309,606.36,3,1867.5143861460956,3970
1182,14865.0,374,31.200000000000003,1,1867.5143861460956,3970
1183,14867.0,198,1796.84,11,1867.5143861460956,3970
1184,14869.0,299,1142.41,2,1867.5143861460956,3970
1185,14870.0,284,732.1,2,1867.5143861460956,3970
1186,14871.0,186,610.79,4,1867.5143861460956,3970
1187,14872.0,220,506.76,2,1867.5143861460956,3970
1188,14873.0,269,334.45,1,1867.5143861460956,3970
1189,14876.0,197,203.6,1,1867.5143861460956,3970
1190,14877.0,278,206.7,1,1867.5143861460956,3970
1191,14878.0,187,1341.56,8,1867.5143861460956,3970
1192,14879.0,320,185.06,1,1867.5143861460956,3970
1193,14882.0,227,284.1,2,1867.5143861460956,3970
1194,14884.0,305,120.6,1,1867.5143861460956,3970
1195,14890.0,254,691.6,2,1867.5143861460956,3970
1196,14892.0,326,202.35000000000002,1,1867.5143861460956,3970
1197,14893.0,253,571.76,1,1867.5143861460956,3970
1198,14894.0,373,299.70000000000005,1,1867.5143861460956,3970
1199,14895.0,186,6415.04,9,1867.5143861460956,3970
1200,14896.0,280,938.99,4,1867.5143861460956,3970
1201,14897.0,228,621.66,2,1867.5143861460956,3970
1202,14898.0,241,1050.33,4,1867.5143861460956,3970
1203,14902.0,189,398.40000000000003,1,1867.5143861460956,3970
1204,14905.0,242,674.2,3,1867.5143861460956,3970
1205,14907.0,238,294.72,1,1867.5143861460956,3970
1206,14909.0,200,1105.28,2,1867.5143861460956,3970
1207,14911.0,182,59580.35,75,71361.812,5
1208,14912.0,226,497.0,2,1369.7436363636364,11
1209,14915.0,213,537.3100000000001,3,1867.5143861460956,3970
1210,14916.0,215,1218.81,3,1867.5143861460956,3970
1211,14917.0,232,1123.75,2,1867.5143861460956,3970
1212,14918.0,183,1507.8700000000001,3,1867.5143861460956,3970
1213,14920.0,201,629.4,1,1867.5143861460956,3970
1214,14924.0,246,620.96,2,1867.5143861460956,3970
1215,14926.0,234,220.2,1,1867.5143861460956,3970
1216,14928.0,263,223.91000000000003,1,1867.5143861460956,3970
1217,14930.0,199,2005.63,2,2231.4836363636364,11
1218,14935.0,255,1065.1200000000001,1,2231.4836363636364,11
1219,14936.0,219,1194.48,2,2231.4836363636364,11
1220,14938.0,198,2322.43,2,2231.4836363636364,11
1221,14940.0,369,182.01,1,1867.5143861460956,3970
1222,14941.0,214,182.1,1,1867.5143861460956,3970
1223,14942.0,228,440.78,3,1867.5143861460956,3970
1224,14943.0,299,107.62,1,1867.5143861460956,3970
1225,14944.0,239,1578.3,3,1867.5143861460956,3970
1226,14947.0,239,471.6,2,1867.5143861460956,3970
1227,14949.0,284,330.77000000000004,3,1867.5143861460956,3970
1228,14952.0,198,4700.2,12,1867.5143861460956,3970
1229,14954.0,339,167.27,1,1867.5143861460956,3970
1230,14955.0,368,163.77,1,1867.5143861460956,3970
1231,14957.0,280,274.8,1,1867.5143861460956,3970
1232,14958.0,231,458.26,3,1867.5143861460956,3970
1233,14961.0,191,4697.92,5,1867.5143861460956,3970
1234,14962.0,207,187.11,2,1867.5143861460956,3970
1235,14966.0,359,335.12,2,1867.5143861460956,3970
1236,14967.0,295,769.61,2,1867.5143861460956,3970
1237,14969.0,339,906.23,1,1867.5143861460956,3970
1238,14970.0,190,1951.08,5,1867.5143861460956,3970
1239,14977.0,361,31.93,1,1867.5143861460956,3970
1240,14978.0,226,250.04,1,1867.5143861460956,3970
1241,14979.0,371,439.46000000000004,1,1867.5143861460956,3970
1242,14980.0,373,150.68,1,1867.5143861460956,3970
1243,14982.0,208,237.78,1,1867.5143861460956,3970
1244,14983.0,325,183.20000000000002,1,1867.5143861460956,3970
1245,14984.0,187,509.5,3,1867.5143861460956,3970
1246,14986.0,320,323.38,1,1867.5143861460956,3970
1247,14987.0,354,566.6999999999999,4,1867.5143861460956,3970
1248,14988.0,220,506.42,2,1867.5143861460956,3970
1249,14989.0,297,342.4,1,1867.5143861460956,3970
1250,14990.0,248,305.42,2,1867.5143861460956,3970
1251,14993.0,199,36.13,1,1867.5143861460956,3970
1252,14994.0,224,346.65,2,1867.5143861460956,3970
1253,14997.0,291,230.4,1,1867.5143861460956,3970
1254,14998.0,241,113.49,1,1867.5143861460956,3970
1255,14999.0,228,129.48000000000002,1,1867.5143861460956,3970
1256,15002.0,296,1595.27,3,1867.5143861460956,3970
1257,15003.0,262,883.9,5,1867.5143861460956,3970
1258,15005.0,187,3896.33,15,1867.5143861460956,3970
1259,15008.0,273,120.0,1,1867.5143861460956,3970
1260,15012.0,212,246.52,1,1867.5143861460956,3970
1261,15013.0,197,1134.66,7,1867.5143861460956,3970
1262,15015.0,197,1905.63,11,1867.5143861460956,3970
1263,15022.0,313,281.05,1,1867.5143861460956,3970
1264,15023.0,207,1927.36,4,1867.5143861460956,3970
1265,15025.0,204,636.08,1,1867.5143861460956,3970
1266,15027.0,199,1156.16,4,1867.5143861460956,3970
1267,15029.0,255,365.1,1,1867.5143861460956,3970
1268,15030.0,187,946.5300000000001,3,1867.5143861460956,3970
1269,15031.0,214,1748.24,6,1867.5143861460956,3970
1270,15032.0,239,2123.95,2,1867.5143861460956,3970
1271,15034.0,213,708.92,1,1867.5143861460956,3970
1272,15039.0,185,4209.0,17,1867.5143861460956,3970
1273,15042.0,231,179.52,1,1867.5143861460956,3970
1274,15044.0,242,4194.58,7,1867.5143861460956,3970
1275,15046.0,187,1751.94,7,1867.5143861460956,3970
1276,15051.0,297,766.12,2,1867.5143861460956,3970
1277,15055.0,229,422.62,2,1867.5143861460956,3970
1278,15057.0,261,865.0400000000001,2,1867.5143861460956,3970
1279,15058.0,228,511.25,2,1867.5143861460956,3970
1280,15059.0,186,1294.35,6,1867.5143861460956,3970
1281,15061.0,196,31248.08,31,1867.5143861460956,3970
1282,15062.0,246,585.73,1,1867.5143861460956,3970
1283,15064.0,211,648.78,2,1867.5143861460956,3970
1284,15067.0,243,764.64,1,1867.5143861460956,3970
1285,15068.0,257,334.87,1,1867.5143861460956,3970
1286,15070.0,227,630.85,2,1867.5143861460956,3970
1287,15071.0,206,166.24,1,1867.5143861460956,3970
1288,15073.0,232,725.78,2,1867.5143861460956,3970
1289,15077.0,366,873.48,1,1867.5143861460956,3970
1290,15078.0,186,3774.42,9,1867.5143861460956,3970
1291,15079.0,182,2066.76,4,1867.5143861460956,3970
1292,15082.0,304,93.35000000000001,1,1867.5143861460956,3970
1293,15084.0,281,349.4,1,1867.5143861460956,3970
1294,15085.0,365,347.54,1,1867.5143861460956,3970
1295,15086.0,200,218.53,2,1867.5143861460956,3970
1296,15091.0,310,565.9,2,1867.5143861460956,3970
1297,15093.0,232,3269.96,5,1867.5143861460956,3970
1298,15094.0,280,50.0,1,1867.5143861460956,3970
1299,15095.0,232,704.89,2,1867.5143861460956,3970
1300,15097.0,219,660.27,2,1867.5143861460956,3970
1301,15100.0,337,217.2,1,1867.5143861460956,3970
1302,15101.0,189,463.52,2,1867.5143861460956,3970
1303,15102.0,182,355.89,1,1867.5143861460956,3970
1304,15105.0,262,330.38,1,1867.5143861460956,3970
1305,15109.0,215,498.15000000000003,2,1867.5143861460956,3970
1306,15111.0,228,286.81,1,1867.5143861460956,3970
1307,15112.0,247,209.4,1,1867.5143861460956,3970
1308,15115.0,368,191.74,1,1867.5143861460956,3970
1309,15117.0,270,359.69,2,1867.5143861460956,3970
1310,15122.0,220,1143.67,2,1867.5143861460956,3970
1311,15123.0,269,456.65999999999997,1,1867.5143861460956,3970
1312,15124.0,287,134.03,1,1867.5143861460956,3970
1313,15125.0,225,4063.4700000000003,4,1867.5143861460956,3970
1314,15126.0,323,192.45,1,1867.5143861460956,3970
1315,15129.0,218,902.25,3,1867.5143861460956,3970
1316,15135.0,192,166.63,1,1867.5143861460956,3970
1317,15137.0,316,392.82,1,1867.5143861460956,3970
1318,15141.0,182,827.17,4,1867.5143861460956,3970
1319,15144.0,240,1953.6000000000001,3,1867.5143861460956,3970
1320,15149.0,212,1033.81,4,1867.5143861460956,3970
1321,15152.0,337,518.14,1,1867.5143861460956,3970
1322,15157.0,205,718.04,2,1867.5143861460956,3970
1323,15162.0,367,312.9,1,1867.5143861460956,3970
1324,15164.0,186,582.85,3,1867.5143861460956,3970
1325,15167.0,309,686.03,1,1867.5143861460956,3970
1326,15169.0,362,356.17,1,1867.5143861460956,3970
1327,15173.0,184,949.27,4,1867.5143861460956,3970
1328,15176.0,303,988.0400000000001,1,1867.5143861460956,3970
1329,15179.0,184,3771.39,5,1867.5143861460956,3970
1330,15180.0,225,452.84000000000003,1,1867.5143861460956,3970
1331,15181.0,367,162.72,1,1867.5143861460956,3970
1332,15182.0,199,963.5210000000001,2,1867.5143861460956,3970
1333,15183.0,183,639.93,3,1867.5143861460956,3970
1334,15184.0,359,123.19,1,1867.5143861460956,3970
1335,15186.0,212,518.86,2,1867.5143861460956,3970
1336,15188.0,361,310.43,1,1867.5143861460956,3970
1337,15191.0,324,342.75,2,1867.5143861460956,3970
1338,15192.0,211,622.07,2,1867.5143861460956,3970
1339,15194.0,239,2214.9900000000002,6,1867.5143861460956,3970
1340,15196.0,362,152.25,1,1867.5143861460956,3970
1341,15197.0,364,117.96000000000001,1,1867.5143861460956,3970
1342,15198.0,253,207.31,2,1867.5143861460956,3970
1343,15199.0,211,300.90000000000003,1,1867.5143861460956,3970
1344,15201.0,247,293.06,1,1867.5143861460956,3970
1345,15203.0,225,1237.25,5,1867.5143861460956,3970
1346,15207.0,183,408.0,1,1867.5143861460956,3970
1347,15209.0,366,178.98000000000002,1,1867.5143861460956,3970
1348,15210.0,211,301.92,1,1867.5143861460956,3970
1349,15215.0,220,466.22,2,1867.5143861460956,3970
1350,15216.0,254,389.49,1,1867.5143861460956,3970
1351,15217.0,199,426.24,1,1867.5143861460956,3970
1352,15218.0,197,3104.93,6,1867.5143861460956,3970
1353,15219.0,284,379.7,1,1867.5143861460956,3970
1354,15221.0,229,787.15,2,1867.5143861460956,3970
1355,15222.0,240,2420.66,8,1867.5143861460956,3970
1356,15223.0,245,662.2,3,1867.5143861460956,3970
1357,15224.0,282,389.2,2,1867.5143861460956,3970
1358,15227.0,206,658.86,2,1867.5143861460956,3970
1359,15229.0,222,160.5,1,1867.5143861460956,3970
1360,15231.0,257,250.26000000000002,1,1867.5143861460956,3970
1361,15240.0,220,931.23,2,1867.5143861460956,3970
1362,15241.0,206,848.26,2,1867.5143861460956,3970
1363,15244.0,302,280.51,1,1867.5143861460956,3970
1364,15245.0,231,512.26,1,1867.5143861460956,3970
1365,15246.0,191,266.25,1,1867.5143861460956,3970
1366,15249.0,186,1580.95,3,1867.5143861460956,3970
1367,15250.0,276,60.0,1,1867.5143861460956,3970
1368,15251.0,201,7685.77,6,1867.5143861460956,3970
1369,15252.0,212,992.87,2,1867.5143861460956,3970
1370,15253.0,222,411.46000000000004,1,1867.5143861460956,3970
1371,15254.0,182,787.99,2,1867.5143861460956,3970
1372,15255.0,180,399.44,2,1867.5143861460956,3970
1373,15256.0,197,71.95,1,1867.5143861460956,3970
1374,15259.0,238,734.9,2,1867.5143861460956,3970
1375,15260.0,186,2705.1400000000003,12,1867.5143861460956,3970
1376,15265.0,240,1839.52,2,1867.5143861460956,3970
1377,15266.0,322,292.2,2,1867.5143861460956,3970
1378,15268.0,241,547.6,1,1867.5143861460956,3970
1379,15270.0,254,3471.7200000000003,8,1867.5143861460956,3970
1380,15272.0,208,956.55,2,1867.5143861460956,3970
1381,15273.0,235,228.96,1,1867.5143861460956,3970
1382,15278.0,197,496.16,4,1867.5143861460956,3970
1383,15279.0,266,665.53,2,1867.5143861460956,3970
1384,15280.0,207,141.6,1,1867.5143861460956,3970
1385,15282.0,206,348.59,1,1867.5143861460956,3970
1386,15287.0,373,58.2,1,1867.5143861460956,3970
1387,15288.0,231,768.5600000000001,2,1867.5143861460956,3970
1388,15289.0,257,439.62,1,1867.5143861460956,3970
1389,15290.0,184,1007.04,3,1867.5143861460956,3970
1390,15291.0,214,5432.01,16,1867.5143861460956,3970
1391,15293.0,301,247.5,1,1867.5143861460956,3970
1392,15295.0,290,217.23999999999998,1,1867.5143861460956,3970
1393,15296.0,207,3312.59,2,1867.5143861460956,3970
1394,15298.0,184,2413.28,6,1867.5143861460956,3970
1395,15299.0,332,731.52,1,1867.5143861460956,3970
1396,15302.0,366,308.0,1,1867.5143861460956,3970
1397,15303.0,201,650.16,2,1867.5143861460956,3970
1398,15305.0,191,93.6,1,1867.5143861460956,3970
1399,15306.0,200,1776.3100000000002,4,1867.5143861460956,3970
1400,15309.0,246,797.96,4,1867.5143861460956,3970
1401,15311.0,183,36885.07,74,1867.5143861460956,3970
1402,15312.0,217,1414.89,5,1867.5143861460956,3970
1403,15317.0,313,129.75,1,1867.5143861460956,3970
1404,15321.0,199,3005.9100000000003,8,1867.5143861460956,3970
1405,15323.0,198,434.6,3,1867.5143861460956,3970
1406,15324.0,337,140.22000000000003,1,1867.5143861460956,3970
1407,15325.0,220,590.83,3,1867.5143861460956,3970
1408,15326.0,245,1388.81,4,1867.5143861460956,3970
1409,15329.0,210,789.47,4,1867.5143861460956,3970
1410,15331.0,245,365.59000000000003,1,1867.5143861460956,3970
1411,15338.0,313,283.43,1,1867.5143861460956,3970
1412,15339.0,259,290.73,2,1867.5143861460956,3970
1413,15340.0,197,105.5,1,1867.5143861460956,3970
1414,15352.0,184,114.95,1,1867.5143861460956,3970
1415,15353.0,185,877.33,2,1867.5143861460956,3970
1416,15354.0,239,284.4,3,1867.5143861460956,3970
1417,15358.0,213,2877.12,7,1867.5143861460956,3970
1418,15359.0,298,181.35,8,1867.5143861460956,3970
1419,15362.0,374,310.75,1,1867.5143861460956,3970
1420,15365.0,309,325.12,1,1867.5143861460956,3970
1421,15366.0,186,1126.79,3,1867.5143861460956,3970
1422,15367.0,227,2048.87,5,1867.5143861460956,3970
1423,15369.0,227,1728.4,6,1867.5143861460956,3970
1424,15371.0,298,59.400000000000006,1,1867.5143861460956,3970
1425,15372.0,297,2416.08,4,1867.5143861460956,3970
1426,15373.0,187,321.67,3,1867.5143861460956,3970
1427,15374.0,260,139.32,1,1867.5143861460956,3970
1428,15375.0,326,60.959999999999994,1,1867.5143861460956,3970
1429,15380.0,185,1224.26,5,1867.5143861460956,3970
1430,15381.0,219,349.5,1,1867.5143861460956,3970
1431,15382.0,217,3766.73,3,1867.5143861460956,3970
1432,15384.0,228,276.5,1,1867.5143861460956,3970
1433,15385.0,313,307.8,1,1867.5143861460956,3970
1434,15389.0,191,1733.8,3,1867.5143861460956,3970
1435,15391.0,220,289.87,1,1867.5143861460956,3970
1436,15393.0,203,659.48,3,1867.5143861460956,3970
1437,15394.0,201,1027.66,3,1867.5143861460956,3970
1438,15396.0,219,508.20000000000005,1,1867.5143861460956,3970
1439,15400.0,196,194.0,1,1867.5143861460956,3970
1440,15401.0,204,136.2,1,1867.5143861460956,3970
1441,15402.0,227,584.0600000000001,1,1867.5143861460956,3970
1442,15403.0,366,95.75999999999999,1,1867.5143861460956,3970
1443,15405.0,212,310.74,1,1867.5143861460956,3970
1444,15409.0,357,131.25,1,1867.5143861460956,3970
1445,15410.0,204,1234.88,2,1867.5143861460956,3970
1446,15413.0,327,6798.72,5,1867.5143861460956,3970
1447,15416.0,312,389.03,1,1867.5143861460956,3970
1448,15418.0,222,206.49,1,1867.5143861460956,3970
1449,15420.0,194,636.0,5,1867.5143861460956,3970
1450,15421.0,199,1733.95,4,1867.5143861460956,3970
1451,15422.0,206,758.7,2,1867.5143861460956,3970
1452,15423.0,217,223.39000000000001,2,1867.5143861460956,3970
1453,15425.0,264,1509.67,2,1867.5143861460956,3970
1454,15426.0,222,407.57,1,1867.5143861460956,3970
1455,15428.0,273,381.72,2,1867.5143861460956,3970
1456,15434.0,320,285.35,1,1867.5143861460956,3970
1457,15437.0,276,193.29000000000002,1,1867.5143861460956,3970
1458,15439.0,289,748.85,2,1867.5143861460956,3970
1459,15441.0,366,301.57,1,1867.5143861460956,3970
1460,15443.0,194,1224.99,5,1867.5143861460956,3970
1461,15445.0,226,171.0,1,1867.5143861460956,3970
1462,15446.0,264,230.77,2,1867.5143861460956,3970
1463,15447.0,234,237.06,3,1867.5143861460956,3970
1464,15448.0,310,294.17,1,1867.5143861460956,3970
1465,15451.0,235,110.26,1,1867.5143861460956,3970
1466,15454.0,254,128.59,1,1867.5143861460956,3970
1467,15455.0,233,38.25,1,1867.5143861460956,3970
1468,15456.0,206,1109.35,5,1867.5143861460956,3970
1469,15461.0,267,210.0,1,1867.5143861460956,3970
1470,15465.0,217,1908.95,9,1867.5143861460956,3970
1471,15466.0,242,910.26,2,1867.5143861460956,3970
1472,15470.0,211,63.419999999999995,1,1867.5143861460956,3970
1473,15471.0,186,269.25,1,1867.5143861460956,3970
1474,15474.0,231,163.1,1,1867.5143861460956,3970
1475,15477.0,285,368.4,1,1867.5143861460956,3970
1476,15478.0,211,583.5600000000001,1,1867.5143861460956,3970
1477,15479.0,369,147.4,1,1867.5143861460956,3970
1478,15480.0,312,1636.38,2,5373.5,1
1479,15482.0,236,2842.43,6,1867.5143861460956,3970
1480,15483.0,320,175.26,1,1867.5143861460956,3970
1481,15484.0,370,689.5,1,1867.5143861460956,3970
1482,15485.0,317,1222.92,3,1867.5143861460956,3970
1483,15487.0,315,231.32,1,1867.5143861460956,3970
1484,15488.0,219,37.980000000000004,1,1867.5143861460956,3970
1485,15489.0,243,413.20000000000005,2,1867.5143861460956,3970
1486,15493.0,248,779.94,2,1867.5143861460956,3970
1487,15494.0,364,917.76,1,1867.5143861460956,3970
1488,15496.0,267,146.14,1,1867.5143861460956,3970
1489,15497.0,213,3816.0099999999998,5,1867.5143861460956,3970
1490,15498.0,199,6583.01,6,1867.5143861460956,3970
1491,15499.0,359,161.6,1,1867.5143861460956,3970
1492,15502.0,190,1686.41,1,1867.5143861460956,3970
1493,15503.0,362,120.06,1,1867.5143861460956,3970
1494,15504.0,242,309.18,2,1867.5143861460956,3970
1495,15512.0,312,39.0,1,1867.5143861460956,3970
1496,15513.0,180,5368.77,10,1867.5143861460956,3970
1497,15514.0,231,1770.95,5,1867.5143861460956,3970
1498,15518.0,200,1606.12,5,1867.5143861460956,3970
1499,15521.0,182,1807.32,4,1867.5143861460956,3970
1500,15523.0,185,5578.77,9,1867.5143861460956,3970
1501,15524.0,242,151.4,1,1867.5143861460956,3970
1502,15527.0,184,1902.3600000000001,9,1867.5143861460956,3970
1503,15532.0,185,406.04,1,1867.5143861460956,3970
1504,15534.0,361,162.25,1,1867.5143861460956,3970
1505,15538.0,235,2800.4,4,1867.5143861460956,3970
1506,15542.0,373,540.73,2,1867.5143861460956,3970
1507,15544.0,189,2735.05,7,1867.5143861460956,3970
1508,15546.0,242,1079.1000000000001,2,1867.5143861460956,3970
1509,15547.0,189,2476.82,5,1867.5143861460956,3970
1510,15548.0,231,158.09,1,1867.5143861460956,3970
1511,15549.0,260,380.65,3,1867.5143861460956,3970
1512,15550.0,311,700.71,4,1867.5143861460956,3970
1513,15551.0,186,287.12,1,1867.5143861460956,3970
1514,15552.0,259,162.4,1,1867.5143861460956,3970
1515,15555.0,194,3138.82,9,1867.5143861460956,3970
1516,15558.0,275,214.13,1,1867.5143861460956,3970
1517,15559.0,204,1109.4,1,1867.5143861460956,3970
1518,15561.0,180,1033.6,3,1867.5143861460956,3970
1519,15562.0,362,360.51000000000005,1,1867.5143861460956,3970
1520,15563.0,240,953.78,2,1867.5143861460956,3970
1521,15564.0,312,35.04,1,1867.5143861460956,3970
1522,15566.0,360,138.22,1,1867.5143861460956,3970
1523,15569.0,236,780.03,2,1867.5143861460956,3970
1524,15570.0,184,2634.64,6,1867.5143861460956,3970
1525,15571.0,194,766.39,4,1867.5143861460956,3970
1526,15572.0,240,359.11,1,1867.5143861460956,3970
1527,15573.0,254,599.73,3,1867.5143861460956,3970
1528,15575.0,255,30.1,1,1867.5143861460956,3970
1529,15577.0,359,139.1,2,1867.5143861460956,3970
1530,15580.0,194,535.66,3,1867.5143861460956,3970
1531,15581.0,205,1152.05,13,1867.5143861460956,3970
1532,15584.0,306,357.04,1,1867.5143861460956,3970
1533,15586.0,228,1139.1000000000001,3,1867.5143861460956,3970
1534,15588.0,313,579.6,1,1867.5143861460956,3970
1535,15590.0,219,694.76,3,1867.5143861460956,3970
1536,15591.0,218,217.9,3,1867.5143861460956,3970
1537,15597.0,211,238.8,1,1867.5143861460956,3970
1538,15600.0,229,328.48,1,1867.5143861460956,3970
1539,15601.0,183,5706.84,12,1867.5143861460956,3970
1540,15602.0,260,527.4,3,1867.5143861460956,3970
1541,15603.0,284,40.0,1,1867.5143861460956,3970
1542,15605.0,224,543.72,4,1867.5143861460956,3970
1543,15606.0,225,905.75,3,1867.5143861460956,3970
1544,15607.0,197,1534.01,7,1867.5143861460956,3970
1545,15611.0,194,788.6800000000001,8,1867.5143861460956,3970
1546,15613.0,246,433.71999999999997,1,1867.5143861460956,3970
1547,15614.0,262,1327.98,1,1867.5143861460956,3970
1548,15615.0,183,5334.21,12,1867.5143861460956,3970
1549,15622.0,186,3829.15,7,1867.5143861460956,3970
1550,15623.0,191,1422.84,4,1867.5143861460956,3970
1551,15628.0,238,908.33,3,1867.5143861460956,3970
1552,15630.0,280,295.05,1,1867.5143861460956,3970
1553,15631.0,278,596.67,1,1867.5143861460956,3970
1554,15633.0,180,4164.51,12,1867.5143861460956,3970
1555,15636.0,205,388.94,1,1867.5143861460956,3970
1556,15637.0,276,412.98,2,1867.5143861460956,3970
1557,15638.0,229,575.4,2,1867.5143861460956,3970
1558,15639.0,241,394.24,1,1867.5143861460956,3970
1559,15640.0,186,5906.19,9,1867.5143861460956,3970
1560,15641.0,225,1722.01,4,1867.5143861460956,3970
1561,15642.0,365,105.78,1,1867.5143861460956,3970
1562,15650.0,264,359.08,1,1867.5143861460956,3970
1563,15651.0,232,291.26,1,1867.5143861460956,3970
1564,15658.0,372,321.65000000000003,1,1867.5143861460956,3970
1565,15659.0,289,108.44,1,1867.5143861460956,3970
1566,15660.0,204,368.12,3,1867.5143861460956,3970
1567,15661.0,214,320.95,1,1867.5143861460956,3970
1568,15662.0,297,283.73,2,1867.5143861460956,3970
1569,15664.0,217,527.78,2,1867.5143861460956,3970
1570,15665.0,271,591.43,1,1867.5143861460956,3970
1571,15670.0,192,152.15,1,1867.5143861460956,3970
1572,15672.0,361,45.300000000000004,1,1867.5143861460956,3970
1573,15673.0,207,1780.81,3,1867.5143861460956,3970
1574,15674.0,196,2660.98,4,1867.5143861460956,3970
1575,15680.0,217,1686.99,5,1867.5143861460956,3970
1576,15681.0,186,598.0,2,1867.5143861460956,3970
1577,15682.0,235,318.24,2,1867.5143861460956,3970
1578,15684.0,183,173.95,3,1867.5143861460956,3970
1579,15689.0,253,266.93,1,1867.5143861460956,3970
1580,15691.0,225,359.5,2,1867.5143861460956,3970
1581,15693.0,295,37.5,1,1867.5143861460956,3970
1582,15694.0,231,811.47,2,1867.5143861460956,3970
1583,15695.0,233,721.0600000000001,2,1867.5143861460956,3970
1584,15696.0,183,817.02,4,1867.5143861460956,3970
1585,15697.0,325,246.75,1,1867.5143861460956,3970
1586,15698.0,260,46.2,1,1867.5143861460956,3970
1587,15702.0,318,27.82,1,140.39,1
1588,15704.0,219,841.1700000000001,1,1867.5143861460956,3970
1589,15709.0,225,194.6,1,1867.5143861460956,3970
1590,15711.0,192,420.25,2,1867.5143861460956,3970
1591,15712.0,180,1591.15,4,1867.5143861460956,3970
1592,15713.0,255,482.94,2,1867.5143861460956,3970
1593,15714.0,185,300.0,2,1867.5143861460956,3970
1594,15715.0,191,658.02,5,1867.5143861460956,3970
1595,15716.0,208,834.96,4,1867.5143861460956,3970
1596,15717.0,228,73.5,1,1867.5143861460956,3970
1597,15719.0,197,2980.43,10,1867.5143861460956,3970
1598,15720.0,186,143.19,1,1867.5143861460956,3970
1599,15722.0,239,1134.79,3,1867.5143861460956,3970
1600,15723.0,210,240.91,1,1867.5143861460956,3970
1601,15727.0,190,1937.66,3,1867.5143861460956,3970
1602,15731.0,189,125.3,1,1867.5143861460956,3970
1603,15732.0,222,889.63,7,1867.5143861460956,3970
1604,15734.0,183,310.65,1,1867.5143861460956,3970
1605,15738.0,180,5466.43,16,1867.5143861460956,3970
1606,15741.0,254,63.150000000000006,1,1867.5143861460956,3970
1607,15742.0,255,156.87,1,1867.5143861460956,3970
1608,15747.0,231,357.33,2,1867.5143861460956,3970
1609,15750.0,198,952.63,3,1867.5143861460956,3970
1610,15751.0,180,991.97,8,1867.5143861460956,3970
1611,15754.0,253,2126.82,4,1867.5143861460956,3970
1612,15755.0,182,2029.9,6,1867.5143861460956,3970
1613,15757.0,183,529.07,1,1867.5143861460956,3970
1614,15759.0,210,252.93,2,1867.5143861460956,3970
1615,15760.0,266,13916.34,2,4788.836,5
1616,15765.0,302,370.63,1,1867.5143861460956,3970
1617,15766.0,318,201.60000000000002,1,1867.5143861460956,3970
1618,15768.0,185,13280.19,26,1867.5143861460956,3970
1619,15769.0,182,14991.0,8,1867.5143861460956,3970
1620,15770.0,248,321.45,1,1867.5143861460956,3970
1621,15771.0,240,1006.54,3,1867.5143861460956,3970
1622,15774.0,208,549.54,3,1867.5143861460956,3970
1623,15775.0,267,45.599999999999994,1,1867.5143861460956,3970
1624,15777.0,204,9.3,1,1867.5143861460956,3970
1625,15784.0,308,466.19,1,1867.5143861460956,3970
1626,15785.0,197,1773.93,5,1867.5143861460956,3970
1627,15789.0,259,383.75,1,1867.5143861460956,3970
1628,15791.0,226,997.38,2,1867.5143861460956,3970
1629,15792.0,254,476.84000000000003,1,1867.5143861460956,3970
1630,15793.0,235,792.58,3,1867.5143861460956,3970
1631,15794.0,372,777.0,2,1867.5143861460956,3970
1632,15795.0,222,986.38,6,1867.5143861460956,3970
1633,15796.0,187,1215.28,3,1867.5143861460956,3970
1634,15797.0,217,613.6800000000001,2,1867.5143861460956,3970
1635,15798.0,281,1124.66,2,1867.5143861460956,3970
1636,15800.0,254,367.58,4,1867.5143861460956,3970
1637,15803.0,312,603.8,1,1867.5143861460956,3970
1638,15805.0,211,1933.57,4,1867.5143861460956,3970
1639,15807.0,302,401.94,1,1867.5143861460956,3970
1640,15808.0,180,8819.07,11,1867.5143861460956,3970
1641,15810.0,263,849.2,2,1867.5143861460956,3970
1642,15812.0,190,2531.92,5,1867.5143861460956,3970
1643,15814.0,239,294.08,1,1867.5143861460956,3970
1644,15818.0,224,340.5,1,1867.5143861460956,3970
1645,15819.0,224,1030.3,4,1867.5143861460956,3970
1646,15822.0,187,785.2900000000001,3,1867.5143861460956,3970
1647,15823.0,365,3867.17,2,1867.5143861460956,3970
1648,15826.0,204,943.97,1,1867.5143861460956,3970
1649,15827.0,197,1059.1,8,1867.5143861460956,3970
1650,15833.0,373,80.4,1,1867.5143861460956,3970
1651,15838.0,191,1890.56,4,1867.5143861460956,3970
1652,15841.0,355,603.75,2,1867.5143861460956,3970
1653,15845.0,227,595.96,2,1867.5143861460956,3970
1654,15847.0,277,80.62,1,1867.5143861460956,3970
1655,15848.0,257,139.94,1,1867.5143861460956,3970
1656,15850.0,362,106.65,1,1867.5143861460956,3970
1657,15854.0,185,1056.82,4,1867.5143861460956,3970
1658,15856.0,182,8381.03,12,1867.5143861460956,3970
1659,15858.0,192,1487.41,5,1867.5143861460956,3970
1660,15860.0,194,636.97,5,1867.5143861460956,3970
1661,15861.0,203,923.07,3,1867.5143861460956,3970
1662,15862.0,196,1297.19,7,1867.5143861460956,3970
1663,15863.0,253,289.86,3,1867.5143861460956,3970
1664,15865.0,339,714.05,1,1867.5143861460956,3970
1665,15867.0,190,3328.06,11,1867.5143861460956,3970
1666,15868.0,219,94.53,1,1867.5143861460956,3970
1667,15869.0,262,174.02,1,1867.5143861460956,3970
1668,15872.0,186,121.54,1,1867.5143861460956,3970
1669,15874.0,206,3316.51,8,1867.5143861460956,3970
1670,15875.0,282,111.72,1,1867.5143861460956,3970
1671,15878.0,197,330.77,2,1867.5143861460956,3970
1672,15879.0,205,625.22,2,1867.5143861460956,3970
1673,15882.0,312,347.94,2,1867.5143861460956,3970
1674,15884.0,372,241.8,1,1867.5143861460956,3970
1675,15885.0,234,504.85,4,1867.5143861460956,3970
1676,15886.0,234,294.37,1,1867.5143861460956,3970
1677,15887.0,191,442.15,1,1867.5143861460956,3970
1678,15889.0,220,789.9399999999999,5,1867.5143861460956,3970
1679,15890.0,233,286.95,2,1867.5143861460956,3970
1680,15892.0,305,128.2,1,1867.5143861460956,3970
1681,15898.0,182,2541.23,14,1867.5143861460956,3970
1682,15900.0,198,136.22,1,1867.5143861460956,3970
1683,15903.0,330,39.8,1,1867.5143861460956,3970
1684,15910.0,182,770.37,4,1867.5143861460956,3970
1685,15911.0,259,1702.34,8,1867.5143861460956,3970
1686,15912.0,205,654.99,6,1867.5143861460956,3970
1687,15916.0,194,1105.7,4,1867.5143861460956,3970
1688,15917.0,242,437.53,4,1867.5143861460956,3970
1689,15918.0,267,248.65,1,1867.5143861460956,3970
1690,15920.0,261,164.49,3,1867.5143861460956,3970
1691,15921.0,276,100.18,1,1867.5143861460956,3970
1692,15924.0,367,102.82,1,1867.5143861460956,3970
1693,15927.0,283,123.39000000000001,1,1867.5143861460956,3970
1694,15928.0,292,293.53,1,1867.5143861460956,3970
1695,15929.0,280,594.0,1,1867.5143861460956,3970
1696,15938.0,192,112.24,1,1867.5143861460956,3970
1697,15941.0,273,405.0,1,1867.5143861460956,3970
1698,15943.0,285,271.28999999999996,2,1867.5143861460956,3970
1699,15944.0,362,588.4,1,1867.5143861460956,3970
1700,15945.0,329,351.32,2,1867.5143861460956,3970
1701,15946.0,269,1155.02,1,1867.5143861460956,3970
1702,15950.0,190,2199.4900000000002,3,1867.5143861460956,3970
1703,15953.0,285,647.48,3,1867.5143861460956,3970
1704,15954.0,225,190.75,1,1867.5143861460956,3970
1705,15955.0,218,1623.63,3,1867.5143861460956,3970
1706,15956.0,187,617.6,2,1867.5143861460956,3970
1707,15958.0,186,81.44999999999999,1,1867.5143861460956,3970
1708,15959.0,318,579.49,3,1867.5143861460956,3970
1709,15964.0,299,272.96000000000004,1,1867.5143861460956,3970
1710,15965.0,241,849.3,4,1867.5143861460956,3970
1711,15967.0,206,652.89,4,1867.5143861460956,3970
1712,15970.0,234,703.22,1,1867.5143861460956,3970
1713,15971.0,360,446.28,2,1867.5143861460956,3970
1714,15972.0,210,1113.8600000000001,2,1867.5143861460956,3970
1715,15976.0,187,200.35999999999999,1,1867.5143861460956,3970
1716,15978.0,280,599.12,1,1867.5143861460956,3970
1717,15979.0,238,329.21999999999997,1,1867.5143861460956,3970
1718,15980.0,192,2177.64,2,1867.5143861460956,3970
1719,15981.0,206,2137.44,4,1867.5143861460956,3970
1720,15982.0,241,324.51,1,1867.5143861460956,3970
1721,15983.0,362,1199.59,3,1867.5143861460956,3970
1722,15984.0,198,3228.11,12,1867.5143861460956,3970
1723,15985.0,197,487.92,1,1867.5143861460956,3970
1724,15988.0,187,612.0600000000001,2,1867.5143861460956,3970
1725,15989.0,373,143.11,1,1867.5143861460956,3970
1726,15990.0,228,852.63,4,1867.5143861460956,3970
1727,15994.0,271,404.16,1,1867.5143861460956,3970
1728,15998.0,262,2722.0099999999998,6,1867.5143861460956,3970
1729,15999.0,371,20.4,1,1867.5143861460956,3970
1730,16002.0,261,169.21,1,1867.5143861460956,3970
1731,16003.0,261,997.27,3,1867.5143861460956,3970
1732,16004.0,199,1763.44,3,1867.5143861460956,3970
1733,16008.0,198,849.39,4,1867.5143861460956,3970
1734,16011.0,194,950.98,6,1867.5143861460956,3970
1735,16013.0,198,5081.12,15,1867.5143861460956,3970
1736,16014.0,313,257.71,1,1867.5143861460956,3970
1737,16017.0,267,927.35,3,1867.5143861460956,3970
1738,16018.0,368,195.78,1,1867.5143861460956,3970
1739,16019.0,256,4264.32,8,1867.5143861460956,3970
1740,16021.0,180,151.39,1,1867.5143861460956,3970
1741,16027.0,217,961.1,7,1867.5143861460956,3970
1742,16028.0,231,82.2,1,1867.5143861460956,3970
1743,16029.0,184,25878.52,25,1867.5143861460956,3970
1744,16035.0,196,217.73,1,1867.5143861460956,3970
1745,16036.0,256,848.6800000000001,1,1867.5143861460956,3970
1746,16037.0,180,654.32,2,1867.5143861460956,3970
1747,16039.0,264,143.48000000000002,1,1867.5143861460956,3970
1748,16040.0,245,374.95,1,1867.5143861460956,3970
1749,16046.0,198,235.78,1,1867.5143861460956,3970
1750,16047.0,318,107.14,1,71361.812,5
1751,16048.0,185,201.0,1,1867.5143861460956,3970
1752,16051.0,317,188.44,1,1867.5143861460956,3970
1753,16053.0,246,632.66,1,1867.5143861460956,3970
1754,16054.0,253,452.48,1,1867.5143861460956,3970
1755,16057.0,291,1265.43,2,1867.5143861460956,3970
1756,16059.0,187,372.05,2,1867.5143861460956,3970
1757,16064.0,361,111.0,1,1867.5143861460956,3970
1758,16067.0,198,3395.29,3,1867.5143861460956,3970
1759,16068.0,229,122.93,1,1867.5143861460956,3970
1760,16071.0,262,566.16,2,1867.5143861460956,3970
1761,16072.0,185,1859.64,1,1867.5143861460956,3970
1762,16075.0,200,469.70000000000005,1,1867.5143861460956,3970
1763,16077.0,261,2300.4,1,1867.5143861460956,3970
1764,16078.0,305,283.79,1,1867.5143861460956,3970
1765,16081.0,210,273.03,2,1867.5143861460956,3970
1766,16082.0,306,106.75,1,1867.5143861460956,3970
1767,16085.0,254,679.65,3,1867.5143861460956,3970
1768,16086.0,185,950.86,3,1867.5143861460956,3970
1769,16087.0,245,997.24,3,1867.5143861460956,3970
1770,16088.0,211,1437.43,2,1867.5143861460956,3970
1771,16090.0,260,205.91,1,1867.5143861460956,3970
1772,16092.0,215,473.42,2,1867.5143861460956,3970
1773,16094.0,207,690.75,2,1867.5143861460956,3970
1774,16096.0,224,883.47,2,1867.5143861460956,3970
1775,16098.0,185,1015.73,4,1867.5143861460956,3970
1776,16099.0,228,383.2,2,1867.5143861460956,3970
1777,16101.0,197,823.51,1,1867.5143861460956,3970
1778,16103.0,205,1557.88,6,1867.5143861460956,3970
1779,16104.0,243,1873.6,6,1867.5143861460956,3970
1780,16105.0,240,595.55,1,1867.5143861460956,3970
1781,16108.0,218,860.99,2,1867.5143861460956,3970
1782,16109.0,334,327.59999999999997,1,1867.5143861460956,3970
1783,16115.0,210,194.03,1,1867.5143861460956,3970
1784,16117.0,227,133.5,1,1867.5143861460956,3970
1785,16118.0,288,4376.25,1,1867.5143861460956,3970
1786,16119.0,222,313.19,2,1867.5143861460956,3970
1787,16121.0,201,155.67,1,1867.5143861460956,3970
1788,16124.0,219,931.64,2,1867.5143861460956,3970
1789,16125.0,199,2739.15,8,1867.5143861460956,3970
1790,16126.0,218,2135.34,5,1867.5143861460956,3970
1791,16127.0,362,145.06,1,1867.5143861460956,3970
1792,16130.0,189,713.25,3,1867.5143861460956,3970
1793,16131.0,232,4499.94,2,1867.5143861460956,3970
1794,16132.0,180,664.1999999999999,2,1867.5143861460956,3970
1795,16133.0,189,1726.94,5,1867.5143861460956,3970
1796,16135.0,219,301.9,1,1867.5143861460956,3970
1797,16136.0,299,237.42000000000002,1,1867.5143861460956,3970
1798,16137.0,316,422.7,1,1867.5143861460956,3970
1799,16138.0,226,516.21,1,1867.5143861460956,3970
1800,16139.0,358,475.74,2,1867.5143861460956,3970
1801,16143.0,211,1137.49,3,1867.5143861460956,3970
1802,16145.0,182,1154.24,2,1867.5143861460956,3970
1803,16147.0,206,1186.3700000000001,2,1867.5143861460956,3970
1804,16150.0,224,994.3199999999999,3,1867.5143861460956,3970
1805,16153.0,198,1395.98,1,1867.5143861460956,3970
1806,16156.0,280,1073.77,4,1867.5143861460956,3970
1807,16158.0,180,557.1700000000001,8,1867.5143861460956,3970
1808,16159.0,283,657.01,2,1867.5143861460956,3970
1809,16161.0,182,834.91,7,1867.5143861460956,3970
1810,16163.0,182,1160.53,3,1867.5143861460956,3970
1811,16166.0,327,239.84,1,1867.5143861460956,3970
1812,16167.0,253,873.24,2,1867.5143861460956,3970
1813,16168.0,183,1574.51,13,1867.5143861460956,3970
1814,16170.0,182,1999.81,6,1867.5143861460956,3970
1815,16174.0,217,516.3,2,1867.5143861460956,3970
1816,16175.0,199,289.65000000000003,1,1867.5143861460956,3970
1817,16176.0,232,745.39,2,1867.5143861460956,3970
1818,16177.0,204,707.28,2,1867.5143861460956,3970
1819,16182.0,226,1209.0,2,1867.5143861460956,3970
1820,16185.0,200,115.31,1,1867.5143861460956,3970
1821,16186.0,184,2159.89,6,1867.5143861460956,3970
1822,16190.0,196,986.97,3,1867.5143861460956,3970
1823,16191.0,182,2380.08,2,1867.5143861460956,3970
1824,16192.0,371,351.3,1,1867.5143861460956,3970
1825,16195.0,359,323.25,1,1867.5143861460956,3970
1826,16197.0,227,800.8,3,1867.5143861460956,3970
1827,16199.0,184,132.0,2,1867.5143861460956,3970
1828,16200.0,187,3476.32,8,1867.5143861460956,3970
1829,16202.0,190,1427.35,6,1867.5143861460956,3970
1830,16204.0,367,213.27,1,1867.5143861460956,3970
1831,16206.0,183,768.88,3,1867.5143861460956,3970
1832,16208.0,208,1275.81,3,1867.5143861460956,3970
1833,16209.0,182,757.26,1,1867.5143861460956,3970
1834,16210.0,227,5733.04,11,1867.5143861460956,3970
1835,16212.0,254,603.37,2,1867.5143861460956,3970
1836,16218.0,197,113.2,1,1867.5143861460956,3970
1837,16222.0,357,498.50000000000006,1,1867.5143861460956,3970
1838,16225.0,184,1147.8700000000001,6,1867.5143861460956,3970
1839,16229.0,200,420.36,1,1867.5143861460956,3970
1840,16231.0,233,291.55,1,1867.5143861460956,3970
1841,16232.0,186,678.75,1,1867.5143861460956,3970
1842,16233.0,200,814.85,3,1867.5143861460956,3970
1843,16234.0,197,91.36,1,1867.5143861460956,3970
1844,16242.0,187,1590.1,3,1867.5143861460956,3970
1845,16246.0,305,166.9,1,1867.5143861460956,3970
1846,16253.0,325,1055.53,2,1867.5143861460956,3970
1847,16254.0,268,177.44,1,1867.5143861460956,3970
1848,16255.0,187,951.35,3,1867.5143861460956,3970
1849,16256.0,233,569.84,1,1867.5143861460956,3970
1850,16258.0,224,1575.79,3,1867.5143861460956,3970
1851,16259.0,241,159.82,2,1867.5143861460956,3970
1852,16266.0,248,271.12,2,1867.5143861460956,3970
1853,16267.0,227,186.66,1,1867.5143861460956,3970
1854,16271.0,187,1175.99,2,1867.5143861460956,3970
1855,16273.0,284,336.03999999999996,2,1867.5143861460956,3970
1856,16275.0,277,695.84,1,1867.5143861460956,3970
1857,16276.0,243,1057.3600000000001,1,1867.5143861460956,3970
1858,16277.0,369,188.69,1,1867.5143861460956,3970
1859,16279.0,190,1237.26,2,1867.5143861460956,3970
1860,16280.0,361,238.05,1,1867.5143861460956,3970
1861,16281.0,318,781.52,1,1867.5143861460956,3970
1862,16282.0,354,270.0,1,1867.5143861460956,3970
1863,16283.0,285,873.12,1,1867.5143861460956,3970
1864,16285.0,282,176.9,1,1867.5143861460956,3970
1865,16286.0,259,272.95,1,1867.5143861460956,3970
1866,16287.0,277,364.32,2,1867.5143861460956,3970
1867,16290.0,180,1850.65,2,1867.5143861460956,3970
1868,16291.0,318,117.72,1,1324.745,18
1869,16292.0,180,509.21,2,1867.5143861460956,3970
1870,16293.0,205,610.3100000000001,2,1867.5143861460956,3970
1871,16296.0,262,1313.67,4,1867.5143861460956,3970
1872,16300.0,261,863.47,2,1867.5143861460956,3970
1873,16301.0,372,107.33,1,1867.5143861460956,3970
1874,16303.0,204,1228.3400000000001,2,1867.5143861460956,3970
1875,16304.0,330,381.66,1,1867.5143861460956,3970
1876,16307.0,213,435.85,1,1867.5143861460956,3970
1877,16308.0,360,960.0,1,1867.5143861460956,3970
1878,16310.0,278,190.38,1,1867.5143861460956,3970
1879,16317.0,186,850.86,2,1867.5143861460956,3970
1880,16320.0,317,823.15,1,1486.645,4
1881,16321.0,262,230.9,2,2203.0192857142856,14
1882,16323.0,213,146.16,1,1867.5143861460956,3970
1883,16325.0,239,909.0,4,1867.5143861460956,3970
1884,16326.0,203,843.72,5,1867.5143861460956,3970
1885,16327.0,226,3967.67,6,1867.5143861460956,3970
1886,16328.0,199,310.83,1,1867.5143861460956,3970
1887,16329.0,281,685.25,2,1867.5143861460956,3970
1888,16330.0,298,51.43,1,1867.5143861460956,3970
1889,16331.0,268,1452.1,2,1867.5143861460956,3970
1890,16332.0,225,107.75,1,1867.5143861460956,3970
1891,16335.0,187,2774.0,7,1867.5143861460956,3970
1892,16336.0,267,1787.9,2,1867.5143861460956,3970
1893,16340.0,187,373.53,1,1867.5143861460956,3970
1894,16341.0,245,762.28,1,1867.5143861460956,3970
1895,16344.0,232,316.76,2,1867.5143861460956,3970
1896,16347.0,192,1234.0,6,1867.5143861460956,3970
1897,16351.0,197,2145.51,9,1867.5143861460956,3970
1898,16353.0,218,1913.05,11,1867.5143861460956,3970
1899,16354.0,227,210.83,1,1867.5143861460956,3970
1900,16356.0,187,98.3,2,1867.5143861460956,3970
1901,16359.0,183,410.63,3,1867.5143861460956,3970
1902,16365.0,246,778.54,3,1867.5143861460956,3970
1903,16366.0,218,1220.83,3,1867.5143861460956,3970
1904,16369.0,198,559.45,2,1867.5143861460956,3970
1905,16372.0,243,113.45,1,1867.5143861460956,3970
1906,16374.0,224,479.79,1,1867.5143861460956,3970
1907,16377.0,253,632.28,1,1867.5143861460956,3970
1908,16382.0,186,195.77,1,1867.5143861460956,3970
1909,16383.0,225,1301.06,2,1867.5143861460956,3970
1910,16384.0,226,319.75,1,1867.5143861460956,3970
1911,16385.0,267,110.25999999999999,1,1867.5143861460956,3970
1912,16387.0,274,140.19,1,1867.5143861460956,3970
1913,16388.0,289,186.05,1,1867.5143861460956,3970
1914,16390.0,315,193.8,1,1867.5143861460956,3970
1915,16391.0,197,165.48,1,1867.5143861460956,3970
1916,16392.0,197,192.29,1,1867.5143861460956,3970
1917,16393.0,254,944.16,3,1867.5143861460956,3970
1918,16395.0,366,244.66,2,1867.5143861460956,3970
1919,16397.0,264,127.88,1,1867.5143861460956,3970
1920,16400.0,207,1586.28,4,1867.5143861460956,3970
1921,16401.0,191,92.1,1,1867.5143861460956,3970
1922,16406.0,289,212.85,1,1867.5143861460956,3970
1923,16408.0,227,231.93,1,1867.5143861460956,3970
1924,16409.0,236,1177.81,3,1867.5143861460956,3970
1925,16410.0,370,130.32,1,1867.5143861460956,3970
1926,16412.0,245,194.04,2,1867.5143861460956,3970
1927,16414.0,229,232.57,2,1867.5143861460956,3970
1928,16415.0,219,509.09000000000003,2,1867.5143861460956,3970
1929,16416.0,290,637.44,1,1867.5143861460956,3970
1930,16419.0,213,515.19,2,1867.5143861460956,3970
1931,16422.0,186,9535.16,19,1867.5143861460956,3970
1932,16430.0,190,222.39000000000001,2,1867.5143861460956,3970
1933,16434.0,253,661.28,3,1867.5143861460956,3970
1934,16436.0,304,329.34,3,1867.5143861460956,3970
1935,16439.0,358,310.70000000000005,1,1867.5143861460956,3970
1936,16441.0,263,225.74,1,1867.5143861460956,3970
1937,16442.0,240,282.68,2,1867.5143861460956,3970
1938,16444.0,180,684.97,4,1867.5143861460956,3970
1939,16447.0,226,516.13,2,1867.5143861460956,3970
1940,16450.0,220,1193.81,2,1867.5143861460956,3970
1941,16451.0,197,746.1800000000001,2,1867.5143861460956,3970
1942,16452.0,266,332.17,2,1867.5143861460956,3970
1943,16453.0,184,149.46,1,1867.5143861460956,3970
1944,16454.0,242,24.05,2,1867.5143861460956,3970
1945,16455.0,255,905.16,1,1867.5143861460956,3970
1946,16456.0,208,1441.67,3,1867.5143861460956,3970
1947,16458.0,198,116.0,1,1867.5143861460956,3970
1948,16459.0,365,71.78999999999999,1,1867.5143861460956,3970
1949,16461.0,226,1463.8,2,1867.5143861460956,3970
1950,16466.0,187,1422.05,4,1867.5143861460956,3970
1951,16467.0,191,2718.44,5,1867.5143861460956,3970
1952,16470.0,189,530.36,4,1867.5143861460956,3970
1953,16471.0,204,663.23,2,1867.5143861460956,3970
1954,16472.0,233,557.04,1,1867.5143861460956,3970
1955,16481.0,318,453.38,1,1867.5143861460956,3970
1956,16485.0,229,1339.0,3,1867.5143861460956,3970
1957,16487.0,213,209.4,2,1867.5143861460956,3970
1958,16493.0,259,465.51,1,1867.5143861460956,3970
1959,16497.0,182,2262.2,10,1867.5143861460956,3970
1960,16499.0,182,223.91,1,1867.5143861460956,3970
1961,16502.0,256,266.5,2,1867.5143861460956,3970
1962,16507.0,208,152.76,1,1867.5143861460956,3970
1963,16508.0,266,248.8,1,1867.5143861460956,3970
1964,16510.0,259,974.98,3,1867.5143861460956,3970
1965,16511.0,284,300.15,1,1867.5143861460956,3970
1966,16518.0,192,155.0,1,1867.5143861460956,3970
1967,16519.0,284,177.63,1,1867.5143861460956,3970
1968,16520.0,225,648.38,2,1867.5143861460956,3970
1969,16521.0,284,95.12,1,1867.5143861460956,3970
1970,16523.0,228,1123.23,3,1867.5143861460956,3970
1971,16524.0,327,101.3,1,1867.5143861460956,3970
1972,16525.0,184,7870.900000000001,14,1867.5143861460956,3970
1973,16526.0,220,426.85,1,1867.5143861460956,3970
1974,16530.0,304,48.35,1,1867.5143861460956,3970
1975,16532.0,256,861.5999999999999,1,1867.5143861460956,3970
1976,16534.0,278,635.9,1,1867.5143861460956,3970
1977,16535.0,316,20.0,1,1867.5143861460956,3970
1978,16537.0,277,23.35,1,1867.5143861460956,3970
1979,16538.0,231,230.11,1,1867.5143861460956,3970
1980,16541.0,371,424.03,1,1867.5143861460956,3970
1981,16543.0,227,292.21,1,1867.5143861460956,3970
1982,16544.0,298,266.40000000000003,3,1867.5143861460956,3970
1983,16547.0,182,111.71,1,1867.5143861460956,3970
1984,16548.0,235,30.15,1,1867.5143861460956,3970
1985,16549.0,182,1139.81,7,1867.5143861460956,3970
1986,16550.0,211,3672.93,8,1867.5143861460956,3970
1987,16551.0,253,961.4399999999999,3,1867.5143861460956,3970
1988,16553.0,260,2255.96,6,1867.5143861460956,3970
1989,16554.0,260,743.79,2,1867.5143861460956,3970
1990,16556.0,219,2641.39,5,1867.5143861460956,3970
1991,16558.0,180,2053.58,5,1867.5143861460956,3970
1992,16560.0,218,1874.8400000000001,5,1867.5143861460956,3970
1993,16563.0,295,851.42,2,1867.5143861460956,3970
1994,16564.0,205,87.80000000000001,1,1867.5143861460956,3970
1995,16565.0,191,315.0,1,1867.5143861460956,3970
1996,16568.0,277,477.29999999999995,1,1867.5143861460956,3970
1997,16569.0,267,1331.03,4,1867.5143861460956,3970
1998,16570.0,205,986.42,2,1867.5143861460956,3970
1999,16571.0,199,801.23,2,1867.5143861460956,3970
2000,16574.0,294,590.91,1,1867.5143861460956,3970
2001,16577.0,302,380.0,1,1867.5143861460956,3970
2002,16578.0,262,156.6,1,1867.5143861460956,3970
2003,16583.0,309,64.5,1,1867.5143861460956,3970
2004,16584.0,297,931.72,1,1867.5143861460956,3970
2005,16585.0,229,341.59000000000003,2,1867.5143861460956,3970
2006,16586.0,271,328.05,1,1867.5143861460956,3970
2007,16588.0,210,216.79999999999998,1,1867.5143861460956,3970
2008,16592.0,184,1782.16,5,1867.5143861460956,3970
2009,16593.0,355,278.73,2,1867.5143861460956,3970
2010,16595.0,242,741.35,2,1867.5143861460956,3970
2011,16596.0,325,208.83,2,1867.5143861460956,3970
2012,16600.0,357,310.01,1,1867.5143861460956,3970
2013,16601.0,259,67.25,1,1867.5143861460956,3970
2014,16604.0,198,432.45000000000005,2,1867.5143861460956,3970
2015,16605.0,360,60.48,1,1867.5143861460956,3970
2016,16607.0,204,625.04,2,1867.5143861460956,3970
2017,16608.0,299,687.4,1,1867.5143861460956,3970
2018,16611.0,207,888.09,3,1867.5143861460956,3970
2019,16612.0,201,916.97,2,1867.5143861460956,3970
2020,16614.0,214,293.15,1,1867.5143861460956,3970
2021,16615.0,262,291.5,1,1867.5143861460956,3970
2022,16619.0,234,1364.92,2,1867.5143861460956,3970
2023,16620.0,198,1311.47,3,1867.5143861460956,3970
2024,16623.0,228,228.25,1,1867.5143861460956,3970
2025,16628.0,277,78.0,1,1867.5143861460956,3970
2026,16631.0,213,820.03,4,1867.5143861460956,3970
2027,16632.0,217,204.4,1,1867.5143861460956,3970
2028,16634.0,256,619.2,2,1867.5143861460956,3970
2029,16636.0,218,2506.79,3,1867.5143861460956,3970
2030,16641.0,337,323.4,1,1867.5143861460956,3970
2031,16645.0,371,160.39,1,1867.5143861460956,3970
2032,16647.0,180,144.13,1,1867.5143861460956,3970
2033,16648.0,226,252.84,1,1867.5143861460956,3970
2034,16651.0,222,136.2,1,1867.5143861460956,3970
2035,16652.0,187,4762.16,3,1867.5143861460956,3970
2036,16654.0,248,269.70000000000005,1,1867.5143861460956,3970
2037,16655.0,186,1410.55,4,1867.5143861460956,3970
2038,16656.0,184,5499.14,7,1867.5143861460956,3970
2039,16658.0,199,273.54,3,1867.5143861460956,3970
2040,16660.0,330,141.6,1,1867.5143861460956,3970
2041,16661.0,214,823.43,3,1867.5143861460956,3970
2042,16663.0,365,165.0,1,1867.5143861460956,3970
2043,16664.0,205,109.2,1,1867.5143861460956,3970
2044,16666.0,257,106.96,1,1867.5143861460956,3970
2045,16668.0,192,203.34,2,1867.5143861460956,3970
2046,16670.0,260,1874.6100000000001,3,1867.5143861460956,3970
2047,16673.0,315,188.83,1,1867.5143861460956,3970
2048,16677.0,288,263.23,1,1867.5143861460956,3970
2049,16679.0,183,187.15,1,1867.5143861460956,3970
2050,16681.0,277,151.5,1,1867.5143861460956,3970
2051,16684.0,182,25013.74,12,1867.5143861460956,3970
2052,16686.0,208,920.28,4,1867.5143861460956,3970
2053,16691.0,197,35.88,1,1867.5143861460956,3970
2054,16693.0,292,220.56,1,1867.5143861460956,3970
2055,16694.0,359,98.30000000000001,1,1867.5143861460956,3970
2056,16695.0,197,193.15,2,1867.5143861460956,3970
2057,16699.0,205,459.99,4,1867.5143861460956,3970
2058,16700.0,200,2209.21,6,1867.5143861460956,3970
2059,16701.0,187,2021.93,6,1867.5143861460956,3970
2060,16702.0,201,794.92,3,1867.5143861460956,3970
2061,16704.0,254,695.66,2,1867.5143861460956,3970
2062,16705.0,189,13303.241,14,1867.5143861460956,3970
2063,16707.0,184,355.58,3,1867.5143861460956,3970
2064,16709.0,180,3544.19,5,1867.5143861460956,3970
2065,16710.0,180,2114.7599999999998,7,1867.5143861460956,3970
2066,16711.0,261,895.65,3,1867.5143861460956,3970
2067,16713.0,183,4207.8,10,1867.5143861460956,3970
2068,16714.0,306,368.27,1,1867.5143861460956,3970
2069,16715.0,198,323.8,1,1867.5143861460956,3970
2070,16716.0,266,1248.48,1,1867.5143861460956,3970
2071,16717.0,205,1127.38,3,1867.5143861460956,3970
2072,16718.0,225,2400.03,4,1867.5143861460956,3970
2073,16719.0,186,1064.1,4,1867.5143861460956,3970
2074,16720.0,358,173.22,1,1867.5143861460956,3970
2075,16722.0,190,1597.93,5,1867.5143861460956,3970
2076,16723.0,371,460.55,1,1867.5143861460956,3970
2077,16725.0,362,213.88,1,1867.5143861460956,3970
2078,16727.0,257,848.4399999999999,2,1867.5143861460956,3970
2079,16731.0,284,174.05,1,1867.5143861460956,3970
2080,16732.0,247,1472.88,2,1867.5143861460956,3970
2081,16735.0,197,2138.98,6,1867.5143861460956,3970
2082,16736.0,228,2124.28,4,1867.5143861460956,3970
2083,16737.0,213,417.6,1,1867.5143861460956,3970
2084,16741.0,261,173.06,1,1867.5143861460956,3970
2085,16742.0,183,2292.68,12,1867.5143861460956,3970
2086,16743.0,211,422.21,2,1867.5143861460956,3970
2087,16746.0,192,5240.7,12,1867.5143861460956,3970
2088,16748.0,224,710.85,4,1867.5143861460956,3970
2089,16749.0,227,4387.08,2,1867.5143861460956,3970
2090,16754.0,184,32363.44,17,1867.5143861460956,3970
2091,16755.0,233,1041.91,3,1867.5143861460956,3970
2092,16756.0,228,446.32,2,1867.5143861460956,3970
2093,16763.0,374,352.85,1,1867.5143861460956,3970
2094,16767.0,226,797.16,1,1867.5143861460956,3970
2095,16768.0,180,813.1800000000001,4,1867.5143861460956,3970
2096,16769.0,361,394.46,2,1867.5143861460956,3970
2097,16771.0,180,1612.63,4,1867.5143861460956,3970
2098,16772.0,336,2001.1,2,1867.5143861460956,3970
2099,16773.0,369,137.75,1,1867.5143861460956,3970
2100,16774.0,234,576.1,2,1867.5143861460956,3970
2101,16777.0,268,209.88,1,1867.5143861460956,3970
2102,16779.0,189,17593.03,20,1867.5143861460956,3970
2103,16781.0,305,311.75,1,1867.5143861460956,3970
2104,16782.0,187,1699.14,8,1867.5143861460956,3970
2105,16784.0,257,210.47,1,1867.5143861460956,3970
2106,16787.0,257,705.16,2,1867.5143861460956,3970
2107,16788.0,186,810.92,2,1867.5143861460956,3970
2108,16791.0,185,1088.6,4,1867.5143861460956,3970
2109,16792.0,224,367.19,2,1867.5143861460956,3970
2110,16794.0,201,529.85,3,1867.5143861460956,3970
2111,16795.0,319,617.97,1,1867.5143861460956,3970
2112,16797.0,292,530.13,2,1867.5143861460956,3970
2113,16798.0,190,848.71,3,1867.5143861460956,3970
2114,16802.0,315,582.61,2,1867.5143861460956,3970
2115,16805.0,213,636.65,3,1867.5143861460956,3970
2116,16807.0,211,643.8,2,1867.5143861460956,3970
2117,16809.0,241,261.41,1,1867.5143861460956,3970
2118,16814.0,197,2516.4700000000003,5,1867.5143861460956,3970
2119,16822.0,322,181.39,1,1867.5143861460956,3970
2120,16823.0,263,455.38,2,1867.5143861460956,3970
2121,16827.0,205,109.0,2,1867.5143861460956,3970
2122,16830.0,311,480.39,2,1867.5143861460956,3970
2123,16831.0,200,91.8,1,1867.5143861460956,3970
2124,16833.0,259,312.88,1,1867.5143861460956,3970
2125,16834.0,310,485.5,1,1867.5143861460956,3970
2126,16835.0,205,301.63,1,1867.5143861460956,3970
2127,16836.0,210,220.75,1,1867.5143861460956,3970
2128,16838.0,299,341.23,1,1867.5143861460956,3970
2129,16839.0,205,1323.44,3,1867.5143861460956,3970
2130,16840.0,239,139.85,2,1867.5143861460956,3970
2131,16841.0,226,1080.21,3,1867.5143861460956,3970
2132,16843.0,185,5323.2300000000005,10,1867.5143861460956,3970
2133,16844.0,198,614.34,2,1867.5143861460956,3970
2134,16845.0,254,253.88,1,1867.5143861460956,3970
2135,16846.0,213,628.09,2,1867.5143861460956,3970
2136,16847.0,254,421.45,1,1867.5143861460956,3970
2137,16854.0,276,1290.81,1,1867.5143861460956,3970
2138,16858.0,228,2230.44,6,1867.5143861460956,3970
2139,16859.0,281,257.77,1,1867.5143861460956,3970
2140,16860.0,298,517.12,1,1867.5143861460956,3970
2141,16862.0,183,662.33,4,1867.5143861460956,3970
2142,16864.0,234,111.72000000000001,1,1867.5143861460956,3970
2143,16867.0,325,76.74000000000001,1,1867.5143861460956,3970
2144,16868.0,229,183.9,1,1867.5143861460956,3970
2145,16873.0,194,3687.03,3,1867.5143861460956,3970
2146,16875.0,200,1482.31,3,1867.5143861460956,3970
2147,16883.0,180,609.55,5,1867.5143861460956,3970
2148,16884.0,192,644.08,2,1867.5143861460956,3970
2149,16887.0,374,219.82,1,1867.5143861460956,3970
2150,16888.0,312,317.31,2,1867.5143861460956,3970
2151,16889.0,201,357.0,1,1867.5143861460956,3970
2152,16890.0,200,244.61,2,1867.5143861460956,3970
2153,16891.0,212,879.72,5,1867.5143861460956,3970
2154,16892.0,190,236.56,2,1867.5143861460956,3970
2155,16895.0,182,562.13,3,1867.5143861460956,3970
2156,16896.0,191,103.95,1,1867.5143861460956,3970
2157,16898.0,212,192.64,1,1867.5143861460956,3970
2158,16901.0,365,204.26,1,1867.5143861460956,3970
2159,16905.0,235,859.65,6,1867.5143861460956,3970
2160,16906.0,211,347.56,2,1867.5143861460956,3970
2161,16908.0,358,252.59,1,1867.5143861460956,3970
2162,16911.0,271,255.25,2,1867.5143861460956,3970
2163,16912.0,292,725.84,2,1867.5143861460956,3970
2164,16913.0,287,310.47,2,1867.5143861460956,3970
2165,16915.0,205,299.75,1,1867.5143861460956,3970
2166,16917.0,268,1466.31,1,1867.5143861460956,3970
2167,16918.0,207,1336.77,6,1867.5143861460956,3970
2168,16921.0,236,163.41,1,1867.5143861460956,3970
2169,16922.0,208,611.08,1,1867.5143861460956,3970
2170,16923.0,201,2287.46,5,1867.5143861460956,3970
2171,16928.0,296,127.2,2,1867.5143861460956,3970
2172,16932.0,207,121.48,1,1867.5143861460956,3970
2173,16933.0,274,1562.86,3,1867.5143861460956,3970
2174,16934.0,194,681.26,2,1867.5143861460956,3970
2175,16938.0,220,1807.59,2,1867.5143861460956,3970
2176,16939.0,257,327.09,2,1867.5143861460956,3970
2177,16940.0,241,1957.22,3,1867.5143861460956,3970
2178,16941.0,247,33.0,1,1867.5143861460956,3970
2179,16943.0,260,241.38,1,1867.5143861460956,3970
2180,16944.0,245,101.36,1,1867.5143861460956,3970
2181,16945.0,180,2180.73,8,1867.5143861460956,3970
2182,16946.0,197,849.04,3,1867.5143861460956,3970
2183,16947.0,197,525.33,3,1867.5143861460956,3970
2184,16948.0,214,230.25,2,1867.5143861460956,3970
2185,16950.0,285,640.57,2,1867.5143861460956,3970
2186,16952.0,364,252.04,1,1867.5143861460956,3970
2187,16954.0,180,2683.6099999999997,6,1867.5143861460956,3970
2188,16955.0,190,601.64,2,1867.5143861460956,3970
2189,16960.0,192,755.83,2,1867.5143861460956,3970
2190,16964.0,369,207.85,2,1867.5143861460956,3970
2191,16970.0,262,71.4,1,1867.5143861460956,3970
2192,16974.0,200,89.25,1,1867.5143861460956,3970
2193,16977.0,222,360.3,3,1867.5143861460956,3970
2194,16978.0,302,424.55,2,1867.5143861460956,3970
2195,16984.0,186,3948.52,4,1867.5143861460956,3970
2196,16985.0,204,2986.12,6,1867.5143861460956,3970
2197,16986.0,198,2843.05,8,1867.5143861460956,3970
2198,16987.0,242,646.1,3,1867.5143861460956,3970
2199,16992.0,302,114.88,1,1867.5143861460956,3970
2200,16993.0,212,719.8,1,1867.5143861460956,3970
2201,17001.0,260,577.24,1,1867.5143861460956,3970
2202,17002.0,218,433.96,3,1867.5143861460956,3970
2203,17003.0,214,144.36,1,1867.5143861460956,3970
2204,17005.0,224,453.75,1,1867.5143861460956,3970
2205,17006.0,280,180.81,1,1867.5143861460956,3970
2206,17009.0,187,242.06,1,1867.5143861460956,3970
2207,17011.0,283,400.8,2,1867.5143861460956,3970
2208,17012.0,361,384.16,1,1867.5143861460956,3970
2209,17016.0,212,552.4,1,1867.5143861460956,3970
2210,17017.0,372,277.5,1,1867.5143861460956,3970
2211,17018.0,213,962.6,3,1867.5143861460956,3970
2212,17019.0,261,580.37,2,1867.5143861460956,3970
2213,17020.0,282,316.86,1,1867.5143861460956,3970
2214,17021.0,219,561.9300000000001,2,1867.5143861460956,3970
2215,17023.0,333,142.35,1,1867.5143861460956,3970
2216,17025.0,277,848.7,1,1867.5143861460956,3970
2217,17027.0,289,244.25,2,1867.5143861460956,3970
2218,17028.0,217,1593.83,3,1867.5143861460956,3970
2219,17029.0,275,601.0,2,1867.5143861460956,3970
2220,17031.0,186,1975.0,2,1867.5143861460956,3970
2221,17032.0,183,3004.6,8,1867.5143861460956,3970
2222,17035.0,227,180.06,2,1867.5143861460956,3970
2223,17039.0,240,1954.99,1,1867.5143861460956,3970
2224,17040.0,186,13.52,1,1867.5143861460956,3970
2225,17041.0,236,220.41,2,1867.5143861460956,3970
2226,17043.0,206,587.5,2,1867.5143861460956,3970
2227,17044.0,206,3207.98,4,1867.5143861460956,3970
2228,17046.0,256,359.44,1,1867.5143861460956,3970
2229,17047.0,246,765.9300000000001,2,1867.5143861460956,3970
2230,17048.0,242,440.23,2,1867.5143861460956,3970
2231,17049.0,228,1601.31,3,1867.5143861460956,3970
2232,17050.0,285,510.47,2,1867.5143861460956,3970
2233,17051.0,222,284.7,2,1867.5143861460956,3970
2234,17056.0,374,128.60000000000002,1,1867.5143861460956,3970
2235,17057.0,232,294.74,1,1867.5143861460956,3970
2236,17059.0,276,936.03,2,1867.5143861460956,3970
2237,17063.0,227,1096.74,3,1867.5143861460956,3970
2238,17065.0,273,194.7,2,1867.5143861460956,3970
2239,17066.0,362,228.34,1,1867.5143861460956,3970
2240,17067.0,360,454.54,3,1867.5143861460956,3970
2241,17068.0,183,1198.68,7,1867.5143861460956,3970
2242,17069.0,218,1250.83,2,1867.5143861460956,3970
2243,17071.0,186,688.87,2,1867.5143861460956,3970
2244,17072.0,261,282.05,1,1867.5143861460956,3970
2245,17074.0,198,203.05,1,1867.5143861460956,3970
2246,17075.0,268,763.18,4,1867.5143861460956,3970
2247,17076.0,274,191.75,2,1867.5143861460956,3970
2248,17077.0,214,306.0,1,1867.5143861460956,3970
2249,17081.0,201,277.54,2,1867.5143861460956,3970
2250,17082.0,261,1785.38,3,1867.5143861460956,3970
2251,17083.0,232,1247.83,3,1867.5143861460956,3970
2252,17085.0,194,2314.06,10,1867.5143861460956,3970
2253,17087.0,373,221.53,1,1867.5143861460956,3970
2254,17091.0,182,1160.18,4,1867.5143861460956,3970
2255,17092.0,212,1069.32,2,1867.5143861460956,3970
2256,17093.0,228,235.88,1,1867.5143861460956,3970
2257,17095.0,267,629.9300000000001,2,1867.5143861460956,3970
2258,17096.0,191,635.9,1,1867.5143861460956,3970
2259,17101.0,186,168.4,1,1867.5143861460956,3970
2260,17103.0,358,424.3,1,1867.5143861460956,3970
2261,17107.0,190,3271.77,2,1867.5143861460956,3970
2262,17108.0,299,174.95,1,1867.5143861460956,3970
2263,17110.0,246,197.1,1,1867.5143861460956,3970
2264,17113.0,210,2322.59,6,1867.5143861460956,3970
2265,17115.0,184,1923.99,4,1867.5143861460956,3970
2266,17116.0,284,389.78,1,1867.5143861460956,3970
2267,17123.0,208,217.36,1,1867.5143861460956,3970
2268,17127.0,371,137.95000000000002,1,1867.5143861460956,3970
2269,17133.0,186,8079.85,4,1867.5143861460956,3970
2270,17135.0,215,173.7,1,1867.5143861460956,3970
2271,17136.0,298,231.68,1,1867.5143861460956,3970
2272,17137.0,215,661.47,3,1867.5143861460956,3970
2273,17138.0,234,3569.76,4,1867.5143861460956,3970
2274,17139.0,227,3717.86,5,1867.5143861460956,3970
2275,17141.0,320,406.44,2,1867.5143861460956,3970
2276,17142.0,320,225.5,1,1867.5143861460956,3970
2277,17145.0,294,897.0300000000001,1,1867.5143861460956,3970
2278,17146.0,182,2853.89,5,1867.5143861460956,3970
2279,17147.0,189,1020.91,4,1867.5143861460956,3970
2280,17150.0,201,795.65,4,1867.5143861460956,3970
2281,17151.0,371,231.90000000000003,1,1867.5143861460956,3970
2282,17155.0,200,481.16,4,1867.5143861460956,3970
2283,17157.0,180,3639.62,13,1867.5143861460956,3970
2284,17158.0,183,713.03,2,1867.5143861460956,3970
2285,17159.0,281,261.3,1,1867.5143861460956,3970
2286,17160.0,229,2281.94,5,1867.5143861460956,3970
2287,17163.0,311,141.24,1,1867.5143861460956,3970
2288,17165.0,192,1208.93,4,1867.5143861460956,3970
2289,17169.0,214,320.95,1,1867.5143861460956,3970
2290,17171.0,297,159.68,1,1867.5143861460956,3970
2291,17172.0,362,336.82,1,1867.5143861460956,3970
2292,17176.0,313,286.34,1,1867.5143861460956,3970
2293,17178.0,367,436.71000000000004,1,1867.5143861460956,3970
2294,17179.0,198,193.17000000000002,1,1867.5143861460956,3970
2295,17180.0,183,1067.39,5,1867.5143861460956,3970
2296,17181.0,231,69.93,1,1867.5143861460956,3970
2297,17182.0,354,178.5,1,1867.5143861460956,3970
2298,17184.0,205,198.41000000000003,2,1867.5143861460956,3970
2299,17185.0,227,229.46,3,1867.5143861460956,3970
2300,17188.0,220,1318.92,4,1867.5143861460956,3970
2301,17189.0,196,573.23,3,1867.5143861460956,3970
2302,17190.0,185,953.42,3,1867.5143861460956,3970
2303,17191.0,182,1258.63,4,1867.5143861460956,3970
2304,17193.0,373,45.0,1,1867.5143861460956,3970
2305,17195.0,291,562.98,1,1867.5143861460956,3970
2306,17199.0,218,145.12,1,1867.5143861460956,3970
2307,17200.0,288,165.06,2,1867.5143861460956,3970
2308,17201.0,185,662.79,2,1867.5143861460956,3970
2309,17204.0,183,299.33,1,1867.5143861460956,3970
2310,17205.0,200,274.95,1,1867.5143861460956,3970
2311,17207.0,288,303.21999999999997,1,1867.5143861460956,3970
2312,17209.0,285,611.6,3,1867.5143861460956,3970
2313,17211.0,285,1263.0,4,1867.5143861460956,3970
2314,17213.0,276,1337.95,4,1867.5143861460956,3970
2315,17216.0,190,65.05,1,1867.5143861460956,3970
2316,17217.0,255,104.5,1,1867.5143861460956,3970
2317,17218.0,253,673.09,3,1867.5143861460956,3970
2318,17220.0,275,634.9399999999999,4,1867.5143861460956,3970
2319,17221.0,227,643.39,3,1867.5143861460956,3970
2320,17222.0,225,665.61,4,1867.5143861460956,3970
2321,17225.0,217,131.15,1,1867.5143861460956,3970
2322,17226.0,301,425.63,1,1867.5143861460956,3970
2323,17227.0,186,517.1,3,1867.5143861460956,3970
2324,17228.0,207,479.17,3,1867.5143861460956,3970
2325,17230.0,199,6286.54,10,1867.5143861460956,3970
2326,17231.0,180,2621.92,10,1867.5143861460956,3970
2327,17233.0,360,179.36,1,1867.5143861460956,3970
2328,17235.0,189,117.33,1,1867.5143861460956,3970
2329,17236.0,220,716.53,4,1867.5143861460956,3970
2330,17238.0,185,2059.4,8,1867.5143861460956,3970
2331,17240.0,232,130.60000000000002,1,1867.5143861460956,3970
2332,17241.0,191,1979.44,8,1867.5143861460956,3970
2333,17242.0,218,1016.9399999999999,2,1867.5143861460956,3970
2334,17243.0,182,7740.2300000000005,25,1867.5143861460956,3970
2335,17244.0,369,260.65,1,1867.5143861460956,3970
2336,17245.0,325,200.18,1,1867.5143861460956,3970
2337,17246.0,182,38.92,2,1867.5143861460956,3970
2338,17251.0,360,306.40000000000003,1,1867.5143861460956,3970
2339,17256.0,236,153.63,2,1867.5143861460956,3970
2340,17258.0,301,283.85,1,1867.5143861460956,3970
2341,17259.0,291,309.87,1,1867.5143861460956,3970
2342,17262.0,205,454.2,4,1867.5143861460956,3970
2343,17266.0,276,116.68,1,1867.5143861460956,3970
2344,17268.0,207,827.45,5,1867.5143861460956,3970
2345,17270.0,368,389.62,1,1867.5143861460956,3970
2346,17271.0,372,210.39,1,1867.5143861460956,3970
2347,17278.0,201,25.2,1,1867.5143861460956,3970
2348,17281.0,211,342.0,3,1867.5143861460956,3970
2349,17282.0,184,356.4,1,1867.5143861460956,3970
2350,17285.0,264,428.34,2,1867.5143861460956,3970
2351,17287.0,192,1252.85,9,1867.5143861460956,3970
2352,17289.0,245,512.54,3,1867.5143861460956,3970
2353,17290.0,190,469.88,4,1867.5143861460956,3970
2354,17292.0,215,141.35000000000002,1,1867.5143861460956,3970
2355,17293.0,200,674.54,4,1867.5143861460956,3970
2356,17294.0,305,467.79,2,1867.5143861460956,3970
2357,17296.0,366,338.13,1,1867.5143861460956,3970
2358,17298.0,277,122.02,1,1867.5143861460956,3970
2359,17301.0,260,132.8,1,1867.5143861460956,3970
2360,17305.0,284,2135.46,1,1867.5143861460956,3970
2361,17307.0,219,2000.26,5,1867.5143861460956,3970
2362,17309.0,309,220.09,1,1867.5143861460956,3970
2363,17311.0,196,1242.49,2,1867.5143861460956,3970
2364,17314.0,200,1095.09,5,1867.5143861460956,3970
2365,17318.0,361,164.28,1,1867.5143861460956,3970
2366,17319.0,305,29.099999999999998,1,1867.5143861460956,3970
2367,17320.0,323,323.66,1,1867.5143861460956,3970
2368,17321.0,191,496.31,2,1867.5143861460956,3970
2369,17322.0,372,114.55,1,1867.5143861460956,3970
2370,17323.0,218,399.22,3,1867.5143861460956,3970
2371,17324.0,219,509.34,5,1867.5143861460956,3970
2372,17325.0,277,101.89999999999999,1,1867.5143861460956,3970
2373,17327.0,198,4.25,1,1867.5143861460956,3970
2374,17328.0,309,104.7,1,1867.5143861460956,3970
2375,17329.0,367,481.32,3,1867.5143861460956,3970
2376,17330.0,180,59.900000000000006,2,1867.5143861460956,3970
2377,17332.0,215,671.67,4,1867.5143861460956,3970
2378,17335.0,320,154.77,1,1867.5143861460956,3970
2379,17338.0,200,552.27,2,1867.5143861460956,3970
2380,17340.0,207,3134.2400000000002,3,1867.5143861460956,3970
2381,17342.0,297,626.14,2,1867.5143861460956,3970
2382,17343.0,201,764.0500000000001,3,1867.5143861460956,3970
2383,17344.0,364,307.54,1,1867.5143861460956,3970
2384,17345.0,219,544.28,3,1867.5143861460956,3970
2385,17346.0,184,1243.92,4,1867.5143861460956,3970
2386,17348.0,227,716.97,2,1867.5143861460956,3970
2387,17349.0,267,136.10000000000002,1,1867.5143861460956,3970
2388,17350.0,183,456.511,2,1867.5143861460956,3970
2389,17351.0,180,842.28,6,1867.5143861460956,3970
2390,17352.0,332,36.25,1,1867.5143861460956,3970
2391,17353.0,260,342.0,1,1867.5143861460956,3970
2392,17356.0,190,768.25,4,1867.5143861460956,3970
2393,17358.0,289,117.22,1,1867.5143861460956,3970
2394,17359.0,284,156.6,1,1867.5143861460956,3970
2395,17361.0,312,392.44,2,1867.5143861460956,3970
2396,17362.0,246,522.87,4,1867.5143861460956,3970
2397,17364.0,196,3638.16,8,1867.5143861460956,3970
2398,17365.0,214,940.95,3,1867.5143861460956,3970
2399,17368.0,360,205.32,1,1867.5143861460956,3970
2400,17371.0,259,238.66,3,1867.5143861460956,3970
2401,17372.0,204,1815.26,13,1867.5143861460956,3970
2402,17373.0,285,163.7,1,1867.5143861460956,3970
2403,17377.0,180,6522.4800000000005,34,1867.5143861460956,3970
2404,17381.0,184,8141.14,1,1867.5143861460956,3970
2405,17382.0,205,221.4,2,1867.5143861460956,3970
2406,17388.0,183,613.37,4,1867.5143861460956,3970
2407,17389.0,196,3350.64,6,1867.5143861460956,3970
2408,17400.0,217,2547.09,3,1867.5143861460956,3970
2409,17402.0,186,484.19,4,1867.5143861460956,3970
2410,17404.0,238,6776.11,4,3323.211875,16
2411,17406.0,199,1408.97,8,1867.5143861460956,3970
2412,17409.0,200,3260.02,5,1867.5143861460956,3970
2413,17411.0,372,344.40000000000003,1,1867.5143861460956,3970
2414,17412.0,186,1847.31,6,1867.5143861460956,3970
2415,17413.0,205,219.84,1,1867.5143861460956,3970
2416,17414.0,210,778.72,2,1867.5143861460956,3970
2417,17416.0,186,5589.9800000000005,6,1867.5143861460956,3970
2418,17417.0,184,164.18,1,1867.5143861460956,3970
2419,17419.0,256,380.17,2,1867.5143861460956,3970
2420,17421.0,371,130.8,1,1867.5143861460956,3970
2421,17426.0,246,1221.05,3,1867.5143861460956,3970
2422,17428.0,213,7305.860000000001,6,1867.5143861460956,3970
2423,17432.0,211,474.45,3,1867.5143861460956,3970
2424,17436.0,229,216.0,2,1867.5143861460956,3970
2425,17438.0,189,524.58,2,1867.5143861460956,3970
2426,17439.0,291,325.74,1,1867.5143861460956,3970
2427,17440.0,185,137.16,1,1867.5143861460956,3970
2428,17441.0,368,293.35,1,1867.5143861460956,3970
2429,17442.0,207,1160.15,3,1867.5143861460956,3970
2430,17448.0,199,12387.35,40,1867.5143861460956,3970
2431,17449.0,185,1318.1200000000001,4,1867.5143861460956,3970
2432,17454.0,213,526.7,3,1867.5143861460956,3970
2433,17457.0,182,2549.6,5,1867.5143861460956,3970
2434,17460.0,190,1008.07,6,1867.5143861460956,3970
2435,17463.0,196,661.5,2,1867.5143861460956,3970
2436,17464.0,255,326.29,1,1867.5143861460956,3970
2437,17465.0,204,1905.0,5,1867.5143861460956,3970
2438,17469.0,218,1901.48,6,1867.5143861460956,3970
2439,17472.0,264,224.81,1,1867.5143861460956,3970
2440,17474.0,235,1047.0,1,1867.5143861460956,3970
2441,17476.0,373,260.36,1,1867.5143861460956,3970
2442,17477.0,248,1144.3,2,1867.5143861460956,3970
2443,17478.0,269,706.2,1,1867.5143861460956,3970
2444,17479.0,268,389.26000000000005,1,1867.5143861460956,3970
2445,17482.0,214,252.84,1,1867.5143861460956,3970
2446,17484.0,212,209.57,2,1867.5143861460956,3970
2447,17487.0,364,160.55,1,1867.5143861460956,3970
2448,17488.0,277,336.5,1,1867.5143861460956,3970
2449,17490.0,205,353.14,1,1867.5143861460956,3970
2450,17491.0,183,714.8000000000001,2,1867.5143861460956,3970
2451,17496.0,199,1141.84,3,1867.5143861460956,3970
2452,17497.0,246,204.6,1,1867.5143861460956,3970
2453,17499.0,197,718.51,1,1867.5143861460956,3970
2454,17504.0,212,1963.69,4,1867.5143861460956,3970
2455,17505.0,186,1289.64,3,1867.5143861460956,3970
2456,17508.0,212,2406.51,4,3583.9175,4
2457,17511.0,184,42099.84,13,1867.5143861460956,3970
2458,17512.0,186,1539.79,5,1867.5143861460956,3970
2459,17514.0,305,334.18,1,1867.5143861460956,3970
2460,17515.0,186,163.42,1,1867.5143861460956,3970
2461,17518.0,257,153.55,1,1867.5143861460956,3970
2462,17519.0,222,1963.48,6,1867.5143861460956,3970
2463,17526.0,184,1674.25,5,1867.5143861460956,3970
2464,17529.0,246,1240.25,2,1867.5143861460956,3970
2465,17530.0,218,455.87,2,1867.5143861460956,3970
2466,17531.0,254,560.14,1,1867.5143861460956,3970
2467,17534.0,180,1151.53,3,1867.5143861460956,3970
2468,17536.0,318,34.78,1,1867.5143861460956,3970
2469,17539.0,253,1226.57,4,1867.5143861460956,3970
2470,17540.0,213,376.5,2,1867.5143861460956,3970
2471,17542.0,277,170.95,2,1867.5143861460956,3970
2472,17543.0,185,120.05,1,1867.5143861460956,3970
2473,17545.0,213,339.8,1,1867.5143861460956,3970
2474,17547.0,301,404.55,1,1867.5143861460956,3970
2475,17550.0,214,1468.25,4,1867.5143861460956,3970
2476,17552.0,184,1250.71,5,1867.5143861460956,3970
2477,17553.0,246,816.0,1,1867.5143861460956,3970
2478,17555.0,222,156.65,1,1867.5143861460956,3970
2479,17557.0,368,34.0,1,1867.5143861460956,3970
2480,17560.0,205,383.59999999999997,2,1867.5143861460956,3970
2481,17561.0,369,192.26999999999998,1,1867.5143861460956,3970
2482,17563.0,214,392.38,2,1867.5143861460956,3970
2483,17565.0,222,131.83,1,1867.5143861460956,3970
2484,17568.0,269,382.79,1,1867.5143861460956,3970
2485,17572.0,228,101.46000000000001,2,1867.5143861460956,3970
2486,17575.0,303,171.7,1,1867.5143861460956,3970
2487,17576.0,211,2460.52,11,1867.5143861460956,3970
2488,17577.0,281,348.75,2,1867.5143861460956,3970
2489,17579.0,214,304.38,1,1867.5143861460956,3970
2490,17581.0,183,4323.02,15,1867.5143861460956,3970
2491,17582.0,208,453.84,2,1867.5143861460956,3970
2492,17583.0,196,135.95,1,1867.5143861460956,3970
2493,17584.0,235,984.25,2,1867.5143861460956,3970
2494,17586.0,255,167.4,1,1867.5143861460956,3970
2495,17587.0,264,181.66,1,1867.5143861460956,3970
2496,17588.0,186,1004.93,2,1867.5143861460956,3970
2497,17589.0,187,3875.2,5,1867.5143861460956,3970
2498,17591.0,327,144.1,1,1867.5143861460956,3970
2499,17592.0,374,148.3,1,1867.5143861460956,3970
2500,17593.0,284,2557.15,4,1867.5143861460956,3970
2501,17594.0,240,611.7,1,1867.5143861460956,3970
2502,17596.0,201,999.61,4,1867.5143861460956,3970
2503,17597.0,185,491.92,2,1867.5143861460956,3970
2504,17602.0,186,1106.56,5,1867.5143861460956,3970
2505,17603.0,253,1398.76,3,1867.5143861460956,3970
2506,17604.0,317,157.08,1,1867.5143861460956,3970
2507,17605.0,226,160.75,1,1867.5143861460956,3970
2508,17606.0,373,87.30000000000001,1,1867.5143861460956,3970
2509,17608.0,243,164.92,1,1867.5143861460956,3970
2510,17609.0,217,503.54,3,1867.5143861460956,3970
2511,17610.0,291,1417.69,4,1867.5143861460956,3970
2512,17611.0,186,2755.07,8,1867.5143861460956,3970
2513,17612.0,214,1127.5,4,1867.5143861460956,3970
2514,17617.0,194,395.33,1,1867.5143861460956,3970
2515,17618.0,194,703.67,2,1867.5143861460956,3970
2516,17622.0,233,1130.21,2,1867.5143861460956,3970
2517,17623.0,205,458.6,2,1867.5143861460956,3970
2518,17624.0,355,316.83,1,1867.5143861460956,3970
2519,17625.0,313,1648.94,2,1867.5143861460956,3970
2520,17626.0,238,254.0,1,1867.5143861460956,3970
2521,17631.0,304,335.76,3,1867.5143861460956,3970
2522,17635.0,226,538.8,1,1867.5143861460956,3970
2523,17638.0,283,842.4000000000001,2,1867.5143861460956,3970
2524,17640.0,261,853.02,2,1867.5143861460956,3970
2525,17642.0,256,648.71,2,1867.5143861460956,3970
2526,17644.0,220,1608.06,5,1867.5143861460956,3970
2527,17646.0,203,1449.54,5,1867.5143861460956,3970
2528,17647.0,305,198.6,2,1867.5143861460956,3970
2529,17660.0,373,163.47,1,1867.5143861460956,3970
2530,17662.0,297,412.92,2,1867.5143861460956,3970
2531,17663.0,183,1889.24,4,1867.5143861460956,3970
2532,17664.0,256,308.85,1,1867.5143861460956,3970
2533,17667.0,290,454.7,1,1867.5143861460956,3970
2534,17669.0,253,1505.89,1,1867.5143861460956,3970
2535,17672.0,277,1449.16,2,1867.5143861460956,3970
2536,17673.0,186,1350.78,4,1867.5143861460956,3970
2537,17675.0,190,7341.72,20,1867.5143861460956,3970
2538,17676.0,255,369.3,1,1867.5143861460956,3970
2539,17677.0,180,10390.94,14,1867.5143861460956,3970
2540,17678.0,239,301.65,1,1867.5143861460956,3970
2541,17679.0,269,1159.5,4,1867.5143861460956,3970
2542,17681.0,233,731.2,5,1867.5143861460956,3970
2543,17682.0,187,1042.7,3,1867.5143861460956,3970
2544,17683.0,190,506.19,1,1867.5143861460956,3970
2545,17685.0,198,995.56,2,1867.5143861460956,3970
2546,17690.0,268,765.37,2,1867.5143861460956,3970
2547,17691.0,182,172.65,1,1867.5143861460956,3970
2548,17694.0,198,610.87,1,1867.5143861460956,3970
2549,17695.0,316,303.9,1,1867.5143861460956,3970
2550,17696.0,189,2154.1,6,1867.5143861460956,3970
2551,17699.0,197,182.7,1,1867.5143861460956,3970
2552,17700.0,214,2404.26,5,1867.5143861460956,3970
2553,17705.0,212,88.7,1,1867.5143861460956,3970
2554,17706.0,185,2768.71,3,1867.5143861460956,3970
2555,17707.0,247,192.89999999999998,3,1867.5143861460956,3970
2556,17709.0,227,387.72,2,1867.5143861460956,3970
2557,17713.0,184,302.93,1,1867.5143861460956,3970
2558,17715.0,228,163.2,1,1867.5143861460956,3970
2559,17716.0,183,6149.2,6,1867.5143861460956,3970
2560,17718.0,280,299.83,1,1867.5143861460956,3970
2561,17720.0,214,132.62,1,1867.5143861460956,3970
2562,17721.0,295,307.21000000000004,1,1867.5143861460956,3970
2563,17726.0,288,235.27,2,1867.5143861460956,3970
2564,17729.0,232,438.65000000000003,1,1867.5143861460956,3970
2565,17730.0,190,704.14,2,1867.5143861460956,3970
2566,17731.0,257,468.88,2,1867.5143861460956,3970
2567,17734.0,243,433.6,2,1867.5143861460956,3970
2568,17738.0,182,1547.8700000000001,7,1867.5143861460956,3970
2569,17739.0,218,2637.4300000000003,6,1867.5143861460956,3970
2570,17740.0,204,313.5,4,1867.5143861460956,3970
2571,17741.0,196,41.400000000000006,1,1867.5143861460956,3970
2572,17742.0,191,1144.58,5,1867.5143861460956,3970
2573,17745.0,191,489.23,1,1867.5143861460956,3970
2574,17746.0,246,404.58000000000004,1,1867.5143861460956,3970
2575,17749.0,182,351.66,1,1867.5143861460956,3970
2576,17753.0,338,30.45,1,1867.5143861460956,3970
2577,17754.0,232,1945.28,5,1867.5143861460956,3970
2578,17757.0,206,727.32,6,1867.5143861460956,3970
2579,17758.0,204,434.96,1,1867.5143861460956,3970
2580,17759.0,219,132.15,1,1867.5143861460956,3970
2581,17760.0,263,237.89,3,1867.5143861460956,3970
2582,17763.0,289,71.15,3,1867.5143861460956,3970
2583,17764.0,372,194.65,1,1867.5143861460956,3970
2584,17768.0,316,595.27,3,1867.5143861460956,3970
2585,17769.0,201,1482.66,4,1867.5143861460956,3970
2586,17771.0,225,16.0,1,1867.5143861460956,3970
2587,17773.0,326,376.25,1,1867.5143861460956,3970
2588,17774.0,269,823.28,2,1867.5143861460956,3970
2589,17776.0,359,215.75,1,1867.5143861460956,3970
2590,17778.0,297,197.70000000000002,1,1867.5143861460956,3970
2591,17780.0,303,352.91,3,1867.5143861460956,3970
2592,17784.0,186,112.86,1,1867.5143861460956,3970
2593,17785.0,201,115.25,1,1867.5143861460956,3970
2594,17789.0,297,171.25,1,1867.5143861460956,3970
2595,17790.0,180,208.69,1,1867.5143861460956,3970
2596,17794.0,322,147.3,2,1867.5143861460956,3970
2597,17797.0,204,936.51,4,1867.5143861460956,3970
2598,17798.0,217,183.09,1,1867.5143861460956,3970
2599,17799.0,239,1830.62,5,1867.5143861460956,3970
2600,17801.0,185,534.46,2,1867.5143861460956,3970
2601,17802.0,235,1007.1999999999999,3,1867.5143861460956,3970
2602,17804.0,374,124.95,1,1867.5143861460956,3970
2603,17805.0,246,414.72,1,1867.5143861460956,3970
2604,17807.0,215,301.62,2,1867.5143861460956,3970
2605,17808.0,184,262.64,4,1867.5143861460956,3970
2606,17809.0,270,2132.93,4,1867.5143861460956,3970
2607,17810.0,304,374.81,2,1867.5143861460956,3970
2608,17816.0,294,59.55,2,1867.5143861460956,3970
2609,17818.0,373,130.18,1,1867.5143861460956,3970
2610,17819.0,219,2085.1,4,1867.5143861460956,3970
2611,17822.0,196,1100.49,2,1867.5143861460956,3970
2612,17825.0,234,731.96,4,1867.5143861460956,3970
2613,17827.0,257,392.59,1,1867.5143861460956,3970
2614,17829.0,291,1310.3000000000002,1,1825.1025,4
2615,17833.0,359,342.36,1,1867.5143861460956,3970
2616,17838.0,211,1668.38,5,1867.5143861460956,3970
2617,17841.0,180,16714.3,50,1867.5143861460956,3970
2618,17842.0,238,430.69,1,1867.5143861460956,3970
2619,17845.0,191,598.19,4,1867.5143861460956,3970
2620,17847.0,281,40.65,1,1867.5143861460956,3970
2621,17848.0,192,2064.1,13,1867.5143861460956,3970
2622,17849.0,185,313.43,3,1867.5143861460956,3970
2623,17850.0,234,26470.4,61,1867.5143861460956,3970
2624,17851.0,329,1344.6,4,1867.5143861460956,3970
2625,17852.0,360,380.36,2,1867.5143861460956,3970
2626,17853.0,372,584.35,1,1867.5143861460956,3970
2627,17854.0,367,135.94,1,1867.5143861460956,3970
2628,17857.0,277,468.0,1,1867.5143861460956,3970
2629,17858.0,183,3850.9700000000003,8,1867.5143861460956,3970
2630,17860.0,364,256.69,2,1867.5143861460956,3970
2631,17861.0,234,1802.18,5,1867.5143861460956,3970
2632,17862.0,199,150.83,1,1867.5143861460956,3970
2633,17863.0,201,757.98,2,1867.5143861460956,3970
2634,17865.0,184,8394.07,13,1867.5143861460956,3970
2635,17866.0,361,149.5,1,1867.5143861460956,3970
2636,17867.0,182,199.63,5,1867.5143861460956,3970
2637,17869.0,183,155.19,1,1867.5143861460956,3970
2638,17871.0,214,528.58,2,1867.5143861460956,3970
2639,17873.0,197,1998.7,6,1867.5143861460956,3970
2640,17875.0,324,167.1,1,1867.5143861460956,3970
2641,17876.0,238,1619.02,2,1867.5143861460956,3970
2642,17880.0,275,366.0,2,1867.5143861460956,3970
2643,17883.0,287,168.48,1,1867.5143861460956,3970
2644,17884.0,233,1115.71,8,1867.5143861460956,3970
2645,17886.0,225,144.2,1,1867.5143861460956,3970
2646,17888.0,184,859.49,10,1867.5143861460956,3970
2647,17889.0,254,16.44,1,1867.5143861460956,3970
2648,17897.0,186,844.48,4,1867.5143861460956,3970
2649,17898.0,203,114.88,1,1867.5143861460956,3970
2650,17902.0,182,216.4,1,1867.5143861460956,3970
2651,17905.0,208,1115.42,7,1867.5143861460956,3970
2652,17907.0,276,291.76,1,1867.5143861460956,3970
2653,17908.0,234,525.62,2,1867.5143861460956,3970
2654,17909.0,373,132.55,1,1867.5143861460956,3970
2655,17910.0,362,261.7,1,1867.5143861460956,3970
2656,17913.0,215,1553.02,6,1867.5143861460956,3970
2657,17915.0,187,242.13,1,1867.5143861460956,3970
2658,17916.0,264,43.87,2,1867.5143861460956,3970
2659,17920.0,180,17982.52,29,1867.5143861460956,3970
2660,17923.0,180,187.5,1,1867.5143861460956,3970
2661,17926.0,215,178.3,1,1867.5143861460956,3970
2662,17927.0,357,294.0,1,1867.5143861460956,3970
2663,17928.0,207,128.7,1,1867.5143861460956,3970
2664,17929.0,285,588.5999999999999,2,1867.5143861460956,3970
2665,17930.0,205,905.36,3,1867.5143861460956,3970
2666,17931.0,238,1183.94,6,1867.5143861460956,3970
2667,17933.0,268,114.69,1,1867.5143861460956,3970
2668,17935.0,261,225.25,2,1867.5143861460956,3970
2669,17940.0,206,22579.35,5,1867.5143861460956,3970
2670,17941.0,226,1128.72,3,1867.5143861460956,3970
2671,17945.0,332,360.35,3,1867.5143861460956,3970
2672,17949.0,182,34727.76,49,1867.5143861460956,3970
2673,17950.0,205,307.23,2,1867.5143861460956,3970
2674,17954.0,187,1183.09,6,1867.5143861460956,3970
2675,17955.0,291,392.6,2,1867.5143861460956,3970
2676,17958.0,364,465.41999999999996,1,1867.5143861460956,3970
2677,17959.0,228,140.75,1,1867.5143861460956,3970
2678,17960.0,277,10.9,1,1867.5143861460956,3970
2679,17961.0,182,1204.51,41,1867.5143861460956,3970
2680,17962.0,185,584.59,3,1867.5143861460956,3970
2681,17963.0,182,317.64,2,1867.5143861460956,3970
2682,17965.0,196,2739.05,7,1867.5143861460956,3970
2683,17966.0,227,875.99,5,1867.5143861460956,3970
2684,17969.0,180,1868.79,16,1867.5143861460956,3970
2685,17971.0,184,161.94,1,1867.5143861460956,3970
2686,17978.0,333,288.9,2,1867.5143861460956,3970
2687,17982.0,316,138.18,1,1867.5143861460956,3970
2688,17984.0,374,229.46,1,1867.5143861460956,3970
2689,17987.0,186,197.32,1,1867.5143861460956,3970
2690,17988.0,359,190.32,3,1867.5143861460956,3970
2691,17990.0,368,332.70000000000005,1,1867.5143861460956,3970
2692,17991.0,227,227.2,1,1867.5143861460956,3970
2693,17993.0,253,235.19,1,1867.5143861460956,3970
2694,17994.0,186,980.9,3,1867.5143861460956,3970
2695,17996.0,182,262.9,2,1867.5143861460956,3970
2696,17998.0,373,319.19,2,1867.5143861460956,3970
2697,18000.0,200,124.25,1,1867.5143861460956,3970
2698,18001.0,182,293.6,2,1867.5143861460956,3970
2699,18002.0,255,67.72,2,1867.5143861460956,3970
2700,18006.0,253,356.48,2,1867.5143861460956,3970
2701,18008.0,184,13769.869999999999,9,1867.5143861460956,3970
2702,18009.0,218,1770.36,6,1867.5143861460956,3970
2703,18011.0,203,321.45,1,1867.5143861460956,3970
2704,18012.0,359,115.3,1,1867.5143861460956,3970
2705,18016.0,317,201.20000000000002,1,1867.5143861460956,3970
2706,18022.0,182,198.81,1,1867.5143861460956,3970
2707,18025.0,199,492.84000000000003,2,1867.5143861460956,3970
2708,18028.0,219,192.05,1,1867.5143861460956,3970
2709,18029.0,278,433.77,1,1867.5143861460956,3970
2710,18036.0,326,252.1,2,1867.5143861460956,3970
2711,18037.0,186,78.1,8,1867.5143861460956,3970
2712,18038.0,192,149.41,1,1867.5143861460956,3970
2713,18039.0,208,252.11,2,1867.5143861460956,3970
2714,18041.0,219,2373.37,7,1867.5143861460956,3970
2715,18044.0,196,53.86,1,1867.5143861460956,3970
2716,18046.0,285,189.63,1,1867.5143861460956,3970
2717,18049.0,226,272.55,1,1867.5143861460956,3970
2718,18051.0,270,2282.28,7,1867.5143861460956,3970
2719,18052.0,200,10877.18,1,1867.5143861460956,3970
2720,18056.0,254,190.95,1,1867.5143861460956,3970
2721,18057.0,240,1002.81,2,1867.5143861460956,3970
2722,18058.0,303,301.2,1,1867.5143861460956,3970
2723,18060.0,200,464.4,1,1867.5143861460956,3970
2724,18061.0,197,2739.07,11,1867.5143861460956,3970
2725,18062.0,233,422.75,1,1867.5143861460956,3970
2726,18063.0,269,102.0,1,1867.5143861460956,3970
2727,18064.0,199,2495.67,6,1867.5143861460956,3970
2728,18065.0,229,1618.8,6,1867.5143861460956,3970
2729,18069.0,194,1332.96,4,1867.5143861460956,3970
2730,18070.0,305,314.1,1,1867.5143861460956,3970
2731,18071.0,357,407.55,2,1867.5143861460956,3970
2732,18077.0,266,903.57,5,1867.5143861460956,3970
2733,18078.0,264,372.74,1,1867.5143861460956,3970
2734,18085.0,264,258.75,1,1867.5143861460956,3970
2735,18087.0,240,2227.02,8,1867.5143861460956,3970
2736,18091.0,229,360.85,1,1867.5143861460956,3970
2737,18092.0,211,4481.6,5,1867.5143861460956,3970
2738,18093.0,232,674.63,2,1867.5143861460956,3970
2739,18094.0,197,2172.9,5,1867.5143861460956,3970
2740,18095.0,214,1427.3600000000001,2,1867.5143861460956,3970
2741,18097.0,358,171.26,1,1867.5143861460956,3970
2742,18100.0,186,451.56,1,1867.5143861460956,3970
2743,18101.0,310,112.5,1,1867.5143861460956,3970
2744,18102.0,185,165462.17,48,1867.5143861460956,3970
2745,18103.0,185,105.8,1,1867.5143861460956,3970
2746,18106.0,285,609.03,3,1867.5143861460956,3970
2747,18108.0,232,577.8100000000001,2,1867.5143861460956,3970
2748,18111.0,225,405.85,1,1867.5143861460956,3970
2749,18112.0,187,152.0,1,1867.5143861460956,3970
2750,18115.0,333,9.700000000000001,1,1867.5143861460956,3970
2751,18131.0,267,222.95999999999998,1,1867.5143861460956,3970
2752,18134.0,234,445.0,2,1867.5143861460956,3970
2753,18135.0,226,288.15,2,1867.5143861460956,3970
2754,18137.0,187,145.99,2,1867.5143861460956,3970
2755,18141.0,225,458.27,1,1867.5143861460956,3970
2756,18144.0,182,967.8000000000001,3,1867.5143861460956,3970
2757,18145.0,185,1548.96,4,1867.5143861460956,3970
2758,18148.0,282,114.10000000000001,1,1867.5143861460956,3970
2759,18149.0,187,591.69,2,1867.5143861460956,3970
2760,18151.0,194,1069.99,3,1867.5143861460956,3970
2761,18152.0,282,426.69,1,1867.5143861460956,3970
2762,18153.0,295,246.22,1,1867.5143861460956,3970
2763,18157.0,207,215.35,1,1867.5143861460956,3970
2764,18162.0,368,379.15999999999997,1,1867.5143861460956,3970
2765,18163.0,220,728.84,1,1867.5143861460956,3970
2766,18166.0,259,175.5,1,1867.5143861460956,3970
2767,18168.0,183,1491.2,6,1867.5143861460956,3970
2768,18170.0,277,874.0500000000001,3,1867.5143861460956,3970
2769,18171.0,267,607.75,2,1867.5143861460956,3970
2770,18172.0,182,4250.04,11,1867.5143861460956,3970
2771,18173.0,248,589.52,1,1867.5143861460956,3970
2772,18174.0,239,58.5,1,1867.5143861460956,3970
2773,18175.0,311,176.10000000000002,1,1867.5143861460956,3970
2774,18177.0,196,875.45,3,1867.5143861460956,3970
2775,18178.0,229,1778.74,3,1867.5143861460956,3970
2776,18179.0,299,304.38,1,1867.5143861460956,3970
2777,18181.0,197,493.12,3,1867.5143861460956,3970
2778,18186.0,358,329.58000000000004,1,1867.5143861460956,3970
2779,18187.0,267,724.89,1,1867.5143861460956,3970
2780,18188.0,232,337.55,2,1867.5143861460956,3970
2781,18189.0,261,313.49,1,1867.5143861460956,3970
2782,18190.0,239,461.16,3,1867.5143861460956,3970
2783,18194.0,205,1564.3200000000002,3,1867.5143861460956,3970
2784,18196.0,268,292.93,1,1867.5143861460956,3970
2785,18197.0,211,230.1,1,1867.5143861460956,3970
2786,18199.0,319,344.75,1,1867.5143861460956,3970
2787,18201.0,358,447.53000000000003,1,1867.5143861460956,3970
2788,18203.0,186,231.43,2,1867.5143861460956,3970
2789,18206.0,189,314.65999999999997,1,1867.5143861460956,3970
2790,18208.0,201,360.08,1,1867.5143861460956,3970
2791,18212.0,313,298.3,1,1867.5143861460956,3970
2792,18214.0,185,873.28,2,1867.5143861460956,3970
2793,18215.0,259,798.55,1,1867.5143861460956,3970
2794,18218.0,232,479.91999999999996,2,1867.5143861460956,3970
2795,18219.0,183,641.04,4,1867.5143861460956,3970
2796,18220.0,218,561.28,2,1867.5143861460956,3970
2797,18223.0,192,4493.7300000000005,7,1867.5143861460956,3970
2798,18225.0,211,2054.86,4,1867.5143861460956,3970
2799,18226.0,192,916.64,2,1867.5143861460956,3970
2800,18229.0,206,980.4000000000001,4,1867.5143861460956,3970
2801,18231.0,184,3393.9900000000002,17,1867.5143861460956,3970
2802,18234.0,187,179.6,1,1867.5143861460956,3970
2803,18236.0,239,236.64000000000001,1,1867.5143861460956,3970
2804,18241.0,253,216.3,1,1867.5143861460956,3970
2805,18242.0,197,1060.3,3,1867.5143861460956,3970
2806,18245.0,210,1693.91,5,1867.5143861460956,3970
2807,18246.0,245,162.72,1,1867.5143861460956,3970
2808,18247.0,185,440.03,2,1867.5143861460956,3970
2809,18251.0,246,10724.67,4,1867.5143861460956,3970
2810,18252.0,184,1015.42,5,1867.5143861460956,3970
2811,18253.0,278,317.88,1,1867.5143861460956,3970
2812,18254.0,217,267.9,1,1867.5143861460956,3970
2813,18257.0,197,1364.75,2,1867.5143861460956,3970
2814,18258.0,182,1129.61,3,1867.5143861460956,3970
2815,18259.0,316,662.7,2,1867.5143861460956,3970
2816,18260.0,222,911.88,3,1867.5143861460956,3970
2817,18262.0,238,202.06,1,1867.5143861460956,3970
2818,18267.0,308,269.37,1,1867.5143861460956,3970
2819,18268.0,227,1464.73,5,1867.5143861460956,3970
2820,18271.0,245,680.85,2,1867.5143861460956,3970
2821,18272.0,184,1307.4,3,1867.5143861460956,3970
2822,18273.0,226,153.0,1,1867.5143861460956,3970
2823,18275.0,214,741.85,2,1867.5143861460956,3970
2824,18276.0,234,518.97,2,1867.5143861460956,3970
2825,18281.0,213,120.32,1,1867.5143861460956,3970
2826,18283.0,257,354.42,3,1867.5143861460956,3970
2827,18285.0,296,427.0,1,1867.5143861460956,3970
2828,18286.0,359,462.95,1,1867.5143861460956,3970
2829,18287.0,207,1071.6100000000001,1,1867.5143861460956,3970
